A,R,N,D,C,Q,E,G,H,I,L,K,M,F,P,S,T,W,Y,V,class
-1.4398189628058733,-1.3359024026922226,-1.3614140905512961,-1.332827884876739,-3.0477275589444055,-1.6803194849005574,-1.112636201245174,-1.4154072145866077,-1.5366251129660808,-1.5546805434294275,-0.785873686385384,-1.0789064426998838,-1.8675159218474309,-0.8322718906878647,-1.6252803682667596,-1.3437788135475923,-1.7564880849695086,-1.2749666514657378,-1.3374892312425195,-1.3996970742421089,0
-1.458377647078132,-1.278618288653794,-1.5204995078446732,-1.3452814716284955,-1.713671674674624,-1.1531577034496467,-0.9899206703800718,-1.3096164840357494,-1.6900636634393527,-1.4802039395441469,-0.8240786394326455,-1.3092937271043594,-1.4508033010036656,-1.3638547339163234,-1.61410295804637,-1.3005165445023212,-1.3793451678376143,-1.208642798738104,-1.3272241494473618,-1.397955131199527,0
-1.6446830047864676,-1.3850627413229213,-1.307335215383669,-1.2557411435105204,-1.3793278187385647,-1.4104963122503504,-1.3737078740655386,-1.2429624126069745,-1.4583919708127369,-1.4856977974122887,-0.8554966401263965,-1.4586463013916386,-1.7858188880286787,-1.2374047862623025,-1.2390106616850083,-1.3570528399929769,-1.340896720522623,-1.354883786851052,-1.034501687028769,-1.288014303833417,0
-1.2966708634146904,-1.2958101006180773,-1.8669664043262197,-1.1394511013463113,-1.325171496026386,-1.983822770109863,-1.1995096293721952,-1.321663449611029,-1.2986173294332843,-1.4965227983921063,-0.9186890254469917,-1.52822644814679,-1.3009822790657695,-1.165825452495265,-1.2283605963195223,-1.6202168136204778,-1.5829884509742866,-1.2723632016834026,-1.166213219221777,-1.2021395237244836,0
-1.4169936817029243,-1.424995925439082,-1.2266908850000566,-1.3192930608627358,-1.5001865589918777,-1.378742656845052,-1.1922602556035617,-1.7332156601975666,-1.7377441006312757,-1.2643337357811117,-0.8044918325831651,-1.423966286898289,-1.6564803898693188,-0.9791561283008817,-1.7117394640510997,-1.308446125125564,-1.4144453547556208,-1.500838868979862,-1.2500546223624274,-1.1447773081166621,0
-1.7945966982178305,-1.3539759113946177,-1.5234817589442833,-1.372428556908695,-1.199213732427596,-1.3526712308596633,-1.2814416486198603,-1.1674323224843448,-1.6370641261891858,-1.5085169163719614,-1.1147057727459517,-1.779582989333542,-1.1600529131167956,-0.9837451812842064,-1.445471070773424,-1.5135646236158578,-1.3945696416486653,-1.2735235305595478,-1.1691926064577736,-1.0404213103598126,0
-1.492559769150775,-1.4435915423796113,-1.1993774059846258,-1.1895509064807144,-1.3504703305205712,-1.3229582657177874,-1.3744866321161036,-1.1744726128319956,-1.7533064071433249,-1.5173936924616,-0.9555718905041521,-1.5151060942727717,-1.8884866789471613,-1.1127082810064637,-1.319361109475089,-1.3651757767346657,-1.2950500827663152,-1.1799597381049596,-1.186110573212473,-1.298299484808372,0
-1.5943311168371945,-1.162733296536636,-1.4163128854777376,-1.2821718428441937,-3.918055802069506,-1.225108346185996,-1.1339165929366433,-1.5606005447128515,-1.792885857014192,-1.2807666158890387,-0.9077388740070199,-1.2800617704678534,-1.3102765516512411,-0.9878008338238392,-1.6435799304834389,-1.2942224889940346,-1.4344535711226325,-1.1642644098415784,-1.5104631595037954,-1.31426432591954,0
-1.5092163278725232,-1.2000141667471027,-1.6629235071179371,-1.2023807074029134,-1.6686620506760148,-1.5119086122947185,-1.1494142282804123,-1.1014395163460247,-1.4040859833207238,-1.6020366130088342,-0.9890971761382297,-1.522473703954492,-3.1710679341927714,-0.9074871852807781,-1.2409459882865732,-1.5088206148768808,-1.2342218450866842,-1.3807236614392908,-1.2748974540618911,-1.2492673442221893,0
-1.6888016135824995,-1.2775876564122266,-1.1527961140702747,-1.3071451122117659,-1.320246813838773,-1.225017541232554,-1.2135575241936423,-1.2497053458870124,-1.6522436493573303,-1.346620343589498,-1.1744894490460238,-1.4861297849552486,-1.2959205708468324,-1.1198529807244317,-1.3956350731252898,-1.476857052197494,-1.2253955238634182,-1.4039152151748355,-1.1466637490731102,-1.345969840917579,0
-1.5656839360509824,-1.2628468145789413,-1.548415324628129,-1.326589393425826,-1.1384417330615553,-1.467257218343678,-1.2888307099034877,-1.225348223688851,-1.7407833739865355,-1.4629280649953906,-1.001384682535698,-1.5618021122323595,-1.4129351619060309,-1.1052524851244945,-1.233672280204291,-1.5461615081225313,-1.3088215480613532,-1.2467851297179038,-1.1221701099572214,-1.220798143507195,0
-1.6042127983517525,-1.2166131440020673,-1.6685708065081055,-1.0941599103040298,-3.08194582742849,-1.7271682329969735,-1.346357637441153,-1.1171435648236252,-1.1613106343597956,-1.539428770753006,-1.0195678198103941,-1.5304857560245677,-1.2337221563102159,-1.1117506211734327,-1.4438708543107055,-1.7594627727959384,-1.2165700996428364,-1.3467708961960048,-1.024979824948969,-1.2268551883589407,0
-1.5400862518869132,-1.27446259015743,-1.3861215678648688,-1.201438142111146,-1.001218585722863,-1.6172496139404506,-1.334831233158763,-1.3733471925006475,-1.7696436521809276,-1.4566634496484527,-0.9566977228588782,-1.489273857482566,-1.6310537571489319,-1.051869499414864,-1.2779343126903109,-1.328383424890528,-1.424241531041064,-1.38073884821664,-1.248041566369111,-1.2278441030243963,0
-1.315807532187177,-1.2995697031483366,-1.5336619609628337,-1.480655352555523,-1.7598396097636553,-1.0070263372754902,-0.9210932637789757,-1.3079413802661808,-1.9814590484401706,-1.7147375230200614,-0.6994502061727411,-1.4113552483075036,-1.8151392359314529,-1.5515313962846893,-1.2563894183943125,-1.3077695344803328,-1.2722891628735347,-1.7467168060484743,-1.5470728980523707,-1.4175889523432328,0
-1.3153277638413587,-1.3037156961683645,-1.5940886323399857,-1.3509336466050739,-3.304208392693409,-1.3282807616156769,-1.0188853163357292,-1.6007820077804775,-1.9401779051842063,-1.4500979398443339,-0.7114672099684258,-1.339428135746423,-1.7483161316679776,-1.4978021123593324,-1.3425808240512296,-1.1211944169193544,-1.4632952194217972,-1.0587278016987196,-1.447778049632704,-1.3149494266699504,0
-1.56445611252344,-1.2218551782545453,-1.6770174161361708,-1.342979645092667,-1.3263694291212904,-1.6051972410228903,-1.0917256232724852,-1.9595901619882392,-1.5269196335644224,-1.1932862505327044,-0.6794327661415999,-1.4949366314751802,-1.454311961441154,-1.0961783698064473,-1.4612846290550197,-1.0991336063444113,-1.5878752747496054,-1.8012204053507077,-1.3235077644759086,-1.539908044718356,0
-1.5293089850249117,-1.0250008663737242,-1.3993027265219349,-1.2102753372964172,-1.9912140948155599,-1.3050317639846503,-1.1359612094394054,-1.2220670803865123,-2.0300833702054737,-1.1399397213865767,-0.6890619635960903,-1.3093368006620574,-1.6993687482165551,-1.469627395649139,-1.3875932126828043,-1.333369609383739,-1.5356769791249103,-2.30681827177445,-1.515892673358099,-1.3932879446656312,0
-1.704232302530533,-1.236737458322868,-1.609142228378179,-1.2930544912434863,-0.8836547910636835,-1.5208481961253628,-1.2097661216714275,-1.7011450426964574,-1.626758076132492,-1.2538876324605597,-0.9037258500039801,-1.3989769865127335,-1.654330867287207,-1.2848960472275517,-1.176230899378607,-1.311128799781938,-1.396009721170116,-1.282747204744954,-1.4493643056959304,-1.36856775405542,0
-1.2988980670192207,-1.0915542850691204,-1.3426323132068416,-1.3318320593777067,-3.0823131531411803,-1.5652471815131261,-1.5085798397383563,-1.6744328373038497,-1.4671579416001388,-0.8607841586262365,-0.73052963780811,-1.6687980054099099,-1.7593057052725949,-1.2858960199157867,-1.225760759382773,-1.096918028697898,-1.4716436930269672,-3.415719755663011,-1.4618219271140238,-1.3987953781323392,0
-1.555038812936771,-1.309249488953953,-1.815610860751743,-1.6420844929057576,-0.8426661668153473,-1.6773799133991287,-1.208034637821398,-1.0889769324631426,-1.5029304184936285,-1.5634062136991735,-1.0348210988385813,-1.6949524052442777,-1.4114915441487619,-1.0472370339604442,-1.0666437681298704,-1.3510533597202425,-1.5279927145258578,-1.4169601318563774,-1.5789857424754452,-1.2791698650433256,0
-1.3040927600218724,-1.5190844668605477,-1.5457713363512462,-1.3744516159616078,-0.7804907801051485,-1.6253682022185683,-1.7144850636680893,-0.8721026923504623,-2.130376591918996,-1.0945653021326176,-0.9283092670839046,-1.4097367413446542,-2.6587085784838482,-1.7182625390949948,-1.3816013528520033,-1.3922687575495378,-1.5268626725379952,-2.570389616097975,-1.4952198687995923,-1.0272906828169226,0
-1.557235705894507,-1.2695100357182616,-1.7951338118306552,-1.0367365183269623,-1.4994128720033317,-1.5785173018697918,-1.6013891247164063,-1.2318599858522312,-1.4148200332302403,-1.1723424498179635,-0.7678508527213939,-1.8807752859997342,-2.1470328091953736,-1.237192997619345,-1.1890390496244714,-1.4775903107361694,-1.5329377019350656,-1.2349852139090751,-1.0513076648850868,-1.3991048420248655,0
-1.6113001496613941,-1.2748083653102513,-1.7135506315144138,-1.1324618671519875,-0.7246535861424293,-1.6733912806534605,-1.6323937931638604,-1.198225590984177,-1.7548038955415977,-1.2777838093185991,-0.92423337893251,-1.847842409029764,-1.7201887730459862,-1.4081725012979474,-1.1266383399633844,-1.421426808409263,-1.408556961855919,-1.4204574626198718,-1.2855815429688695,-1.5252786075950449,0
-1.4383715498817748,-1.0794854821176179,-1.611774741515387,-1.2389355657271672,-1.3228988625955147,-1.5145289138778382,-1.0536602705092655,-1.3325095616197071,-1.7835637341245294,-1.3272492671380431,-0.7939329827893058,-2.017612993080991,-2.16610586122202,-1.4141756339627307,-1.6882976578750424,-1.0691423147482262,-1.6411055384873547,-1.7277938591884439,-0.8537141192023099,-1.731948918516574,0
-1.5829287105652312,-1.1826094766151056,-1.355988412730011,-1.2980979774980261,-1.4977838799295096,-1.424499933217072,-1.1962740918714936,-1.7144209192878013,-1.5281732161114447,-1.2603925312012176,-0.8062675692043487,-1.4843171818428142,-1.3111752331753268,-1.0146457884771471,-1.3365261983553816,-1.28957086108263,-1.4546255713702245,-1.4674288789782146,-1.2741447610822225,-1.646239030986746,0
-1.288602285532876,-1.264664462404333,-1.700800965100928,-1.3460424554185766,-1.8434541036302947,-1.1188115009884325,-0.8670752293342626,-1.6131021693880534,-1.9787302330623273,-1.6407298957984249,-0.625990489263711,-1.2514933179368652,-1.554545821054336,-1.5611325786987247,-1.8395695913509298,-1.269432879026291,-1.6224518877589607,-1.512522663425423,-1.4400205959817594,-1.419007413646433,0
-1.494100859093408,-1.5080023790622936,-1.5079574040801609,-1.3197365768563916,-0.775917604928212,-1.2122943096637289,-1.0194432083934137,-1.3432961078145633,-1.5931216415716898,-1.7748766292736198,-0.9688115209914222,-1.3634011431607869,-1.2080030439244624,-1.3131093772909217,-1.5458567872996445,-1.4101566201164912,-1.835653047893746,-2.672123279692298,-1.2474375822216865,-1.358200930694176,0
-1.6685310070014714,-1.1713915469361542,-1.3665235487027405,-1.15921910160906,-1.1595493497011644,-1.4405854724378415,-1.2080303334222249,-1.2955290774768844,-1.8043167895214218,-1.2641562892551717,-0.7309593004597904,-1.4267881322658058,-1.4677280529491643,-1.3690528124450203,-1.41211189483047,-1.4247336496565595,-1.2760559944772836,-2.948706143523237,-1.2751732547942964,-1.5667328095134634,0
-1.2550822550708605,-1.4337428245622719,-1.5908332081028091,-1.5179321449810663,-1.9033122843305248,-1.0842763914089113,-0.991910256662053,-1.1752097855699648,-1.7388236388303624,-1.6335378791612167,-0.7612587644638971,-1.3306727033439854,-1.4819372982769927,-1.4277221128870414,-1.1128711512267728,-1.2393869192535387,-1.4259160809909335,-1.8275615814530373,-1.442694613347493,-1.4807263322438915,0
-1.3111142705934717,-1.3368855189970161,-1.6177344388662962,-1.4286876493588845,-0.8418888942606224,-1.8277978393352268,-1.4851490037758301,-1.2296666120203628,-1.3764400355644242,-1.377877522159971,-0.919227267046503,-1.2904243453128488,-2.0579441701046277,-1.3293321034855132,-0.9437764424451822,-1.37789423451252,-1.603468248658532,-2.2317662646042966,-1.4573498025584464,-1.2166680843741455,0
-1.578996560940854,-1.1103730905671416,-1.5218911779771214,-1.2472294771849053,-0.9472375954140537,-1.8473670959135753,-1.3962778959949842,-1.224614722858225,-1.8405928254378054,-1.2941911604531493,-1.0052071106790093,-1.446844888293763,-1.635620401450757,-1.348768959545016,-1.2468951884882942,-1.3181069098025369,-1.770608247854948,-1.1490659371201293,-1.0978236384954998,-1.3730971304803512,0
-1.520894487324271,-1.336975844414736,-1.800203342086616,-1.5519111756303294,-0.7780222551306442,-1.8534578713440701,-1.5391936450687138,-1.1825943371589667,-2.129308975561652,-1.194627708800857,-0.7457281366123426,-1.3814189442012264,-2.0674598994925613,-1.4572629822459886,-1.0250031546136387,-1.5139601228969637,-1.7380959164899166,-2.165911075254374,-1.495179803758665,-1.0623250966046076,0
-1.5438428637977193,-1.5252996815855622,-1.5972606558372624,-1.4283215691323967,-0.8878035691820251,-1.6772803195211472,-1.128023332840213,-1.2752065246135011,-1.8469117895709741,-1.4915468369938973,-1.0696902796549093,-1.11043133842102,-1.343878728018465,-1.0649751224556334,-1.522247910808592,-1.3844294336758705,-1.3678695776492253,-1.236263144835565,-1.402580137176683,-1.313544532033966,0
-1.661438453329605,-1.2764850532812095,-1.5479294096727552,-1.2546305974203538,-1.4913331046993765,-1.2568199913373568,-1.1344654821178515,-1.0384878351743139,-1.5795160167334001,-1.5804433668440334,-0.9522579267484377,-1.4673475606018052,-1.6601627574080382,-1.1566134315638568,-1.2847813092845437,-1.5198762212474237,-1.3085170879146972,-1.3271984921170044,-1.1740135782410817,-1.2709566637758927,0
-1.3882907957417192,-1.000755248456984,-1.8550422799356876,-1.41124012947168,-1.2021928466347132,-1.1467903543631062,-3.0457321389661565,-1.7138625395774596,0.0,-1.2204318045482017,-1.053283104735628,-2.34031563189394,-1.0905705284743763,-1.023289172828893,-1.2350215270999232,-1.3984808457387108,-1.0555118043572898,-1.3121299086745535,0.0,-1.0548958140114464,0
-1.815656815583291,-1.5674880883895996,-1.457825936785583,-1.1411760950655148,-4.072623644638767,-1.4490984574787507,-1.1220521987335386,-1.551307662472599,-1.5479818238638756,-1.4417597016011885,-1.0908735730236865,-1.3658616935843788,-1.1035228588582395,-0.8673698733449785,-1.2874901251330342,-1.731718515875337,-1.3880538592567104,-1.1234460391671726,-1.1110142816018451,-1.3527741741319679,0
-1.487668841348639,-1.1493386820406766,-1.468102930648254,-1.4826360662270097,-2.679849856495884,-1.3427691127715662,-1.1067411037309158,-1.5986777737449112,-1.4416332136581722,-1.335240367174797,-0.620564982602555,-1.3825785110413409,-1.2289306909757296,-1.3875792205615405,-1.4238655312239732,-1.390754446682502,-1.143089171698874,-4.3891623500902055,-1.5779990192602389,-1.4137502945568077,0
-1.6614070736780988,-1.3721069089534197,-1.4331551088893506,-1.2657881287137143,-0.7883459923022363,-1.5094530845542433,-1.4915109667046444,-1.1681325495350028,-1.8086504462911066,-1.533747328814121,-1.1403779642394782,-1.9419287139911092,-1.3652058513962828,-1.3099100811813151,-1.0835413924094663,-1.3770027215084213,-1.319364107250147,-1.2031983032518228,-1.1506053180544842,-1.6147850529264636,0
-1.856953128752534,-1.3774265621751343,-1.3727522302885555,-1.2242710474800889,-1.0400889721518587,-1.8707282969870624,-1.4185141565189485,-1.2435981307406394,-1.8657043021651145,-1.3041792909656946,-0.9898127359207064,-1.4598417118529035,-1.402018217681283,-1.022150953110111,-1.41854096715788,-1.3774587480177,-1.6216795438896594,-1.3420583889384932,-0.9847544411084809,-1.2657907767548118,0
-1.4707298848756214,-1.2626862116839461,-1.5371178859488077,-1.1790006236909107,-1.2326831045128896,-2.351737277296114,-1.2731953654098886,-1.1063085385074913,-1.3168180451614298,-1.2300938833031614,-1.021338689301997,-1.6507761583535778,-1.3670265348964035,-1.4070047034469682,-1.3356507867747105,-1.3561988702768386,-1.7487696069600052,-0.9691756384800558,-1.6129614193694772,-1.1237900668548744,0
-1.6403170352982532,-1.2461236703709666,-1.4347282270407429,-1.218419348377348,-1.6547785689000158,-1.4949030857015233,-1.277220876906136,-1.0717598957842822,-1.8115598195138438,-1.3758457719573092,-0.9665076629382853,-1.4139842458427156,-1.3478754155099804,-1.057064803638826,-1.3773138935647824,-1.6424145091947797,-1.122807877232379,-1.2862534829327323,-1.1297236014486458,-1.541339399667136,1
-1.6047588529747325,-1.36853486503832,-1.3888783465574375,-1.2909847293399095,-1.5076602076600045,-1.499984816007378,-1.2625849204155437,-1.2145475255338822,-1.8516247310652094,-1.360211656343949,-0.8538452011675914,-1.4567000588991477,-1.6412584728465394,-1.2280182581848471,-1.2401818125529385,-1.283474174518689,-1.4679887348153875,-1.0509601047040569,-1.207728234954081,-1.2772075866741996,1
-1.4606792268654827,-1.2671356603864312,-1.4787992357291173,-1.2966856211370517,-1.2958894617495982,-1.423323614503584,-1.289480816743811,-1.0983794461985312,-1.7273117548772858,-1.8494756666660193,-0.8877368664924747,-1.6545752103855416,-1.694144344666319,-1.1164147759209757,-1.1253952486042558,-1.3633712577686685,-1.5852592582235032,-1.18047476454128,-1.2458544544046464,-1.221984710981727,1
-1.2686572708657884,-1.26555009240495,-1.1399005150968142,-1.3194813360802538,-1.4286531079860152,-1.4849261836377108,-1.3817627602679166,-1.2086248784630218,-1.5909205869236613,-1.1595450883472624,-1.029986233436637,-1.2959839532763433,-1.648938455533335,-1.166057292775637,-1.3279369959968017,-1.442515383337541,-1.1028966993316796,-2.9999344092287283,-1.2468097104696814,-1.3099862613304833,1
-1.501563843201741,-1.3720734247940987,-1.3878541222961331,-1.220767646261781,-1.457163784732829,-1.1230244177020468,-1.2398156181726627,-1.2326247446024705,-1.5619399200535227,-1.1685136839122332,-1.1382727039361762,-1.2969020995399279,-1.6919412657429167,-0.9123868179000167,-1.8204283113209632,-1.3495678621609262,-1.301673502382544,-1.562045014719703,-1.4095038865960667,-1.2122075504474872,1
-1.1467905512509624,-1.2149655546852622,-1.6881962307206204,-1.1197992191312711,-1.232144127839946,-1.6061105090610595,-1.270610132907353,-1.3189702793827573,-1.9332092810500288,-1.538282504415577,-0.9347616286282711,-1.7397064713926313,-2.02141458031461,-1.0298677210745397,-1.109239962629069,-1.3575352187262568,-1.5771776242433795,-1.3750883826370026,-1.162929830705966,-1.3059367828544006,1
-1.168603481296911,-1.1910056258882808,-1.3945114183533405,-1.014871787451701,-1.8428869951256914,-1.647834963697316,-1.5341748739667342,-1.4990159506410472,-2.1510956563354675,-1.4976059229828869,-0.8842926831461541,-1.3283227443863075,-2.014056297810521,-1.1622835791671855,-1.3929598138756405,-1.3653643440171668,-1.5497578761073016,-1.6689692467035773,-0.8323949225633197,-1.2375001663029874,1
-1.5432381718016348,-1.3770091450338526,-1.3170150703845487,-1.0601532205983824,-1.4612669340110984,-1.3004425643806343,-1.5714124598010295,-1.513317507259267,-2.556805619722008,-1.3543424700377316,-0.6940618866039688,-2.3044195999283197,-1.6483455643681026,-0.9974657999302492,-1.288460852706777,-0.9913276304866622,-1.9519175682861318,-2.0836750095664938,-1.1719270573978702,-1.4621683606548053,1
-1.0031288765915882,-1.4443679165881844,-1.7288154606941115,-1.2007408275600462,-1.8040736615171047,-1.6559337764217206,-1.017291671168557,-1.4040749866673523,-2.009596767996017,-1.5481925340769191,-0.7885016630985046,-1.1297147648300403,-1.939386989384317,-1.2279589645928566,-1.3888111489331592,-1.432896050941913,-1.6333854620518757,-1.513586902995849,-1.003503047037715,-1.4779736327139488,1
-1.790183372671412,-1.3880982984982457,-1.5540403776102432,-1.1896142356771404,-0.9791725532496355,-1.7237537167468973,-1.4594482856615265,-1.1322947911565089,-1.5466957220053446,-1.4416190663761528,-1.0042885857811947,-1.587350456771876,-1.5829762203370035,-1.0139456016469612,-1.3311470660184959,-1.3143858271875641,-1.4023855263516427,-1.3941678773213386,-1.1577004648629934,-1.2145008539155557,1
-1.7754381410261078,-1.279987216923785,-1.2451146868109206,-1.3243422595851477,-1.265772211355352,-1.2901616568916239,-1.1693003394539871,-1.3528950348509572,-1.5880148943187788,-1.396712741395652,-1.1199912790624686,-1.361686051684808,-1.1553109519087634,-1.0395553273980853,-1.4865804871259565,-1.4945398833792234,-1.291784253938246,-1.3507425564207842,-1.233829833970399,-1.35925581851891,1
-1.7667452494049922,-1.6661051190698817,-1.8403714594846068,-1.1123347400861507,-2.6210665704661325,-1.2661219314986045,-1.396058302693471,-1.2403766242804934,-1.128931579645445,-1.0177250724437072,-0.9128111784887911,-1.1043741170173145,-1.4041599834990817,-1.6625208809960321,-2.710056710367946,-1.2773700171227556,-1.7720706069584269,-0.9446448910793673,-1.5411088035459766,-1.1608779159116376,1
-1.3579370281918621,-0.995682263306506,-1.8180496596955964,-1.3177842040580412,-1.866891164238357,-1.4157805905490675,-1.4256781028386314,-0.9763199868887092,-1.6003460087465673,-1.3649055783463633,-0.9085802845262735,-1.723693468272385,-2.1616924977659284,-1.2429294690396149,-1.1360279543590597,-1.280061367616109,-1.4013796117942954,-1.4580461502419326,-1.1041165726872475,-1.363391229909277,1
-1.2494781920635558,-1.1828211091590726,-1.5892738534978466,-1.1641420090004386,-1.6032326132791703,-1.8541080300016775,-1.4517063497445828,-1.2382259651955072,-1.7810706153249354,-1.5236271793357103,-0.7820201537134637,-1.448462305499113,-2.1458217664097816,-1.193629503063058,-1.1140512108650802,-1.2503879745912034,-1.4764718768874074,-1.1520869595103451,-1.329081317000309,-1.3057221978036768,1
-1.179157668586895,-1.2496402145543275,-1.8289823760552057,-1.014179011032903,-1.562344780664059,-1.5417853364052527,-1.5929951485006997,-1.3880785621288279,-2.302914561268862,-1.5801928075633687,-0.8724705007833711,-1.130719901792734,-1.9172122279271775,-1.0203960267723469,-1.1139681800872654,-1.4117520738397629,-1.6291159304877452,-1.5514664206010378,-1.0796787573095696,-1.3377930432277063,1
-1.1944934551511879,-1.180377864222241,-1.6196888715713773,-1.0204148023955377,-1.5116286702373927,-2.134125561687682,-1.3006399465064626,-1.7026312034123776,-2.5517435785084035,-1.2890884910670257,-0.7329849390673973,-1.8539120257286958,-2.0088458091636126,-0.9401147942787341,-1.5260776594528582,-1.5178600480123794,-1.3858862242213932,-1.4375762843624729,-1.2115425985547341,-1.1821449936737516,1
-0.9841589005667375,-1.27367666917553,-1.2860058667919403,-0.9430335694212759,-1.7551712535859276,-1.6908590336014655,-1.4481634660139993,-1.3683468726486778,-2.436780303221781,-1.5547429739964318,-0.9777054899257381,-1.688718584566058,-1.990100565224089,-1.054407788146974,-1.1358818646164621,-1.4546907059545398,-1.5868902779162608,-1.34869229958204,-1.0556653339647404,-1.4176561968414767,1
-1.4388416089256053,-1.0004687468345934,-1.4754649123313233,-1.3214658990375758,-1.771562760703141,-1.4973617023833725,-1.2369017767841544,-1.2896281982278401,-1.6152784990559197,-1.4812375623361458,-0.9826731782641817,-4.406643545956011,-1.8954806016769667,-1.1769409550332428,-1.0753700807370838,-1.150093799601157,-1.2521453440712447,-1.4766652664991369,-1.036077486619541,-1.321659922745362,1
-1.6727767063644088,-1.4054177275280602,-1.389408619005798,-1.1978149937761435,-1.3691189226785905,-1.5085999168967386,-1.1863760752448487,-1.1225284261454482,-1.6821514297403035,-1.313057317497979,-0.9658299813325271,-1.2460629339688192,-1.90597706518822,-1.3408929415028714,-0.9213622399251964,-1.166761647743829,-1.4149196724168702,-3.554988472803325,-1.538677938606539,-1.1370622936182153,1
-1.239741847940094,-1.2280495538964624,-1.337913045326841,-1.2179996521875431,-1.3722101016190056,-1.562061450540266,-1.2326116582352364,-1.3715477677746701,-1.8747790341954294,-1.4645429432548536,-0.7878617915651236,-1.8646480425397511,-1.5782956510342416,-1.7466955087261298,-0.9701297625470173,-1.443101962205593,-1.2680779802453612,-2.324151256596647,-1.2549747311733102,-1.0976958733809907,1
-1.54482604435503,-1.374247945820266,-1.790724167470745,-1.0457724944213307,-1.5121270261133828,-1.6885315513098424,-1.208466983237907,-1.1192340654197477,-1.9251560600888469,-1.362749543510068,-0.855462359852901,-1.335535628989007,-1.7067759387932717,-1.1490838914887052,-1.0861877342799997,-1.4745400087929283,-1.4722737073523198,-1.30325797331617,-1.2405793464037163,-1.3374753253931533,1
-1.5326944647639313,-1.3923116933111372,-1.6044748927313062,-1.2448925464183735,-1.3749739683427655,-1.4064192773397075,-1.164382369549089,-1.33139985107944,-2.19250114926143,-1.2831356846766415,-1.066055228511991,-1.540297415693336,-1.1982325758905155,-0.7945846339837176,-1.272644073815113,-1.552153374850811,-1.5141458913371633,-1.2529446947607934,-1.2478338359619143,-1.516946732909312,1
-0.958437458961947,-1.052599993601293,-2.036502028152943,-1.369863782628088,-1.3900580249745265,-1.3431211354925228,-1.25262161777571,-1.4638522411241428,-1.7504288750786392,-1.7161558807801285,-0.7549020801747027,-1.7170727352059776,-1.4533483790491208,-2.134705664772552,-1.0993846816498736,-1.3530491739219315,-1.441853306688346,-3.365614864237033,-1.131414318990302,-1.1924703293762622,1
-1.1505693908722343,-1.3694617416981312,-1.6601482362546298,-1.4214084629372905,-1.748572992432342,-1.614122365414309,-1.059092491098954,-1.2360810446580235,-1.980115102588462,-1.5424559010233283,-0.8154707584695053,-1.5484696790304981,-1.4596036922664697,-1.0818228147468971,-1.1574913005599525,-1.2622500841312256,-1.3324620970994874,-1.536159573847365,-1.5393237937007351,-1.1386441206946285,1
-1.6734339847359738,-1.343406808757716,-1.2214004627863124,-1.4033646468221284,-1.1458520259707383,-1.5341805560211659,-1.1549797266788586,-1.282032595265302,-1.7422353280860636,-1.5702595939009987,-0.9390370535295529,-1.4557983413129156,-1.2161748788366296,-1.3014634926567723,-1.2715671814030844,-1.5119851881892195,-1.5030397788448613,-1.0759571427359957,-1.2297195146158255,-1.3318796986095098,1
0.0,0.0,0.0,0.0,0.0,0.0,0.0,0.0,0.0,0.0,0.0,0.0,0.0,0.0,0.0,0.0,0.0,0.0,0.0,0.0,1
-1.6558654447381422,-1.5347128602431495,-1.2749234745678029,-1.1530072588911864,-1.3475650261373604,-1.4362574986394476,-1.2396359719588994,-1.2870548195138949,-1.7057495271128724,-1.280777492130398,-1.048425705906214,-1.4749889143430803,-1.2471050691968886,-1.0912833979473813,-1.3660187733839213,-1.4521963909889606,-1.3392487092103547,-1.4188258617647906,-1.063151286836409,-1.2745747069179691,1
-1.3641726447540499,-1.1573467654799028,-1.6450582180676308,-1.2849572314047348,-1.6582153139156297,-1.4845392707136174,-1.2168393385961598,-1.094955966446905,-2.00909251637757,-1.2643865515713957,-0.8969672633381555,-1.5072860435067974,-1.58852453380807,-1.1787863787407977,-1.245972848792121,-1.3492514298317688,-1.3405197648635487,-1.3333598470643118,-1.2821422446029833,-1.2446434381229705,1
-1.5659771429544977,-1.153527399145843,-1.302212784610359,-1.2544691883768748,-1.3476543283497902,-1.2697758378467032,-1.1048838395018792,-1.4723778116124402,-2.2450952545892235,-1.4646347336048857,-1.0181103577219162,-1.1675478956728853,-1.6675021315142795,-1.0375530341434462,-1.496181288262642,-1.3672249051221648,-1.3404062063504967,-1.1973030573290695,-1.5403166124865393,-1.2496609309393878,1
-1.3025129717635342,-1.108752098117626,-1.8304827491185462,-1.2530583505563033,-3.08056743006854,-1.5734229975868306,-0.99948508876873,-1.51508999232646,-3.0345588027986308,-1.197433136451208,-0.9357066723858369,-1.3772715212983877,-2.141248223378504,-1.1988754396829797,-1.4282325501199988,-1.5174151810325283,-1.6569132565626679,-0.6803775170376224,-1.6203192179894375,-1.548323575769212,1
-1.5141894745751074,-1.2483687178385252,-1.677134091134763,-1.314505253122174,-1.4976852809971368,-1.4318210440601404,-1.2719437398075797,-1.0322929006875314,-1.9982550747807764,-1.3711268722467518,-0.9934732580926601,-1.5357905843901862,-1.2681526175131534,-1.1399564291025293,-1.2032105014215893,-1.4764996618626016,-1.301796509524647,-1.2581801479293502,-1.2386765386200584,-1.222409213616837,1
-1.5853466332215769,-1.3263642070612218,-1.3240037417773673,-1.2854578692431604,-1.3235232954387108,-1.3557879228982896,-1.1794186535413924,-1.294146184341132,-1.5257949835489768,-1.3921193491250783,-1.066746738758395,-1.3621851414139963,-1.3915948597326528,-1.0821926033498928,-1.3764480972406938,-1.4689510785896955,-1.3116911067233228,-1.3059423432711215,-1.181423506994597,-1.2506660843868769,1
-1.5014270248584103,-1.2292132000482956,-1.587275574738321,-1.2567765850409052,-0.7713502676377109,-2.057331919625982,-1.5700963622732969,-1.086213703982652,-1.396937952319656,-1.4186031910606414,-0.8676663984123762,-1.476668608592557,-2.6641734160411286,-1.3261770733039788,-1.3459718898754172,-1.323088921112718,-1.3949212790371994,-2.0416486159013485,-1.3262298786180053,-1.255215797594483,1
-1.3957480867944143,-1.5517207801029882,-1.5370207381394292,-1.1792893531107254,-0.7501472760539322,-2.0250588524137934,-1.6040751183752084,-1.213808071323426,-2.400194799176569,-1.3077252550920753,-0.8485568432497204,-1.5405898924461663,-2.605828096356562,-1.2253406804748879,-1.33633708032634,-1.2527204927564537,-1.3857863575730696,-1.7205326564486956,-1.1909580660529637,-1.292510946748757,1
-1.462314030795243,-1.2833107251305995,-1.2410378991719697,-1.239278088238466,-1.3419029339358362,-1.6676446969886165,-1.2665560064440406,-1.1442763361530357,-1.3971550782516897,-1.4986022479651324,-1.0916087191885293,-1.351665260606334,-1.6909602238802324,-1.0933795189158684,-1.3233650172264873,-1.7732033827843463,-1.317873952223614,-1.2934237948196459,-1.0946772970756065,-1.1974623468226093,1
-1.3713061181658186,-1.368233992060708,-1.669987451283836,-1.1956028294472179,-1.8527634391522878,-1.6068227726161726,-1.2127624282337808,-1.1630836840137955,-1.9101995042112774,-1.5702710091229803,-0.945622278254452,-1.2423293712583072,-1.250460910734273,-0.9136795239836372,-1.3451478684638447,-1.0972455432902863,-1.4626918813354137,-1.9998749671271974,-1.2414700926749815,-1.3377994104865092,1
-1.2702973705642577,-1.3384400223293003,-1.696479132936627,-1.196169287727296,-3.8929985025634983,-1.7723842166699322,-1.146031275417814,-1.1511422291769962,-3.151619925985693,-1.3008934913628332,-1.136829898842915,-1.4395927361774954,-2.997879318640156,-0.8987349697509556,-1.3864905778274252,-1.4064677184850822,-1.5251823018276993,-0.819004853879816,-1.0546597810493255,-1.6923171417380682,1
-1.3344254958974313,-1.529973189929473,-1.4397935684869614,-1.2931611328357961,-3.4098980946489026,-1.7385058244909517,-1.173769201218258,-1.5292685009737916,-1.6933300493795393,-1.438567270347853,-1.1724612253758635,-1.2077304656972025,-1.698619360586295,-0.7525464552584504,-1.060207333249743,-1.1254500246948997,-1.5443981919758434,-1.2255974691319325,-1.2287204098856492,-1.5235803124678895,1
-1.5317419037750462,-1.3507516979286491,-1.2458472849870812,-1.358972147936788,-1.2164951529089492,-1.9166830579757805,-1.3307043242667294,-1.0742184374055446,-1.7739426153153426,-1.4761514857826206,-0.9048182506330279,-1.397336637698123,-1.3981945574858037,-1.0737342886257972,-1.2464392629791314,-1.4646341881492697,-1.3983703981497915,-1.398198600272939,-1.2827456214571078,-1.2262813864502606,1
-1.6493296771183759,-1.4627209756008697,-1.3238001631304768,-1.280811459011883,-1.0596813692554512,-1.5344154104714172,-1.5284883381371615,-1.2007648681290484,-1.7056096228184319,-1.3347728345456575,-1.0232845256689105,-1.8299607899344028,-1.6970251867902042,-1.1444675246031915,-1.1535949237972507,-1.379997887343349,-1.2969772137029627,-1.3522025679233936,-1.0330672123087388,-1.1705815900684682,1
-1.5629217077055528,-1.33945627504384,-1.3776861166157455,-1.1817890825118993,-1.7596537188865764,-1.392654565937975,-1.2310369417593692,-1.3188960494230388,-1.4742332013931267,-1.497577330786123,-1.1202612789658912,-1.5280126605672546,-1.4865845414485168,-0.9905393734541039,-1.3021006122437568,-1.4034791412092418,-1.3890805326109223,-1.23976170909165,-1.0026839759297412,-1.2092043053680364,1
-1.5722882227095725,-1.2367874785844657,-1.6668026538625298,-1.3026378610543303,-0.9330511870919431,-1.4114848808308644,-1.1417832130882648,-1.8561863807192953,-2.8064999246056384,-1.4153088438167882,-1.0269001736681775,-1.2946511071739053,-0.8933777393789195,-1.0190460292977745,-1.4014072244490547,-1.440184542098479,-1.9094837399098457,-1.064106466230003,-2.6817382596381214,-1.757499160396025,1
-1.5926599615327366,-1.3903150751354347,-1.3870921676247876,-1.29718197864113,-1.3747944128266496,-1.4560006108417662,-1.1413746156226603,-1.0699180009159415,-1.783918278474961,-1.440862875321072,-1.0348293610071566,-1.472122208309518,-1.1999155722370474,-1.066420373693971,-1.2856612198319026,-1.4736318143679572,-1.2453000823101235,-1.3616589345303438,-1.4867567010792402,-1.2090020113165882,1
-1.5214592573770402,-1.3022272273624393,-1.5510427635429858,-1.3650372175830734,-1.1675603487736852,-1.2816230566344458,-1.2860805437104228,-1.1765205687848692,-1.914174092886208,-1.4456286977488244,-0.9431130264731474,-1.5662978734756379,-1.6533245906296545,-1.1818223926094393,-1.187835574641065,-1.4616244182795082,-1.2163842148191526,-1.2380814471791841,-1.1680204432785866,-1.3272969620638697,1
-1.7377127709736973,-1.3045468288860278,-1.498097676704591,-1.2455929090171012,-0.9601876211271176,-1.5208918435393792,-1.2856941328068938,-1.54414132850688,-1.8384722420768735,-1.3564274702520296,-0.8863228054646481,-1.5269685676927867,-1.4474442045724465,-1.1355013670631895,-1.3394330190164365,-1.3569491989431242,-1.6152850656722284,-1.2926528128966939,-1.0939689842511473,-1.2932962286098233,1
-1.594719265145546,-1.300460658102546,-1.3744842463236835,-1.2767043354765084,-1.3166082361672398,-1.2933289215894743,-1.1952297594997172,-1.286723904048506,-1.4449971650768918,-1.40582529537479,-1.126903421650715,-1.3819078471061925,-1.1974130790706512,-1.1301037947762902,-1.3662799475256173,-1.380741084002103,-1.2820335434896146,-1.4585781031215967,-1.2362282207073592,-1.2504645734352293,1
-1.0348376987526435,-1.5381062684269384,-1.4836043865933848,-1.2790005867003489,-3.0208140432013293,-1.7799379522589276,-1.0616491908731962,-1.3055497866763481,-1.9957713665299681,-1.2115735693819452,-0.9971609761849797,-1.2261798608477525,-1.7415361068763537,-1.1340009895081968,-1.1028392210766396,-1.1953770379131166,-1.5470484793325952,-1.6616028798494438,-1.0804044493111886,-1.3940062626381198,1
-1.2697917161119212,-1.4066877830980835,-1.8925402874015589,-1.346768397396744,-4.107951241839229,-1.952840491374564,-1.2129001788682112,-1.4250385695867291,-2.870769293440464,-1.6420328547546106,-1.0731742436488865,-1.597778374903721,-3.177946603262423,-0.9999521197979027,-1.129649473095685,-1.4867528024044427,-1.470249127966185,-0.8295274298482995,-0.699796705646898,-1.788067998218881,1
-1.6445714739622128,-1.216806939954191,-1.6625324302932596,-1.452720524092117,-1.0500894457506258,-1.3854317052979814,-1.2403401248714694,-1.2868134664896436,-1.7054611157618915,-1.5837503740016432,-0.9320237131530607,-1.546851524682586,-1.7676721550275654,-1.045731786968808,-1.2629958138319188,-1.3988487413754915,-1.3761883336561738,-1.0578315569219399,-1.3324184231303584,-1.2890573999532084,1
-1.8333916183225691,-1.3600328013835157,-1.3184039508992453,-1.3737417839051256,-0.9710968775411989,-1.6004878526174398,-1.4763268835819001,-1.5004249422594724,-1.4406564052654471,-1.4202444643231107,-0.9487863588429942,-1.5708527106143002,-1.586725868507579,-1.2540739629286122,-1.2858650940725298,-1.3110761523099712,-1.3064058182894005,-1.2371187285291056,-1.008085546071793,-1.275325563650821,1
-1.4385287205440969,-1.8517710169068042,-1.815502670853566,-1.5922663572716709,-1.382189644631959,-1.7989940402326778,-1.176802134096003,-1.1653238338319447,-1.4100211428742868,-1.235518954239772,-0.9381064643896173,-1.679913140449135,-1.2661276571665805,-1.2911801048027314,-1.1275818492881615,-1.3743857108650328,-1.3359112033595864,-1.0776488683792422,-1.084935068762824,-1.3097303397293822,1
-1.72723764482106,-1.4108357187723517,-1.7475300173557393,-1.2477125846177044,-0.9646644700021263,-1.6144205413702,-1.4572173880720034,-1.2998349464820076,-1.4830466286031063,-1.5967253594033688,-0.9948061247201576,-1.5250626453591147,-1.5433195692564228,-0.8640288704824677,-1.2044372405007668,-1.312541367822903,-1.59413269905164,-1.435380921766535,-1.1460430816590443,-1.2938572163379765,1
-1.7934582770378358,-1.4086865680201544,-1.5983185122162982,-1.2473603759268335,-0.9898055847679174,-1.4271289044152433,-1.2777542709144252,-1.4907074573451853,-1.6016617218393199,-1.7293728619344997,-1.0182839011828022,-1.7161748575274145,-1.2196703469172,-1.0651887355997058,-1.377673974017793,-1.3181030367598487,-1.945261482870239,-1.2655028788192153,-0.975571919353678,-1.1441743107992177,1
-1.4204483062906903,-1.601901907835301,-1.8308146570987183,-1.4823665401439878,-1.2562529042245443,-1.6440486678486865,-1.1718461569380465,-1.0775056922660375,-1.974305583897917,-1.3312892402724008,-0.9802657660912243,-1.5073682372515258,-2.0161985703119507,-1.0374411974680586,-1.1725481605692365,-1.3809695011493044,-1.226169937749025,-1.129781877916564,-1.1023400657432156,-1.351967158106861,1
-1.1311010490034306,-1.234746051805591,-1.4357537654269181,-1.4110032339046314,-1.8307749826866888,-1.791108328688961,-1.2626018396918253,-1.1451892101025964,-1.6745697879318728,-1.3448873285816634,-0.8822718007241351,-1.640624101099822,-1.8484307836759515,-1.1568443875915908,-1.399370594556013,-1.2300907720180787,-1.3395032730769647,-1.5683768993246094,-1.1383356313980504,-1.0619204256370791,1
-1.8353615539368995,-1.0323816547604483,-1.5948424135424015,-1.5451360555104432,-0.8151055688826719,-2.781483792002184,-2.456457405712398,-1.1857183663612074,-1.4955791294661684,-1.553547162959952,-1.247447185110013,-1.0722591883323276,-1.9339976718588452,-0.8210414728429706,-1.531168263872198,-1.254756978355128,-1.5354127317862158,-1.4390915114721932,-1.218663150801385,-1.3933103456570464,1
-1.4552332612742818,-1.2460353112750662,-2.5878288565915346,-1.4030948532803362,-1.3371469467125767,-2.330177304347754,-1.5159925793447913,-1.5722959013342814,-1.7176817852445383,-1.6845098398351583,-0.9501864506544736,-2.585546914044805,-1.4400126878114201,-1.004002195769377,-1.4020310947847698,-1.1400569255148132,-1.390962292444714,-0.9888930516100484,-0.8385714164145971,-1.1684327235950052,1
-1.450209729569439,-0.7555830819520309,-1.9140935859158035,-1.4898007407037384,-1.1019340815413836,-2.2638516898265806,-1.9278607521322588,-1.4967668693429175,-1.616374335467119,-1.6246972291519197,-0.9007181468744696,-2.5116791251769004,-1.8012636744598003,-1.1748057017212863,-2.653894722438154,-1.1806309482487227,-1.7568867391538063,-1.321792973529149,-0.8319208084810521,-1.1177255039150784,1
-1.688102562553231,-1.738780386471928,-1.3264704859546532,-1.7334037592345597,-1.231098676887964,-1.6654666152148057,-1.264873059671471,-1.2944027345489233,-1.5949330084583948,-1.3814885439957696,-1.1483542946913623,-1.509640567032173,-1.6423229111899558,-0.7906859539054848,-1.3972610552754148,-1.30079824554366,-1.3203004305179695,-1.390197733158035,-0.9087249138680278,-1.2637916663085487,1
-1.3245549783600286,-1.3236336166656066,-1.914995573669207,-1.583802832496205,-1.5177912209330084,-1.739572973469831,-1.556596481088947,-0.9864808177174014,-1.5308669363809055,-1.7477007816282708,-0.9317981655202048,-3.3285005002102963,-1.4599471427683643,-0.8854345113087304,-1.2665203882755218,-1.0580257352268951,-2.206272256596074,-2.7105598523139305,-0.9212730934885116,-1.0549755712624072,1
-1.5767890881443714,-1.0196340442369056,-1.5941550959996684,-1.3868255402311502,-1.0929838563023144,-2.8407044459811748,-1.8627896964446589,-1.2204548773769268,-1.8094551411407023,-1.4564545702323286,-0.9408407421759147,-1.5793617770940354,-1.4893987406131484,-1.0012658040394433,-1.406752712536009,-1.3983149592971278,-1.1215867008018592,-1.4021419898321563,-0.9733978660368902,-1.5064000484464155,1
-1.5382573844167042,-1.2048264606188344,-1.8445062920018493,-1.529737014090024,-1.426748564606377,-2.235611250912572,-1.290750299983327,-1.3975516578241836,-2.38638540129924,-1.700604219550266,-1.0164232458362779,-2.529467832432787,-1.5181542125569385,-0.7488383331775967,-1.6412504374539942,-1.0267433801512873,-1.4630144663516222,-1.0564590898906245,-1.0149212940969572,-1.2028313501078323,1
-1.2270126490849815,-1.09328003531301,-1.9441790142978876,-1.5937139720135314,-1.2070909967583894,-1.9670109320469593,-1.768205283923798,-1.2333669171681276,-2.029553602379599,-1.6911418236966957,-0.9574365661403913,-3.3133160434541153,-1.8232368381874189,-1.2075313303518846,-1.354801946456723,-1.1872066968535429,-1.5111252883904673,-0.959857814620916,-1.0874637566456948,-0.9000176833499579,1
-1.4536404695056542,-2.3304785502533836,-1.434305912583018,-1.3098975742408714,-1.1017792045881953,-1.1485319888605185,-2.0998614904614925,-2.0525211774982846,-1.9105687465097627,-1.3534291400983982,-0.7715789166051524,-1.0513224380110608,-2.274559869785705,-1.0221820373182,-1.6641114948953315,-1.0610479528004075,-1.3826765060468695,-1.4162995102207947,-1.2946409371895113,-1.272927302356178,1
-1.4031837431420406,-1.2822868901453675,-1.5084332448894586,-1.5149721767523714,-1.9202228160763968,-1.333119913755718,-0.8680789583906658,-1.5621214445700156,-2.1198634374905483,-1.4532071367628943,-0.7014483654627834,-1.104481974252829,-1.3663232064339643,-1.0664146951816458,-1.3506547504566218,-1.23934412641674,-1.5795129733805928,-2.844699032474466,-1.663338203792857,-1.6104846253980902,1
-1.7399537716030893,-1.2885294154708309,-1.474263900504559,-1.3439509595528796,-1.2233921962410081,-1.531225328238971,-1.1905693251399938,-1.243777872453577,-1.3873594765774147,-1.4104785159189894,-1.1795293980792134,-1.5144662435688019,-2.1344984051012537,-1.1190260999333224,-1.3284065915164474,-1.4188250590445353,-1.382185922836863,-1.0532274265732589,-0.9293568457274157,-1.3175353351859953,1
-1.4792300123408417,-1.3561539563062994,-1.3478620089216071,-1.2523580867202415,-1.9005368716468405,-1.5404776585783577,-1.400008140291031,-1.1057153165443325,-1.5778808790614351,-1.3097128117731307,-0.9857883087215014,-1.607038316253595,-1.8560185459065088,-0.9567118873571168,-1.3063548225965438,-1.3378404836115667,-1.3194827812120384,-1.1277772130048869,-1.2106876881817492,-1.2583193192046787,1
-1.6889799889170312,-1.3686724048026457,-1.4739416100480347,-1.2190411514470723,-1.2411801129343087,-1.3134562902203026,-1.5230194353371986,-1.182841547548212,-1.4519829730967488,-1.504645969640602,-1.041489408800054,-1.6275520414961584,-1.3138722075320297,-1.2428657105039767,-1.1981167679069922,-1.536390696162747,-1.4010748578324,-1.2165418653789153,-0.990706951792575,-1.2267232171587366,1
-1.4300307903222664,-1.0990658510448732,-1.7593270784060207,-1.3752918245107046,-1.5529531191474002,-1.282882987307624,-1.4366980449797826,-1.2060394066130824,-1.5313525830724863,-1.4233806882427429,-1.0079978626844903,-1.491964520218266,-1.406793671878848,-1.0639614842597176,-1.347559895956896,-1.4309445217702328,-1.4858371347404489,-1.047815396731977,-1.1436623489354771,-1.340480429233345,1
-1.5073771759366665,-1.2251955497106415,-1.3728052150298404,-1.272117231331455,-1.1857976047629362,-1.5368657049877705,-1.266403694777809,-1.2833573809023744,-1.484704455953871,-1.487457907599204,-0.9284089793042875,-1.493808080917525,-1.9374850378527795,-1.0499794807657057,-1.3027988297466278,-1.2252770567555145,-1.4006975668086827,-1.2234461572025253,-1.6597577968769246,-1.1781329362259134,1
-1.5096029820327783,-1.3480074045643204,-1.5711247660760286,-1.20551552004036,-1.5812185985239608,-1.430197110893788,-1.2753689604801843,-1.1748911442182202,-1.8201261264162647,-1.3733000240647495,-0.8705954509160231,-1.4473701795239697,-1.2322803428811961,-1.183508349935814,-1.2621973677677194,-1.309348177855734,-1.646419144320859,-1.142575582264635,-1.4728910737638001,-1.1686055711298062,1
-1.8106253612212695,-1.3710275863376837,-1.6829175770833416,-1.2872678512095463,-1.4753074534107258,-1.5601001988728116,-1.3536217803597295,-1.1131173203896219,-1.2418758234943668,-1.4750086637568562,-1.011672187195311,-1.4130817603808874,-1.4882013246033818,-1.0803903821063132,-1.1952538590236852,-1.3768418181876725,-1.2090093477071404,-1.3255454230229635,-1.1393162970162356,-1.2404860628013306,1
-1.4668215367493436,-1.2639396592853902,-1.467268106277451,-1.431933785910685,-0.7810902958666243,-1.7813936674630948,-1.61490347691521,-1.4130967043379414,-1.9247741701141163,-1.3920934213689664,-1.0167097872134345,-1.7353429809785375,-1.557739436085669,-1.1695355940361876,-1.1225708238894498,-1.4990617828119552,-1.3496661954708395,-1.2923721280249583,-1.2571039157199972,-1.1261787972635422,1
-1.4762378490205974,-1.320886192677824,-1.6060020119975462,-1.3552918462982673,-0.6964584703337326,-1.8422891856817498,-1.6095240854448012,-1.3300628221036768,-2.0178450924855778,-1.3867306074738963,-1.152319914581384,-1.6938038658644778,-1.2866772622738745,-1.2685604088190754,-1.2150203213380366,-1.4357722642088369,-1.5240881150875345,-1.4167288326933265,-0.9742716166800609,-1.3540745427061145,1
-1.3884909148791298,-1.3267970343670927,-1.5618572683872631,-1.5041573934692247,-0.9544292946041608,-1.8200523264549973,-1.7978629319170665,-1.211583659324709,-2.037966114810406,-1.6656979664048466,-1.0744701554107932,-1.7897468567571257,-1.5189355958902278,-1.289290263677522,-1.0052148127133307,-1.4450545439262699,-1.3778152943885984,-1.0631403887861621,-1.0038194310810298,-1.1270194199302925,1
-1.1701013473880923,-1.30931129900439,-1.600845276104528,-1.4321376829415629,-0.9108928826035418,-2.139949659510384,-1.5184503822198225,-1.2482948448462887,-1.9572194215284366,-1.498017064834964,-1.132906219912866,-1.882137319173855,-2.0745915733386515,-1.3130452388852405,-0.9498421328949144,-1.4068910921142959,-1.3541502127272018,-1.1669096570663557,-1.020599728908979,-1.23073282892949,1
-1.3472581019295955,-1.3771763618224266,-1.5045890510089186,-1.2386727697405198,-0.9306328049622942,-1.6241883447633008,-1.4949479450677645,-1.3051861510908895,-1.5290941274446153,-1.2975026886674919,-1.1437142154908388,-1.6290830772519234,-1.8836922554438529,-1.7095876606183054,-1.0648216916798592,-1.2922309169875084,-1.4893140458082148,-1.0937736735830135,-1.040436934659125,-1.2811638755306392,1
-1.3503306537268391,-1.4597218639070941,-1.9815222368571632,-1.3692329551685345,-0.7461790569584587,-1.6475946021000814,-1.5365651643130536,-1.1749552537625332,-2.140113520942259,-1.3350565885072692,-1.073996074373861,-1.67649797857822,-1.5796359733447773,-1.26469664753582,-1.224285458895458,-1.4426276236218847,-1.3566173213744854,-1.3084788828607947,-1.1125122997651264,-1.1934884615893158,1
-1.2111580390478687,-1.2214978777153678,-1.6206804796854049,-1.2587304423797507,-0.9491958913331325,-2.160324662023018,-1.471788031351965,-1.2072362107290375,-1.947710480888065,-1.5801553178936836,-1.0105229682741337,-1.8589991758465827,-2.423282988423663,-1.2721836760950676,-1.034543667503487,-1.2875928707375395,-1.341946641587842,-1.3401269573688848,-1.1472701499793496,-1.1445936380562098,1
-1.2207642221552544,-1.3481866077064788,-1.7862133946271368,-1.3150758025984248,-0.8051001984067597,-2.1415715326246145,-1.3686470168221405,-1.220194099063445,-1.6828302660302947,-1.6116443965633493,-1.049545380528512,-2.0251724280735037,-2.2801927863972415,-1.306864797807176,-0.9814906171165941,-1.2964241925517193,-1.3552133450233244,-1.311489546821534,-1.345974717007304,-1.1427506089455215,1
-1.3436898735644989,-1.4336675615693546,-1.6318946197643633,-1.2082269257328973,-0.9294615876350009,-1.4329618932993642,-1.2875404007217914,-1.4139726875377796,-1.688573459930582,-1.555532136327429,-0.889557630276037,-2.1954236104716736,-2.574350345875506,-1.3122051828989454,-1.2811508720419562,-1.1742508847951343,-1.3130896624314474,-1.3055484856266484,-1.263311142409649,-1.0918351901882433,1
-1.5452365598650855,-1.2376157050340306,-1.4239766967451124,-1.131351475461553,-1.0883208545314869,-1.7105973939080688,-1.2721498579444939,-1.2195346261823568,-1.5820097365369352,-1.442133418753262,-0.9641360818618511,-1.564145634714569,-1.4230665993224838,-1.2870797680357267,-1.2967255248227634,-1.5385366911255192,-1.5107106459141029,-1.1231286315014035,-1.1578959649506064,-1.3512592851727547,1
-1.5050068398498595,-1.0111515030287503,-1.7129056684414534,-1.2707953983249753,-1.9851087781633439,-1.3562326548760055,-1.2395966795949414,-1.4810703382935901,-1.7695542782848366,-1.3164540855211395,-0.7529337882181153,-1.4690076400899252,-1.2666675025641085,-1.3158693519035263,-1.278259607509439,-1.3645460285884738,-1.5964106166670473,-1.2372294658492273,-1.2112710586017936,-1.463453807306089,1
-1.6131071673345918,-1.430741424252685,-1.239475288943556,-1.2872744357265544,-1.1553655765633244,-1.786691945807827,-1.5561225170637265,-1.3831397432789183,-2.06447444458091,-1.4173989646836798,-0.9693711253608616,-1.6827807711975573,-1.4540793804424745,-1.0911837323395772,-1.525735446384529,-1.2707888171590118,-1.3478492335325003,-1.0586909091676473,-1.0190762090927021,-1.146515714506312,1
-1.726479806392703,-1.2561509956156487,-1.4555402298600797,-1.2455796958871075,-1.5630144438315052,-1.5385257526602478,-1.1110481484926167,-1.127574735871863,-1.587005707014131,-1.3396660578820188,-1.109517592183842,-1.4297058784761207,-1.395653686390398,-1.0422591188284602,-1.2902122941078764,-1.3116416321417514,-1.4497278970059244,-1.268239780265697,-1.2011972789144525,-1.2532580916815115,1
-1.51846630868672,-1.4368004485422066,-1.456693238790021,-1.2234588706775493,-1.1268364194254077,-1.4022189674215924,-1.3927727987902858,-1.231566718891652,-1.603759578826202,-1.5417012187932744,-0.9304447541644001,-1.5584706660155676,-1.4258717999537232,-1.0596894564333355,-1.2425294634976791,-1.344319833966272,-1.5670423795968598,-1.2341361353169142,-1.1738054538588714,-1.330193352775125,1
-1.433931654249099,-1.2693423589751835,-1.5681257950124432,-1.1747060870357224,-1.1559264482123328,-1.5868166233493572,-1.4811492038598488,-1.2050607790379027,-1.8740574369354404,-1.5308939612475891,-0.9121438646077339,-1.5805163995669802,-1.3049682113903156,-0.9799460834214347,-1.1836599387921434,-1.4203531715201367,-1.4441505765197022,-1.4364998580701027,-1.2492589428875265,-1.3354791171158988,1
-1.270715816722167,-1.458120010917965,-1.580183509209192,-1.5445960125726017,-2.0507396257156123,-1.2214353814897532,-0.8452001542802271,-1.8432891883277087,-1.9014884593455805,-1.6814157981279307,-0.556206986247644,-1.2473351245937563,-2.0011951433750563,-1.2713884587129487,-1.4088001086003217,-1.1995922348796793,-1.5396308614628003,-2.082148845422012,-1.5457807808066721,-1.5010365070459968,1
-1.568237681078083,-1.2918092092191757,-1.4945739112635053,-1.275364354416453,-1.384201418000389,-1.648066566003139,-1.6835814674456115,-1.28022500233936,-1.517024390774936,-1.3545339922083244,-0.9157981046374658,-1.6688980622092657,-1.066877457520917,-1.0465459827863641,-1.206469114905146,-1.4543690436112517,-1.5156836929922992,-1.2499124731817632,-1.221908452457803,-1.2016435102631757,1
-1.9370880183790842,-1.6147952982177238,-1.2814775360000874,-1.2479172477230727,-0.8829302611941878,-1.472351342981512,-1.5499345976546284,-1.5423042279265715,-1.6108002517818834,-1.570277791918035,-0.9664938351581366,-1.5896825233714307,-1.1592048225667166,-1.069334343100934,-1.2958231111508736,-1.6788891283580447,-1.4780199652561732,-1.0776583284150145,-1.0863637004851976,-1.624588562579912,1
-1.609347078002142,-1.1812125326037564,-1.646166816380113,-1.3930124987408108,-1.59269920325178,-1.644677569558143,-1.3259356117244319,-1.2976043975632927,-2.21404592070236,-1.2899716113456328,-0.8892524271246095,-1.4577125458906726,-1.455268289673382,-1.0677263027826975,-1.076664944678676,-1.3079185417915564,-1.3361055197485157,-1.1569481379589794,-1.1448765010732123,-1.4168184545689269,1
-1.3364132724227462,-1.2312233378719122,-1.651154168601567,-1.1479637649397265,-0.8095744895935377,-2.065154995702179,-1.4471909220935057,-1.3072258531678433,-1.9590353675375443,-1.5741788701681916,-1.0426728382177437,-1.7953378897229721,-1.9909658739732339,-1.2762364511921596,-1.1836168612746591,-1.3093779177566158,-1.341757404088067,-1.0476067011122534,-1.414124181759669,-1.2411597587661702,1
-1.9229344082788697,-1.42123165002993,-1.1484927105627003,-1.3153110855446286,-0.7604343377497125,-2.000640615593994,-1.5607482181080874,-1.4684884840428076,-2.274826239792824,-1.3564330345700741,-0.766642317203655,-1.8022621882244725,-1.8293672719062353,-1.0536007919009531,-1.5714097280590495,-1.3491998398269356,-1.5421905502032949,-1.3991036196604156,-1.1783628799920194,-1.401041287810448,1
-2.0477801675862124,-1.311117961986892,-1.2113742423512186,-1.3025554248421785,-0.983001073678443,-1.7463365902578152,-1.4799729581415944,-1.3776199558043103,-2.2433737637211832,-1.3376429964605236,-0.8082140126970969,-1.6640145709161722,-1.7325288882539158,-0.8141063843187428,-1.4924228101094497,-1.3072663571215948,-1.4051485184937202,-1.608205187417681,-1.232940726256332,-1.5346203442537933,1
-1.4357327678256453,-1.4798946415454544,-1.0497521254508815,-1.278861813945825,-1.3506441160919063,-1.5181001664085603,-1.2972067996708272,-1.206277800854501,-2.0920891887392163,-1.4214513517419536,-1.0171065989240171,-1.4577770511889088,-1.7414172994633028,-0.904601570898847,-1.291475425169797,-1.4928724391094372,-1.3878221950071503,-1.4452759257896295,-1.2860131239631223,-1.1589657580149024,1
-1.6907658166373043,-1.3630712340862576,-1.5255436159341906,-1.2549575697019626,-1.2341446046194315,-1.3970737592488232,-1.394598964972298,-1.1587873909542747,-1.5407023463907383,-1.5342790792084826,-0.9387498341496127,-1.6190891801209264,-1.3785155627498171,-0.9964673025415691,-1.2546205971098074,-1.4291228535201197,-1.483534834745004,-1.2080550607977723,-1.152407554576407,-1.3480229299145887,1
-1.54117363567319,-1.3026930701797725,-1.503229694157108,-1.544273202706729,-0.8830379105829269,-1.5529085173391224,-1.4212886302162424,-1.3077380971123758,-1.531083837121383,-1.3205059240574648,-1.118453622630049,-1.7096323685010124,-1.4424991820494677,-1.5403873445111667,-1.3138334487450118,-1.4291834419878042,-1.6052898430199314,-1.2067973771911253,-0.8113849818157406,-1.2963086639174402,1
-1.398976380212892,-1.3611997438595742,-1.1067218003226929,-1.403574230704256,-0.8076640848159171,-1.8593833719653752,-1.3253640627454308,-1.2269674420959527,-2.0998917478882504,-1.3198434558088294,-0.9860909536085968,-1.8660108768692132,-1.9728015038183504,-1.4810797572688172,-1.0516939878893865,-1.4116299406178743,-1.4811080378764787,-1.598906732824993,-1.2366313359755914,-1.2031289140286865,1
-2.321950745519331,-1.4854620461745485,-0.7830569529279914,-2.0892390819593345,-1.4576100746143807,-2.1297128947767123,-1.2447768675000837,-1.3653450289193818,-2.14387101961202,-1.3646422853719578,-1.0280471732143295,-1.5250868670334576,-2.4951262997721657,-0.9910907701851973,-1.0546964431396009,-2.1506876614168426,-1.5829950334687726,-1.337897573037997,-0.8145732396462608,-1.3232610962025682,1
-1.5528932506707558,-1.6560944529502823,-1.1661397987373427,-1.8697670404936766,-0.8910289057926832,-1.6682981924404754,-1.1021955272603778,-1.1526298974869513,-1.9869100394140056,-1.5349645969185766,-0.9319022943202476,-1.567901576534994,-2.4783516492981197,-0.8930852414751576,-1.3737610641660694,-1.1359302712757076,-1.25428943420068,-2.3708061563473564,-1.6946929536906505,-1.2325355290155848,1
-1.203830684617359,-1.1878498604927394,-1.490425441863751,-1.273774739028733,-1.6693906586469265,-1.6954286440712596,-1.2296588667526365,-1.4141108563700595,-1.7902574304317591,-1.4412034431003649,-0.926073009430576,-1.727654630946296,-1.9057526956296766,-1.1170123034798416,-1.296536130375605,-1.3200607888399154,-1.5165524762231357,-1.2957943469606603,-0.930164059224903,-1.139084422536894,1
-1.0494760973571706,-1.3451749096659646,-1.4282317883189484,-1.3895212217142132,-1.6374111531484725,-1.7572905450665235,-1.301249326945833,-1.2777547416833548,-1.889379719260167,-1.3203453331664425,-0.8440073849719315,-1.7917907789264407,-1.8867098016762223,-1.2167443218349736,-1.0602688903360158,-1.3258864837145496,-1.367357997868305,-1.573264733090322,-1.2624571715785062,-1.0365363688684957,1
-1.240639783400808,-1.1851262247733623,-1.4461114212679897,-1.4550278355036763,-1.8519223624615966,-1.6807628069389837,-1.1649036050088541,-1.3841283470683636,-1.806990113845465,-1.3369205019335473,-0.9887140794916073,-1.765425442224679,-1.8304353685660135,-1.0737601077944208,-1.2402557315688179,-1.3468558917197277,-1.4064566289562994,-1.1833366174545588,-1.00915971131575,-1.1193531449167204,1
-1.1729461482350672,-1.2331597603670534,-1.6061189648156997,-1.3988950674273475,-1.6233505189305946,-1.7848804900049102,-1.345492085144697,-1.2924411858761933,-1.7658922691203833,-1.315325274015989,-0.831831438139216,-1.571726174419992,-1.958911437628887,-1.1286149406801906,-1.4473061796245603,-1.248959637461957,-1.4743005750255265,-1.5135681413991422,-1.0605862723365098,-0.9782662344123799,1
-1.1122569552523411,-1.2719946907916109,-1.5038503911822125,-1.3955760768060042,-1.6156101859386303,-1.812142671347985,-1.2581045391457664,-1.3130440332666122,-1.878627430082371,-1.3701584333273882,-0.8773418763928316,-1.5328147629181132,-1.8736115308604198,-1.064493295606798,-1.1934613658315745,-1.2530573630768176,-1.475097513622136,-1.5399382990911787,-1.160996550026225,-1.0673590623265614,1
-1.5605377049089386,-1.4696404491835184,-1.638849685007509,-1.4507388784862272,-2.2047360249342773,-1.2884253909077434,-0.9728399921109128,-1.529700803068732,-1.88644612957009,-1.5212300645346184,-0.7484321475199749,-1.2200725030640085,-1.8332586060370861,-1.1996901759050504,-1.4236117418902443,-1.0135843768083002,-1.5735173350846676,-1.1030156248847895,-1.3211657870575928,-1.4099616874349143,1
-1.9319609701992801,-1.484134184716108,-1.1322725157116673,-0.9398514086008234,-4.01081711233393,-1.477562864082959,-1.277669709873588,-1.0683911771043648,-1.7349337870069172,-1.5465728882732734,-1.1632395870641103,-1.4585126684466783,-1.2036973846487933,-0.9505280344955139,-1.0270726250140252,-1.7255290998578143,-1.4435502238620348,-1.7114279232793728,-1.3810584800253078,-1.2174691715698978,1
-1.416371138019856,-1.393238714868401,-1.512741479413651,-1.3951030278138865,-2.014107261842486,-1.3491761813125587,-0.9600228433982464,-1.310221115259938,-2.186830989974974,-1.5721706039356584,-0.7059112450616408,-1.3191362159616649,-1.615726970060802,-1.2865954398285546,-1.7046172726493722,-1.0728207813747086,-1.5852462976177109,-0.9795414772269087,-1.9145603144768595,-1.4442869021029179,1
-1.4509645113300735,-1.4311968054535236,-1.4964421168578366,-1.2676968289013029,-1.7394868913007993,-1.484524526241419,-1.2115258247102811,-1.2557501516012026,-1.800132383427591,-1.367662366260151,-0.839862925574611,-1.5135667601710927,-1.763873834755708,-0.8564929274079649,-1.3221242539708962,-1.2895224427010543,-1.6398952151468909,-1.1910277715552007,-1.285519356897503,-1.3441146490868006,1
-1.8134166213443508,-1.431137436290962,-1.6218482899289313,-1.1309793697467312,-1.3685184539794137,-1.531117234307739,-1.2984044538323145,-1.116940619890742,-1.4891141428690495,-1.4668628819917697,-1.0572808770594004,-1.324661525016744,-1.5438386919554785,-0.999789851937676,-1.3620264261143842,-1.455597279528191,-1.3799662716256413,-1.0487343200272183,-1.317616591076078,-1.201168636449822,1
-1.5697874526431443,-1.2165291654183565,-1.7322103102309527,-1.1580350448473629,-2.084144188197453,-1.7309191707669347,-1.4271514604017126,-1.0131116739769974,-1.1802926474522315,-1.5061332677637929,-0.8414951650555882,-1.5463778967769004,-1.6340892037524688,-1.290376047567397,-1.230349618913048,-1.4058652694180065,-1.4027134473663379,-1.2238654828850868,-1.2051308372353107,-1.2278548848117645,1
-1.5884422708583408,-1.179686083536977,-1.4534647844346966,-1.2053181575695124,-1.1290011294937223,-1.6024100880620817,-1.5067377730895526,-1.0761148398294582,-1.6411772932485018,-1.4054323128974793,-0.9786062752487431,-1.70797907997412,-2.0892174422747405,-1.1140122918153348,-1.336168123684663,-1.3714516385696873,-1.4122329533575102,-1.0149525943669346,-1.272854516723048,-1.3273355509963,1
-1.8467338028896825,-1.2605628459978038,-1.2841187920964392,-1.4984564540488454,-0.8496763779213999,-1.8404741351615017,-1.556614121839301,-1.496892815296442,-2.3269814962684556,-1.4101054497529406,-0.8122657423694567,-1.8073219103863072,-2.3294393950284378,-1.3734079218361044,-1.4826834260715442,-1.3445861184005359,-1.3243105441108551,-0.8517941567874784,-1.1246164359051762,-1.5195462237156858,1
-1.4864570019750178,-1.335510451361976,-1.2739942193980027,-1.9129962807255436,-0.9042904248067704,-1.6476055461275532,-1.9308380635748361,-1.4634733383012124,-2.0428994142307313,-1.5752339379901386,-0.9558416871498073,-1.6177329932556368,-1.052967711427734,-1.0022995996183037,-1.2083139349126095,-1.1621658359611553,-1.2388669414949993,-1.7071586032053652,-1.512589762438521,-1.185518402489442,1
-1.3116775881450538,-1.1350884267362857,-1.2881927600854723,-1.4052138898005009,-0.9529107105817198,-2.211011956113459,-1.5889032696595031,-1.1915540306484902,-3.0995878260855125,-1.8178678606373848,-0.9540054622420321,-1.6402536400516747,-2.0865689590574172,-1.0604384407755798,-1.5706814510733453,-1.4316336241862146,-1.4086145032172657,-1.0067509773039582,-1.1732991411579294,-1.1827233131163162,1
-2.1892849120526616,-1.8064675944144408,-1.6666568055623,-0.9535039615262672,-1.4922240266336897,-1.5740019170453665,-1.0284636822305864,-2.717306464051807,-0.8457547476476683,-1.407354925001809,-1.0890347012775288,-1.7266695050061858,-4.4271548827087805,-0.9273965970199229,-1.9547727700880753,-1.6299182944113317,-1.308489026570753,-5.61737663791306,-0.7648717633377771,-1.4577337754875161,1
-1.2321171323981854,-2.243555799924781,-1.1135734320559751,-1.7211306283218226,-0.9618633278202633,-2.7993606279618968,-1.8743132272406433,-1.079116517511622,-1.2061951552148944,-1.4284172048134187,-1.205547694667046,-1.7497153874377,-2.3510091064089815,-1.0157481122873597,-2.2862117821104406,-1.3971306337322476,-1.0516840304382635,-1.2374479059724568,-0.9626082739234799,-1.293670382199378,1
-1.5091058515628228,-2.2983345691036927,-1.1861721665601062,-1.4981015930990955,-0.9310784385491285,-3.2602303247707636,-1.9653088742876343,-1.4384476225718315,-1.6752597102154945,-1.4465808877508233,-1.0085497575344888,-1.4557591714003761,-2.7648131926369772,-0.9801654049538673,-1.6293262704627856,-1.1368576438019067,-1.1509848302753067,-0.9336501809411141,-1.079489084710092,-1.4102351915831157,1
-1.3496924745771908,-1.3539355424500212,-1.9698068118591128,-1.5548828454128305,-1.4228330049301254,-2.1837707667121298,-1.264196771035022,-1.0108540094763063,-1.6563866065057256,-2.022256237700759,-1.469827230471012,-1.9115369028792453,-1.5438673314992386,-0.8792606402027555,-1.9600140887573692,-1.198870820950003,-1.0595198236184056,-1.0963809076702653,-0.8396000088482278,-1.287162788924584,1
-1.2590706536458791,-2.083031055207221,-1.5249510528810482,-1.0009161400010154,-0.9752206985264756,-2.3975063711791704,-1.6411796742931224,-1.970711574676277,-1.4287416747143105,-1.5868032703887724,-1.0856503951347258,-1.6404832359053383,-2.1075452217572597,-1.0063516165528394,-1.3918194955063194,-1.2855972980723875,-1.2123126011367618,-0.9009840592653368,-1.1665011856096674,-1.3805230006055091,1
-1.6535836554173236,-1.6191025142394968,-1.502546108292129,-1.4059414974222468,-2.0994587329134147,-1.1972511226865743,-0.9058727017226472,-1.7887357869677567,-1.6441733572491493,-1.311976716862188,-0.8498832471066993,-1.1355279994973497,-1.3249675125921272,-1.0366707300670337,-1.6359324554570842,-1.3259316192825996,-1.4031019391886996,-1.480804278770325,-1.1501893566344292,-1.490772910504032,1
-1.264573699258482,-1.3941408297009625,-1.1730229536953851,-1.7423835880576974,-0.8474240997331193,-1.9284611470872601,-1.6152620482114322,-1.2869340618193297,-2.2346659792162193,-1.533624006325193,-0.9416282686131688,-1.477107964108732,-2.2950661611606993,-0.848581505102631,-0.9725441089988999,-1.269289935747862,-1.4054049004460547,-2.6019639053979495,-1.722021421811496,-1.4028733945666259,1
-1.6383275882355868,-1.4426579374377795,-1.1709671640697936,-1.509573551810013,-0.778041091131696,-1.7106869813943302,-1.5310365212823964,-1.6162446063038058,-2.137352426475825,-1.4078086012809499,-0.8179531811615718,-1.8406216104910444,-1.894588967338817,-1.224678004348821,-1.2971304002927067,-1.4967212481546974,-1.4010059562094863,-1.0422532918819734,-1.184616891184666,-1.4053167717859114,1
-1.3950335340830964,-0.8343771041905791,-1.4799212728799496,-1.4849179714298095,-0.882702467655856,-1.3166805580567518,-1.7168332600497849,-1.1618476993757774,-1.8049769289260602,-1.3637661258636604,-1.0405833612785225,-1.8413152650961329,-1.882768933152884,-1.2842883680100148,-1.3020571527100868,-1.5561804996897293,-1.8544113757244935,-1.454704507111942,-1.3673639457062279,-1.0917305534779966,1
-1.5489127221288166,-1.2976472666021304,-1.1960121569386661,-1.7357961453366682,-0.7666663021409161,-1.7937219196327019,-1.525958178413509,-1.2645915680063309,-1.7888990146928798,-1.3922227370931295,-0.9243876677231528,-1.515972279428004,-2.5077994595768276,-0.9883296165319206,-1.2203646787166444,-1.3038164389253488,-1.4815992840564114,-2.134091992087174,-1.4078290742507416,-1.1772561798032675,1
-1.454698580878618,-1.3414267571800078,-1.2488735101332569,-1.719836092438544,-0.885856790370482,-1.7043214044657042,-1.5879954296905374,-1.2154614579352003,-2.2791066347259625,-1.4217409821579403,-0.8782858679757405,-1.6335696427416215,-1.7045291249889842,-0.893835831721665,-1.4764759086016122,-1.1209433110704787,-1.217629289664135,-2.087877199668252,-1.6896481188344274,-1.2010178468617365,1
-1.1864070952073704,-1.3376737196931525,-1.4385173026843605,-1.2879709599649871,-1.5544122247352765,-1.7461179152441397,-1.1595424660845324,-1.3101271291860543,-1.8032910272161558,-1.3364305618823107,-0.9212385707222387,-1.6580653449247045,-1.8015753893775175,-1.253301712832826,-1.001628699730537,-1.335702120805537,-1.4472228529505804,-1.410434880786944,-1.2163454737245598,-1.0940885873711257,1
-1.34814572968275,-1.3175705075674458,-1.485132828471038,-1.3495359853111315,-1.648661442492897,-1.9148194343798552,-1.2020214202210666,-1.530406453106252,-1.6787250170866177,-1.3588951306929633,-1.0400265868312655,-1.2360450843228645,-1.8611235798365497,-1.1932803990447005,-1.3903598412962717,-1.3483522635270249,-1.4626616833073203,-1.178966038048454,-0.854025603630338,-1.0723937215890427,1
-1.4752005108598782,-1.4137701835371854,-1.38889760890315,-1.6862885252899948,-1.1629363472885683,-1.6155790261773626,-1.0298946842757803,-1.6042936177736926,-1.5802832894935903,-1.3376207742354838,-1.0221728482558903,-1.375257362267333,-4.481789690779838,-1.3617290190069042,-0.8573504997370975,-1.386640598058023,-1.4798867930492974,-0.9397403161611284,-1.2537244884412373,-1.727580587973491,1
-1.4993851349765988,-1.338399648144514,-1.2450360542202386,-1.366332369362686,-1.419025536866124,-1.289506425234035,-1.2918606440853329,-1.2503192638586342,-1.4902595556531608,-1.3293608276451556,-1.1118798045358247,-1.3389390171389106,-1.3371083483907016,-1.0467796525800837,-1.2453181679512515,-1.6074200941437962,-1.5828041666441621,-1.3748623266524538,-1.033207806020971,-1.3442957470057977,1
-1.284986663841048,-1.5349446469962449,-1.6848856620453367,-1.4250343702104333,-1.2451026776802592,-1.506378563325506,-1.5410621759337584,-0.9907754908090741,-2.058222747185953,-1.5436667208909003,-1.0678005847738588,-1.3004235667566242,-1.694693970343497,-0.8610691909712636,-1.5521048072634558,-1.3105082532260444,-1.5587755837509134,-0.9850142487936308,-1.0926053166555312,-1.6576087779795572,1
-1.471288924305255,-1.2523119432882421,-1.428056564551367,-1.442906710372649,-1.0275821225564774,-1.6827401094426901,-1.3947289961680385,-1.2706651590079736,-1.8003576347925867,-1.4742562627443176,-0.9527395718902479,-1.6000974598398894,-1.2784665108382718,-0.9886322463224072,-1.2063392062681888,-1.3412514270487812,-1.5858772479852001,-1.3761786398512852,-1.237913599327202,-1.271916942693236,1
-1.5304495036599635,-1.304594249009397,-1.3096214380641518,-1.289817905712265,-1.3093563941939284,-1.3077503036038503,-1.182250627528479,-1.2423025437167443,-1.457543618783875,-1.3812669729891263,-1.1817017405978774,-1.394624752666506,-1.1883531024728355,-1.1379520908816538,-1.3069993433318545,-1.3541031779182922,-1.1853825968478455,0.0,-1.239376808895553,-1.2023826649532523,1
-1.390317017677226,-1.3759412910898146,-1.514405734909083,-1.292596250228145,-1.4660341525178004,-1.1844221696041888,-1.0408356060825936,-1.6189057336238475,-1.6536148763053626,-1.4999333917511837,-0.759752084208752,-1.356033142131637,-1.3877159804150396,-1.540603060897425,-1.3164235433022002,-1.3978888803684164,-1.5630948464675238,-1.2896580832324185,-1.1767663305377227,-1.3376365764502212,1
-1.6692821191405756,-1.2704619125889187,-1.3762731660871808,-1.2897641097545913,-1.325102100948765,-1.2735389093684892,-1.19900717903825,-1.4558801796219079,-1.4810282331520221,-1.3744269196139718,-1.0485392514862653,-1.5140592424943844,-1.2165208345295349,-1.0943430161115297,-1.3810293607013728,-1.406924229355932,-1.3190111909378317,-1.287444691263103,-1.155433659943801,-1.3372168326835017,1
-1.4023526859147535,-1.412671812386849,-1.3360187755643897,-1.3565474941939764,-1.465008775681726,-1.3278939370887954,-1.0941549037634457,-1.2590376688343714,-1.4979411870887085,-1.5248152598678306,-1.02199983725422,-1.4187036976971021,-1.2919147854146285,-1.2756876523843526,-1.2622078039767488,-1.3210688119891005,-1.4941005923163801,-1.3979340098500648,-1.0445561059477149,-1.291383186699385,1
-1.5499883534295287,-1.5403933712651703,-1.7362379009520073,-1.3448431009809312,-1.0554664266096174,-1.920202492168367,-1.2692109714162865,-1.1435647723205566,-1.474012974097812,-1.7389709969697682,-1.2765461740245108,-1.5062576920421717,-1.0676181743871602,-1.0809991216562134,-1.312181123785473,-1.4600835813646116,-1.4304568866331349,-1.1613839597234572,-0.9466567135740337,-1.330048980961125,1
-1.5216302785366762,-1.426900540847797,-1.6579962432806363,-1.365605631301764,-1.6682657457910588,-1.4798073830243408,-1.2898942526152968,-1.519350749274728,-1.7471781812349574,-1.4176346003897322,-0.684170792840182,-1.4704844548597975,-1.7331321888229099,-1.0748455420943002,-1.2833741121470035,-1.172542408971586,-1.5201223372587533,-1.1016519183244011,-1.2717359046316496,-1.304286380954239,1
-1.6596256998432957,-1.3777270724887245,-1.22728275008712,-1.7467008827085544,-1.1405684054154626,-1.5806244928022173,-1.2929250441571176,-1.2886770571864103,-1.610563443648844,-1.5642765617208656,-0.9215739611308079,-1.5813194597675353,-1.4418341921218285,-0.9616986794697313,-1.216309795740419,-1.295363709655807,-1.3856436823816747,-1.466312268463466,-1.207761842681061,-1.1796427572448767,1
-1.5859363781107236,-1.3781275584699102,-1.6521366495578347,-1.208300452293274,-1.0302781759930872,-1.6297838371316944,-1.4066627306245683,-1.0738435175276868,-1.403391402917337,-1.4468987182873752,-1.0909838718539866,-1.7097088674638283,-1.5944235543358556,-1.1308879225828803,-1.1702071662008984,-1.3518425054339862,-1.5341528998017504,-1.3812450089841901,-1.0260063860858153,-1.2564235649699467,1
-1.5355114643927428,-1.318577719150117,-1.260932818632132,-1.352554689665539,-1.25501181233224,-1.3872116327182726,-1.23138306818489,-1.2316008644826422,-1.4573567082938474,-1.4455916425169562,-1.106666973326311,-1.4591415077899867,-1.2698799906430887,-1.1116067030946017,-1.3296559841003406,-1.471545864843694,-1.2286273095716151,-1.3097279979667222,-1.281945478179433,-1.2676595196693399,1
-1.41303720792799,-1.717260172590307,-1.7995401763958492,-1.4742938333311413,-1.2159117152247665,-1.560362860044961,-1.4982508969646502,-1.2612226662899335,-1.231126592950823,-1.4063999045621514,-0.9274672060238106,-1.371870990782706,-1.81133349577069,-1.4496027064699217,-1.2415562485363143,-1.2590739840790126,-1.5049705686128931,-0.8323660528577581,-1.1558401448690927,-1.3216208929964819,1
-1.6913075567817566,-1.259451518754763,-1.3131348224197725,-1.3379158787419976,-1.7033675920620601,-1.3509256269156127,-1.1795228891982488,-1.239035840324629,-1.716018946984617,-1.4874508824332633,-0.9138106339838641,-1.52004055922394,-1.373539305932052,-1.080350757377632,-1.2256437146690038,-1.2823967014286914,-1.4749330722466232,-1.2676779123292805,-1.169471100809218,-1.3402983332658043,1
-1.5338255076582434,-1.3131789656532764,-1.4103732695675368,-1.2788634456108023,-1.5365712944137175,-1.3788462711721923,-1.1482467423542604,-1.101256136786373,-1.7777103264710186,-1.2994993804514066,-0.9792233247953569,-1.3384789667685908,-1.380251779286528,-0.9866454986520915,-1.067919377966176,-1.4483326085715216,-1.4199718230194782,-3.93785457205752,-1.5518129205292166,-1.2238302380562462,1
-1.6212782745704315,-1.3783092581639889,-1.4265462936269666,-1.2535988496675825,-1.5822857000728696,-1.4281856915110502,-1.1797179661703137,-1.1082452521916075,-1.8108935287676855,-1.2245486424543204,-0.9042930316308972,-1.3076379686808313,-1.5495708473237517,-0.9157529825297319,-1.2798764695295148,-1.4796549456221315,-1.5672649654061706,-1.3658434311058327,-1.6297387591295829,-1.2546198711721268,1
-1.621991312687157,-1.300436689954487,-1.411905953252016,-1.2838269378294171,-1.7622496712582536,-1.315218481400288,-1.1384428127464632,-1.266577208360554,-1.5581458393849887,-1.2701294956394584,-1.0744189971908207,-1.3063787464550844,-1.4349175422756826,-1.0110794908956606,-1.5159918565948416,-1.3696238498607907,-1.41099829247793,-1.227779082796801,-1.1569247673999628,-1.277932348001831,1
-1.6063038029642396,-1.5170568046849904,-1.6570474154735944,-1.1566420754808402,-2.044429034574547,-0.7755715838724762,-1.0236331732119477,-1.5102887212934493,-1.359093377114386,-1.2888385043956072,-1.1332735875104922,-1.0646990310658762,-1.2926292916905495,-0.7253278741609348,-1.8022341973039466,-1.6021540452797745,-1.9094871107586684,-4.747756085074674,-2.9352281690028628,-2.6089136064209444,1
-1.5011866722472165,-1.4617361511589164,-1.5169121712422493,-1.208349604027723,-1.4601067070948366,-1.3610066806585581,-1.2254863301337149,-1.4350736932594628,-1.8422790025150417,-1.3295643291760986,-0.7957608641785824,-1.5459753301984558,-1.8874546356058413,-1.132349386463893,-1.464957217896095,-1.2577001758199136,-1.5244080811976448,-1.0672509435106587,-1.1349079056573914,-1.280418587437621,1
-1.750387448751567,-1.6399068910381187,-1.087329226707515,-1.147457534048076,-0.8781692952074607,-1.5928668392170324,-1.2976025742661683,-1.1033102468356117,-1.8173966290491959,-1.4588366046592347,-1.2100234190029235,-1.4284927901679707,-1.4455792572289379,-1.1590994198398006,-1.4345117438785573,-1.5732938144696949,-1.3442407201076578,-1.358179069045578,-1.1305554369012154,-1.4149809378726514,1
-1.5416448331498873,-1.4362377409245028,-1.2586249933871858,-1.0650603772466691,-0.8663118154946678,-1.5399755242610795,-1.2715138333619487,-1.0948373585979927,-1.7769305639265986,-1.7217009171416633,-1.148539734793879,-1.8346325503441288,-1.703702666613356,-1.1199374688709824,-1.3007466502239773,-1.5132282532875623,-1.3002890773634124,-1.4781110258754113,-1.243788289203182,-1.2476828802372335,1
-1.3740300604168523,-1.2886185887711872,-1.608590218631968,-1.4418934258981748,-1.5785306572110185,-1.716634820771874,-1.307828378220334,-1.053350394255238,-1.5596664138407186,-1.3780971457509825,-0.9110470057050654,-1.5744007182879156,-1.5921752730748586,-0.9384785180622349,-1.2908787052197195,-1.336046234208829,-1.35603231474733,-1.4556059015759935,-1.17465001999407,-1.2264069955263033,1
-1.3851791096439825,-1.8215388457177693,-1.6703419464976794,-0.8108108281750008,-0.8839199120206321,-1.9295281495634957,-3.247247778312146,-1.4047057310529645,-3.8304788059832187,-1.3119943894199475,-1.0405617644328016,-1.4601048717045033,-1.7982188407304627,-2.86713049949389,-1.2225684355274025,-1.3317687753090806,-1.5392309746227628,-5.317804179451595,-0.8172876523006972,-0.9754621516742883,1
-1.3819984863894648,-1.2556884214751263,-1.3974225186491775,-1.3721308412908146,-2.7883509591304625,-1.5469431099074156,-1.1672358877843507,-1.1717070905806974,-2.1326626019238684,-1.4768791652352746,-0.970923660148979,-1.4293175606271928,-1.3696412666737645,-1.3404014559256117,-1.165101541567048,-0.9229443242344334,-1.4174990555300853,-1.3759672920227943,-1.1416311209149488,-1.380698965880311,1
-1.4819569031683488,-1.606884046809592,-1.4444128456011758,-1.2864910396862923,-0.7820286726535813,-1.8254703664043603,-1.5520672092519388,-1.041762032579749,-2.0457475235408196,-1.37342217838547,-1.0716363294405808,-1.7712410180972566,-1.3666998822189202,-1.2359231138394244,-1.1178969548372528,-1.4795837344546696,-1.6086879142099075,-1.1464437374735168,-1.3145141784102221,-1.3215332568041263,1
-1.6497068350254573,-1.5040265333076765,-1.3536985973154672,-1.184178106399515,-1.002159020242998,-1.5275235590896046,-1.2183027930809345,-1.2356037020837949,-1.726112434149472,-1.6285955578468354,-1.005175158088252,-1.5525784467731554,-1.2779230633081886,-1.2545135378193446,-1.273896252455413,-1.3862513099476186,-1.316879470903451,-1.448236604306673,-1.2201375185301628,-1.1377219728700279,1
-1.5644606611230776,-1.3466811518145334,-1.3116749237193333,-1.2870064849316396,-1.2872964695209572,-1.3390758775210487,-1.2280016358393346,-1.2481472266708893,-1.4866426557258459,-1.3940600000841943,-1.1441192992309968,-1.3914050935437574,-1.218921991135144,-1.1313620546161616,-1.3424297618872463,-1.455622702577738,-1.2392743743945183,-1.4039111468665069,-1.226585897678864,-1.2388785694451512,1
-1.4005179559074508,-1.5564218722124692,-1.556522868088862,-1.3624507090648095,-1.296230057377783,-1.539100042707121,-1.3364438293184762,-1.820120444612121,-1.9466765977175706,-1.0704513392744626,-0.7176516025846907,-1.621053279206559,-1.8655013929674942,-0.9787102292247238,-1.3682281280740543,-1.3263706915531437,-1.253162576436524,-1.40310611537989,-1.1873246950365752,-1.3999684187339754,1
-1.5012621478491517,-1.260149547573068,-1.453337899930376,-1.3490374715913633,-1.4055732098113054,-1.5239178248335024,-1.3613395739773038,-1.304781477553404,-1.9217832648203779,-1.3385661345843038,-0.8284282930912648,-1.5012781877225971,-1.5698850110549374,-1.0906459590940614,-1.1603138572151908,-1.3147265576198461,-1.2400988386043663,-1.3127459381340825,-1.3449457077601406,-1.248944472597641,1
-1.4385155013076536,-1.5345881833190183,-1.488452380354849,-1.397771917772274,-1.3458509014969724,-1.6438658664444992,-1.3448546937312609,-1.7989339417079795,-1.930488083444987,-1.2656798254212611,-0.6505754404925705,-1.5846420562103014,-2.0108694684851574,-0.9423362185224126,-1.476772882534405,-1.2916530177928545,-1.282580633282694,-1.192992055752402,-1.2774879612614496,-1.3987131608007441,1
-0.9200291918369392,-1.2703805725650157,-1.8297398693605231,-1.42985980945116,-1.6747604350016398,-1.8757106654739146,-1.3841317439763803,-1.309163777979102,-2.1054338439446276,-1.472824724080189,-0.6918973848124772,-1.9527787011692692,-2.0714134978950822,-1.1582341696511698,-1.267538763759948,-1.2630102075592808,-1.3524083345191042,-1.1464847946053032,-1.502326314622092,-1.2246278730832367,1
-0.9967715313918857,-1.2237167399482858,-1.8501994564857618,-1.2641336958592229,-1.4758954070450319,-1.6980455902784137,-1.3265380490290326,-1.192091495550632,-2.1127503457556567,-1.5589496328668226,-0.7892820566196554,-1.9984731977016734,-1.9413057595975527,-1.1099296155208476,-1.1930217843885087,-1.451746664149904,-1.4035227489340347,-1.1128941366958331,-1.3498207098714445,-1.314682588864107,1
-1.5151246217650356,-1.1590795569858385,-1.4809802152179874,-1.241920071995285,-1.2427361535617516,-1.0947755879585062,-1.308315543001164,-1.1561193120205513,-1.5758129907051344,-1.165384640930798,-0.701343780736629,-1.574796752331908,-1.5883614255526364,-1.6932515120691702,-1.5853457463865133,-1.49248241531971,-1.5244834779693088,-1.7729922341159137,-1.3886421448408217,-1.3873051274147739,1
-1.5108438985766,-1.553358283765025,-1.4789242012654056,-1.45880765583614,-0.6972296771621427,-1.7971857835956082,-1.490766388950362,-1.1248789652083173,-1.8183227211610204,-1.423960135098623,-1.0351243824149303,-1.7328214941352373,-1.5180015723863183,-1.2478465661875127,-1.1994433046618105,-1.4539127965093488,-1.763959985301458,-1.067373305706317,-1.3186849136256562,-1.3053197913132522,1
-1.601827559144959,-1.451061983218825,-1.645841944284852,-1.4858925184232357,-0.7240612399002334,-1.7981401935376669,-1.5496148934725347,-1.1213946628333227,-2.0180112993832173,-1.4095822784572425,-0.9980258084956242,-1.7343572881148315,-1.4875307859514104,-1.2030906484485386,-1.1387466635140788,-1.5235040542975977,-1.6959381167202043,-1.0264717122205607,-1.292185932047348,-1.3436536155754017,1
-1.8661433094318087,-1.2825137697561466,-1.3655035799293633,-1.2896563001555519,-1.224646279960224,-1.3567857098775482,-1.1724826940893593,-1.2802184713056373,-1.4543560716348698,-1.4222705510734721,-1.0963766458806126,-1.3319224219165633,-1.2896942033931413,-1.1039664346132796,-1.4489762052270758,-1.4669740191686347,-1.368336791770118,-1.2746749147321734,-1.1686338872076627,-1.272360720554306,1
-1.6095235637345062,-1.4580999101402141,-1.5369146807918725,-1.2702428735722815,-0.8151487491701885,-1.8516791364683975,-1.4178592818932063,-0.99752989116318,-2.1241232125258644,-1.3801399935906649,-0.9998795056540588,-1.758715890079893,-1.3503277489167806,-1.118852697745086,-1.2369824306076975,-1.5347140596707565,-1.7357126290205813,-1.217836848844505,-1.2385887404360554,-1.38897241923405,1
-1.6038821031927621,-1.2857611896539323,-1.7019115968222116,-1.2435042998009196,-0.833255799725095,-1.6276350907717403,-1.1862808494481387,-1.1826882125022538,-1.9747352604712216,-1.4083119739756238,-0.9117533757840585,-1.4714280233278225,-1.7466966227103524,-1.1173619887338362,-1.1889780277389184,-1.375224640546284,-1.6991385573641176,-1.590221717615882,-1.2795441032074528,-1.3987226741908407,1
-1.5940531494485688,-1.3765912917426764,-1.539092217190506,-1.2256861570517528,-1.3021995417547378,-1.465569812715782,-1.229021641360076,-1.2081155842028088,-1.660509219833349,-1.500357465294047,-0.9475904661419493,-1.5242662178830086,-1.182355532217623,-1.0343375914560988,-1.245348134162221,-1.4394953733079168,-1.4843956377425969,-1.2532887788992293,-1.335018915711441,-1.2456519806255002,1
-1.351351829282881,-1.2220091720247965,-1.8278799867924462,-1.3912558573147578,-1.8486615847447907,-1.4831884792394832,-1.3573274653177503,-0.8864700254392187,-1.6065519973293523,-1.4956793192860358,-0.9043297322602292,-1.9646811389235483,-1.3637644991579905,-1.0975387273346353,-1.2091092995457484,-1.3817970331889249,-1.4352799343940068,-1.5073968671336575,-1.0930600935018624,-1.283718753839768,1
-1.5366216747993617,-1.3180916079133858,-1.7757731410272304,-1.2680382750622767,-1.113370594580336,-1.6373866674476962,-1.5575712525955363,-1.0405179710415722,-1.8453037798619767,-1.24826269427959,-0.9716956567513562,-1.4670498294969587,-1.8260578705567019,-1.1042296554967632,-1.331694518472894,-1.547625485829155,-1.3462777881391141,-1.0076123678422864,-1.2456933742477534,-1.2750789809262042,1
-1.2362442424154303,-1.3593378905336582,-1.748737949014294,-1.3608542650020918,-2.0364847597094955,-1.4519457464488115,-1.3494407465869331,-1.3969185224082654,-2.110643811400148,-1.32474579881036,-0.6220404806951607,-1.5684143924491636,-2.3228506073820383,-1.2300520801709198,-1.3176007824073346,-1.0792004083061917,-1.442394043313103,-1.0888115132548182,-1.6359955418329986,-1.2940580919026536,1
-1.6204710014612769,-1.2736589466864068,-1.5379932688743032,-1.433318698683544,-0.9639496361694128,-1.4941103671206732,-1.2031114330259807,-1.2237830726622942,-1.830329933678932,-1.496497778056619,-0.9277551581299124,-1.6270356380763746,-1.4637433349364422,-1.0356300566500587,-1.239888276376996,-1.346962787873321,-1.5791065987176687,-1.3858103996861129,-1.140720191545859,-1.436062594235052,1
-1.7774131974557001,-1.5712356466513515,-1.5679260570741493,-1.3108097903120717,-0.981180623651157,-1.793109967522211,-1.3163041507418405,-1.2483494760212648,-1.2950517477468253,-1.6121185434251015,-0.9817644215150954,-1.8318427684151581,-0.9773206261980673,-1.1959097618154122,-1.219097580316793,-1.5181326337005296,-1.4974423928941551,-1.2495495134869368,-1.267094585265398,-1.2275589500808108,1
-1.6291108646885948,-1.3010168620954525,-1.5447391719299441,-1.2817028967186412,-1.3637990870190364,-1.3807520022859845,-1.2279962769439152,-1.315651439262654,-1.4660929497793334,-1.4031311969216025,-0.8878450972289734,-1.4062428219112317,-1.551147912358548,-0.9343064650172972,-1.436268170168765,-1.213944234357653,-1.5266056910535795,-1.4013621324569205,-1.2587534029455867,-1.3546816691645713,1
-1.7285559509325712,-1.5725856977650416,-1.2202227890231272,-1.1668880402392834,-0.8871421015089438,-1.5466835428906531,-1.3017970397157894,-1.0976544408444842,-1.7938045387882495,-1.4014937645425622,-1.2356293828589968,-1.597781218432792,-1.5604260339786074,-1.1516032502135727,-1.322142495626238,-1.5017659056342678,-1.3342736279902538,-1.2543020587747769,-1.0898939713547284,-1.411185120421651,1
-1.554092656478236,-1.3851356539392619,-1.6083187665973786,-1.312894126555158,-1.6751646112487568,-1.7179986607830882,-1.3834960964199177,-1.1785350604381926,-1.515822937748014,-1.3328447010843305,-0.8664947063682351,-1.4293840192263068,-1.841657364541256,-1.0287763721929724,-1.4000720749170095,-1.3125465500388556,-1.4414447631387708,-1.0016778426206514,-1.1344525121055002,-1.2687460126557106,1
-1.4803536656424032,-1.1539541999005245,-1.6988751515868001,-1.2352956423303227,-1.1580092456777544,-1.6352116321714545,-1.4285537979436915,-1.418711343247569,-1.809268701562994,-1.2532263932977656,-0.7904387661075729,-1.7156044272918107,-1.3384600700360147,-0.9948147472796819,-1.2408731236152937,-1.2473347250673172,-1.5933940883387478,-2.9611617024415438,-1.2412316897550044,-1.2769094296224313,1
-1.4607727386315492,-1.151670074008698,-1.5792143104564398,-1.2371088069739546,-1.3625182732783612,-1.520143424809123,-1.2961106740478632,-1.4995672520161618,-1.4031552181190672,-1.3019468817832012,-0.8599734422943363,-1.5869506855825146,-1.8271634336137597,-0.9124107046351072,-1.1105460426706784,-1.2152598937686852,-1.5459418973551764,-2.33950527554204,-1.3787648405063573,-1.2931428448829203,1
-1.6494289169235612,-1.225907882433102,-1.5454045275632335,-1.2655680941987297,-1.357510045035473,-1.2295856918866495,-1.2283424593628012,-1.1326587200030163,-1.4423260850721662,-1.421241946147156,-0.985990422857996,-1.5949211543662005,-2.2554855241926286,-1.0401576753451358,-1.3085205036068788,-1.35962617594501,-1.3450281784620934,-1.1922133242445794,-1.307332697151564,-1.3115702748098697,1
-1.5159740121991139,-1.2313057223130974,-1.3181466302208051,-1.3100225668920058,-1.268386308332024,-1.5469447252197015,-1.3643759153088773,-1.4655805474006431,-2.5287432406804395,-1.537540630510193,-0.9555341019477368,-1.0624777612972982,-1.3110611029779529,-0.9935091038900637,-1.4279319447531744,-1.4927273196854103,-1.2871275959954005,-1.5146727932780737,-1.155687688633364,-1.277630491586275,1
-1.4808905369971317,-1.4827088185496802,-1.2128637422228727,-1.422008308337565,-1.3657976269560594,-1.5698161697927553,-1.4306464555118878,-1.4498112123985594,-2.0806560384595643,-1.3380529111204889,-0.8085848825056511,-1.510280180338581,-2.1615374407901253,-1.1744415632672154,-1.0324654734195373,-1.265326438867265,-1.3187883153830828,-1.2737156155595697,-1.2860622284420695,-1.1080475516291108,1
-1.5135450225383338,-1.1685265061920522,-1.6522725463004115,-1.2374664747911566,-1.376067830045234,-1.6478626764622075,-1.3857694491329062,-1.4635039964560963,-1.7790330118292146,-1.1819312892195413,-0.8482317381879916,-1.7086895378326523,-1.4061664561405267,-1.0413543976271689,-0.9778929781694468,-1.2372674168132105,-1.5821153555391199,-3.7914598912946613,-1.2191096640117167,-1.2406715611614092,1
-1.536583269842519,-1.4966506032071525,-1.453640376867939,-1.290420475892731,-0.7734940340958703,-1.6329139464093723,-1.5255754690381083,-0.9829284195176191,-1.6651875891733168,-1.7675036314441233,-1.0511375249299353,-1.9823570934438806,-2.1175644681393173,-1.2950352269018224,-1.3239796577559453,-1.391228558407455,-1.312617902703747,-1.4559909406778841,-0.9921604236186764,-1.2426626618034793,1
-1.6969899952222889,-1.5148630889508075,-1.2475062376063113,-1.4583069571059875,-1.6041146396912251,-1.6514680213078745,-1.4990894745227659,-1.3127450482463094,-1.6156081752520703,-1.1347710508667141,-0.9798783628242915,-1.4888413787769874,-1.225089575212162,-0.9423539876614658,-1.458026055148705,-1.5197045111880019,-1.6119175761043996,-1.1586731924351739,-0.9238705670437992,-1.357579449050159,1
-1.466017966632527,-1.319851631471479,-1.5645008991793905,-1.3351113783641153,-1.6006260005296011,-1.5249675116032582,-1.2131215351168059,-1.117379125384251,-1.7112465521695628,-1.3529535702934408,-0.8687336148347508,-1.4702813565766568,-1.5126955600792065,-0.959354999881368,-1.3089708668070439,-1.437630982878601,-1.5366008658964898,-1.2184191742860797,-1.1908799593951618,-1.4099973407447592,1
-1.4405359447015131,-1.0997156084492206,-1.6968007758061694,-1.2470371194565,-1.4027249845274696,-1.434893276487212,-1.3636285501922933,-1.5164322120634957,-1.8570557276446111,-1.359714978398753,-0.880236732964143,-1.629971017674072,-1.1455608586169266,-1.1216115782124467,-1.0556655238976504,-1.2778881526313957,-1.6026177769715373,-3.75788679990661,-1.0652055607242106,-1.339943125935,1
-1.5145417043022666,-1.2999473872149558,-1.7233651561717063,-1.567368602059465,-1.2425001862068263,-1.2238527617188755,-1.5955972211658842,-1.2621101719991576,-1.5283341055666848,-1.3612537734380923,-0.8310432176731426,-1.7880227272351392,-1.5823517340515243,-0.9716619523638361,-1.1080143230672284,-1.1377046133644924,-1.3884782212386833,-3.9990770588047404,-1.1500224545398718,-1.3582822522914233,1
-1.5171454485988685,-1.5395508915930607,-1.260150577500359,-1.362009667145176,-1.4734354350462724,-2.099535502128101,-1.3737811765378927,-1.1469258458591758,-2.2889378034454095,-1.2072644598928273,-1.0324287918980517,-1.54058997702374,-1.489467998547214,-1.1709037721960884,-1.0386803886564606,-1.463354565042717,-1.083834285852483,-1.3012419707766585,-1.0606417504111247,-1.2736484946654196,1
-1.4029998735498628,-1.1574174865383726,-1.3978100192806415,-1.4130072334671773,-1.338715957651754,-1.86796656052241,-1.3953286483278122,-1.2573770137301894,-1.8869208081985465,-1.4362139887682974,-0.8084606735552021,-1.4830145684274416,-1.9028909142234667,-1.0052476180544554,-1.26810727510992,-1.4093162496335987,-1.4573733965747468,-1.4320478692295602,-1.126286058525253,-1.164055775407297,1
-1.724105233615627,-1.2399301257913835,-1.259001560341346,-1.4463275775646787,-1.312464079939154,-1.781259848836263,-1.3256619608370628,-1.3325366669270005,-1.8020846673913578,-1.3776804172926025,-0.863151544011249,-1.3594094534041932,-1.786369202009172,-1.1165001707505722,-1.3484289950467705,-1.3450873152248783,-1.4623288616107708,-1.265503170354951,-1.0849939693622432,-1.0889886003414133,1
-1.4443465730020983,-1.0282039778065992,-1.6163406815708463,-1.3943212893842074,-1.7988128776696957,-1.4497062554108848,-1.522869880752077,-1.1476166113728463,-2.830000538449865,-1.483557283522131,-0.8562737887859266,-1.7881104289882506,-1.593936439802592,-0.894241293538921,-1.1034747688574642,-1.366552080806173,-1.4811689493366016,-1.3705908076083912,-1.2604431103968972,-1.2363515496408026,1
-1.786334880787429,-1.3097719503299785,-1.310414133453653,-1.329645346955447,-1.33688346565852,-1.281861333212435,-1.2499836367093329,-1.178863295995875,-1.503116934003117,-1.4533812724994526,-1.078447134336243,-1.492791750070946,-1.197379334524502,-1.0791069165453233,-1.3379312912188583,-1.509802786857935,-1.2438704411490025,-1.327703533710342,-1.1991513422760216,-1.3472475136649038,1
-1.6513950327765299,-1.3813352571187683,-1.4434668821536802,-1.2611599665281452,-1.1778692246884197,-1.2364670741040158,-1.3345361969028389,-1.408761941380907,-1.8574942947424533,-1.3400577795265445,-1.0669212558569112,-1.372408323121738,-1.4522060049474215,-1.0231358768611056,-1.2271163337945592,-1.6056664770127487,-1.561749566024858,-1.2597479478444504,-1.037826092811031,-1.2247550687609567,1
-1.5697087577481927,-1.3075692532973993,-1.3295299037551571,-1.3580562525173958,-1.2718810364231088,-1.3678316484580015,-1.210769661676806,-1.174084260211603,-1.5095837187367882,-1.4420746391217203,-1.1009129463942589,-1.412503624179379,-1.306780970930395,-1.0902517846788706,-1.26998044405385,-1.5083511868304402,-1.3489989545697172,-1.3914296212575055,-1.1933063711639553,-1.232814238542045,1
-1.5821289739631572,-1.300616149447511,-1.3952515471059637,-1.2794284809655077,-1.4126814265542234,-1.2434457494535858,-1.142628497067083,-1.2680990384286701,-1.5315137748387906,-1.4437078138655528,-1.1069314140555055,-1.3397540728040638,-1.2520553606682046,-1.0904979450699388,-1.4310094917660072,-1.3882460589660435,-1.2943662787062293,-1.3985414844573834,-1.2154094324715357,-1.2739295564185769,1
-1.6969936790818307,-1.2386122188054318,-1.595119231730093,-1.2955335402533792,-0.9239121747194555,-1.6102907234485953,-1.5127193745040814,-1.2885274959025927,-1.3556333883371179,-1.4549469073666368,-1.1453673927590073,-1.7052902561826166,-1.1899937676076433,-1.0621914828712913,-1.340991198726258,-1.4257165535637453,-1.6569301150175004,-1.1588339386442885,-1.136345718708867,-1.292035380263117,1
