PAAC1,PAAC10,PAAC11,PAAC12,PAAC13,PAAC14,PAAC15,PAAC16,PAAC17,PAAC18,PAAC19,PAAC2,PAAC20,PAAC21,PAAC22,PAAC23,PAAC24,PAAC25,PAAC26,PAAC27,PAAC28,PAAC29,PAAC3,PAAC30,PAAC31,PAAC32,PAAC33,PAAC34,PAAC35,PAAC36,PAAC37,PAAC38,PAAC39,PAAC4,PAAC40,PAAC41,PAAC42,PAAC43,PAAC44,PAAC45,PAAC46,PAAC47,PAAC48,PAAC49,PAAC5,PAAC50,PAAC51,PAAC52,PAAC53,PAAC54,PAAC55,PAAC56,PAAC57,PAAC58,PAAC59,PAAC6,PAAC60,PAAC61,PAAC62,PAAC63,PAAC64,PAAC65,PAAC66,PAAC7,PAAC8,PAAC9,class
0.809,0.619,2.523,1.857,0.286,0.333,0.524,1.238,0.428,0.238,0.428,1.19,0.667,1.918,1.827,1.675,1.829,1.859,1.831,1.59,1.834,1.806,0.667,1.731,1.774,1.861,1.824,1.669,1.853,1.859,1.602,1.867,1.766,0.905,1.872,1.843,1.833,1.84,1.71,1.908,1.815,1.838,1.802,1.869,0.0,1.918,1.749,1.805,1.879,1.735,1.824,1.876,1.901,1.77,1.716,2.142,1.798,1.717,1.698,1.797,2.031,1.641,1.701,0.667,0.762,0.857,0
0.895,0.954,2.326,1.662,0.447,0.428,0.285,1.5,0.974,0.069,0.29,0.964,0.875,1.812,1.801,1.805,1.769,1.819,1.795,1.606,1.791,1.81,0.757,1.786,1.707,1.779,1.773,1.687,1.748,1.792,1.745,1.718,1.75,0.836,1.781,1.696,1.745,1.774,1.784,1.694,1.777,1.776,1.733,1.783,0.197,1.753,1.76,1.71,1.773,1.75,1.717,1.732,1.793,1.732,1.711,2.94,1.779,1.781,1.727,1.736,1.775,1.78,1.747,1.834,0.6,0.379,0
1.362,0.556,2.474,0.389,0.472,0.723,1.362,1.306,0.695,0.417,0.528,1.028,0.945,1.705,1.755,1.747,1.758,1.734,1.784,1.77,1.734,1.761,0.528,1.78,1.807,1.808,1.822,1.769,1.738,1.683,1.673,1.786,1.877,0.945,1.821,1.803,1.659,1.748,1.773,1.826,1.855,1.761,1.791,1.75,0.667,1.827,1.761,1.707,1.822,1.746,1.682,1.742,1.715,1.731,1.7,1.584,1.756,1.858,1.834,1.858,1.805,1.791,1.762,1.028,1.195,0.417,0
0.653,0.871,1.523,1.016,0.472,0.979,0.979,1.197,0.653,0.472,0.58,0.907,1.016,1.717,1.764,1.66,1.707,1.754,1.824,1.764,1.702,1.724,1.124,1.813,1.79,1.683,1.778,1.768,1.784,1.739,1.826,1.777,1.765,1.487,1.814,1.802,1.769,1.71,1.824,1.87,1.819,1.81,1.839,1.795,0.036,1.745,1.811,1.726,1.911,1.672,1.763,1.816,1.918,1.811,1.766,1.197,1.781,1.8,1.813,1.849,1.663,1.833,1.799,1.378,1.088,0.508,0
0.873,1.129,1.335,1.129,0.359,0.719,0.462,1.335,0.873,0.154,0.308,1.437,1.129,1.892,1.894,1.706,1.693,1.883,1.78,1.742,1.682,1.941,0.513,1.748,1.696,1.902,1.952,1.727,1.871,1.844,1.909,1.742,1.799,1.078,1.813,1.708,1.865,1.782,1.907,1.734,1.813,1.713,1.687,1.829,0.154,1.881,1.727,1.757,1.868,1.769,1.653,1.771,1.825,1.792,1.795,2.053,1.919,1.796,1.782,1.898,1.733,1.77,1.813,0.924,0.873,0.359,0
0.807,1.467,1.687,0.587,0.147,0.66,0.88,2.201,3.301,0.587,1.394,0.734,1.541,1.814,1.757,1.716,1.598,1.659,1.629,1.868,1.632,1.686,2.054,1.779,1.685,1.575,1.782,1.684,1.635,1.748,1.623,1.719,1.661,0.367,1.689,1.666,1.621,1.695,1.64,1.796,1.73,1.619,1.673,1.708,0.293,1.599,1.712,1.559,1.673,1.604,1.646,1.63,1.742,1.638,1.703,0.954,1.716,1.755,1.678,1.716,1.693,1.789,1.684,0.88,0.954,0.88,0
1.254,0.896,2.687,0.776,0.657,0.478,1.672,1.732,1.433,0.538,0.418,0.896,0.836,1.688,1.733,1.897,1.57,1.809,1.623,1.775,1.676,1.85,0.418,1.681,1.704,1.542,1.737,1.806,1.692,1.786,1.737,1.816,1.779,0.955,1.785,1.599,1.713,1.79,1.707,1.799,1.752,1.77,1.869,1.736,0.657,1.721,1.673,1.77,1.741,1.769,1.876,1.685,1.607,1.73,1.81,0.776,1.78,1.806,1.68,1.708,1.713,1.758,1.799,0.896,1.194,0.776,0
1.72,1.259,1.468,0.965,0.545,0.755,0.671,1.93,1.259,0.084,0.587,1.007,0.965,1.647,1.705,1.576,1.781,1.682,1.616,1.661,1.608,1.66,0.881,1.705,1.731,1.766,1.764,1.702,1.801,1.845,1.795,1.795,1.873,1.049,1.759,1.711,1.812,1.796,1.764,1.841,1.879,1.745,1.631,1.786,0.0,1.852,1.756,1.798,1.767,1.759,1.731,1.755,1.779,1.754,1.725,1.133,1.824,1.72,1.74,1.736,1.739,1.72,1.816,1.72,1.175,0.419,0
0.894,1.192,1.713,1.862,0.074,0.894,0.819,1.713,0.745,0.223,0.223,0.596,1.415,1.82,1.916,1.776,1.725,1.925,1.649,1.749,1.818,1.62,1.49,1.767,1.612,1.806,1.761,1.826,1.806,1.68,1.777,1.711,1.807,1.043,1.655,1.648,1.822,1.83,1.703,1.657,1.804,1.709,1.913,1.741,0.298,1.688,1.864,1.717,1.738,1.808,1.801,1.783,1.695,1.712,1.722,1.638,1.742,1.625,1.854,1.68,1.827,1.523,1.9,1.341,0.819,0.298,0
0.786,1.101,2.28,0.393,0.314,0.55,0.708,1.494,1.572,0.314,0.629,1.651,1.415,1.808,1.682,1.861,1.652,1.72,1.852,1.822,1.64,1.741,0.708,1.873,1.579,1.774,1.874,1.884,1.613,1.652,1.73,1.924,1.863,0.786,1.8,1.78,1.908,1.921,1.847,1.73,1.838,1.68,1.719,1.809,0.629,1.805,1.88,1.779,1.782,1.788,1.753,1.696,1.658,1.95,1.838,0.943,1.877,1.725,1.701,1.963,1.707,1.693,1.748,0.472,0.943,0.393,0
1.465,1.308,2.143,1.292,0.488,1.087,0.993,1.402,1.072,0.189,0.552,0.693,1.276,1.738,1.81,1.675,1.717,1.756,1.734,1.695,1.713,1.771,0.725,1.756,1.733,1.786,1.783,1.759,1.79,1.772,1.827,1.769,1.805,0.961,1.858,1.786,1.703,1.825,1.776,1.71,1.756,1.802,1.785,1.733,0.205,1.76,1.755,1.745,1.786,1.77,1.783,1.714,1.748,1.755,1.747,1.182,1.789,1.744,1.719,1.704,1.756,1.743,1.714,0.646,1.135,0.331,0
0.787,0.984,2.067,2.067,0.689,0.591,0.591,1.181,0.984,0.492,0.394,0.492,1.378,1.741,1.654,1.671,1.745,1.817,1.884,1.944,1.758,1.837,1.378,1.916,1.813,1.757,1.742,1.73,1.881,1.787,1.857,1.813,1.593,0.591,1.805,1.833,1.83,1.851,1.688,1.943,1.741,1.825,1.934,1.778,0.098,1.769,1.751,1.634,1.709,1.705,1.679,1.854,1.82,1.687,1.829,1.28,1.902,1.787,1.704,1.628,1.902,1.645,1.818,0.591,1.28,0.098,0
0.862,1.058,1.92,1.406,0.408,0.922,0.967,1.345,1.103,0.242,0.574,0.847,1.149,1.756,1.84,1.714,1.712,1.764,1.741,1.699,1.771,1.809,1.058,1.694,1.693,1.731,1.757,1.706,1.793,1.772,1.715,1.766,1.799,1.119,1.837,1.836,1.84,1.771,1.788,1.829,1.804,1.822,1.77,1.746,0.333,1.763,1.708,1.749,1.827,1.8,1.769,1.797,1.712,1.747,1.768,1.224,1.681,1.753,1.739,1.805,1.728,1.671,1.725,0.922,0.922,0.605,0
1.701,0.334,2.036,1.792,0.365,0.213,0.972,1.306,0.517,0.182,0.152,1.215,0.76,1.666,1.721,1.696,1.703,1.849,1.823,1.66,1.762,1.776,0.76,1.659,1.628,1.781,1.794,1.713,1.771,1.767,1.765,1.676,1.723,0.638,1.731,1.681,1.85,1.784,1.726,1.795,1.836,1.839,1.692,1.791,0.334,1.786,1.765,1.858,1.789,1.757,1.718,1.839,1.672,1.751,1.747,2.279,1.711,1.755,1.741,1.897,1.758,1.779,1.818,1.823,1.094,0.729,0
1.336,0.775,2.084,1.336,0.454,0.401,0.427,2.11,1.122,0.08,0.401,1.202,0.855,1.835,1.719,1.689,1.806,1.694,1.834,1.605,1.806,1.771,1.122,1.711,1.698,1.699,1.774,1.697,1.918,1.782,1.745,1.663,1.731,0.962,1.801,1.654,1.783,1.791,1.739,1.668,1.81,1.816,1.628,1.799,0.027,1.75,1.734,1.71,1.809,1.77,1.644,1.866,1.787,1.819,1.695,2.057,1.742,1.748,1.685,1.844,1.724,1.744,1.733,1.63,0.695,0.454,0
1.244,1.554,1.787,1.166,0.544,0.311,0.233,1.632,1.166,0.233,0.389,1.399,0.622,1.737,1.839,1.79,1.656,1.737,1.808,1.576,1.871,1.968,1.71,1.584,1.606,1.798,1.81,1.638,1.89,1.942,1.663,1.723,1.749,1.01,1.972,1.852,1.734,1.878,1.665,1.722,1.981,1.964,1.721,1.656,0.155,1.779,1.775,1.641,1.794,1.973,1.776,1.658,1.841,1.819,1.665,1.166,1.969,1.811,1.79,1.579,2.008,1.869,1.537,0.777,0.622,0.466,0
1.113,0.795,1.987,0.318,0.477,0.397,0.238,0.874,0.874,0.238,0.477,1.828,1.351,1.832,1.739,1.866,1.686,1.537,1.912,1.548,2.054,1.833,0.715,1.82,1.799,1.734,2.001,1.765,2.018,1.811,1.822,1.783,2.053,1.192,1.755,1.659,1.797,1.951,1.815,1.654,1.88,1.593,1.826,1.765,0.397,1.893,1.729,1.523,1.899,1.6,1.987,1.726,1.88,1.811,1.84,0.874,2.025,1.716,1.82,1.91,1.874,1.711,1.823,1.272,0.874,0.636,0
1.464,1.139,2.115,0.895,0.569,0.569,0.163,1.79,1.139,0.244,0.325,1.302,0.895,1.72,1.822,1.751,1.588,1.835,1.726,1.659,1.901,1.877,0.569,1.723,1.635,1.897,1.667,1.751,1.872,1.848,1.528,1.761,1.717,1.058,1.918,1.743,1.785,1.628,1.695,2.023,1.909,1.645,1.628,1.858,0.081,1.447,1.695,1.98,1.775,1.68,1.912,1.98,1.684,1.823,1.955,1.058,1.702,1.598,1.938,2.047,1.741,1.822,1.968,1.383,0.895,0.488,0
1.274,1.078,2.547,1.078,0.588,0.784,0.294,1.764,0.49,0.0,0.294,1.568,0.588,1.562,1.827,1.762,1.699,1.849,1.835,1.806,1.99,1.896,1.274,1.712,1.878,1.871,1.886,1.864,1.862,1.83,1.846,1.983,1.952,1.078,2.179,1.704,1.804,1.703,1.829,1.593,1.764,1.797,1.794,1.542,0.0,1.949,1.572,1.554,1.654,1.774,1.734,1.771,1.824,1.624,1.739,1.47,1.762,1.697,1.694,1.896,1.704,1.838,1.766,0.882,0.392,0.392,0
2.524,1.753,2.033,0.982,1.192,1.192,0.14,1.823,1.052,0.14,0.491,0.561,1.262,1.491,1.702,1.619,1.607,1.725,1.736,1.711,1.762,1.686,0.21,1.802,1.66,1.645,1.612,1.718,1.675,1.773,1.718,1.794,1.863,0.911,1.898,1.835,1.829,1.831,1.699,1.647,1.727,1.83,1.601,1.672,0.07,1.873,1.686,1.685,1.647,1.78,1.773,1.892,1.883,1.742,1.875,1.122,1.713,1.772,1.828,1.781,1.954,1.926,1.695,0.421,1.402,0.351,0
0.953,0.953,1.429,1.429,0.318,1.112,0.794,1.271,0.794,0.635,0.318,0.635,1.429,1.802,1.799,1.996,1.794,1.622,1.64,1.829,2.058,1.902,0.953,1.704,1.76,1.841,1.767,1.903,1.753,1.771,1.743,1.672,1.861,0.476,1.668,2.032,1.813,1.817,1.812,1.801,1.968,1.821,1.728,1.417,0.318,1.462,2.021,1.752,1.896,1.612,1.878,1.922,2.029,1.657,1.945,1.429,1.856,1.929,1.881,1.575,1.669,1.572,1.937,0.794,0.953,0.318,0
0.964,1.134,1.871,1.077,0.454,1.417,1.247,1.304,0.794,0.51,0.964,0.907,0.85,1.615,1.782,1.724,1.748,1.849,1.889,1.8,1.718,1.767,0.794,1.676,1.831,1.989,1.839,1.893,1.765,1.845,1.831,1.945,1.735,0.794,1.657,1.828,1.888,1.659,1.677,1.849,1.724,1.627,1.734,1.727,0.34,1.664,1.724,1.871,1.855,1.995,1.852,1.748,1.71,1.742,1.743,0.624,1.697,1.768,1.792,1.79,1.833,1.768,1.752,0.454,0.964,0.624,0
0.9,1.1,1.55,0.75,0.45,1.65,1.0,1.5,0.95,0.6,1.3,0.8,1.0,1.714,1.803,1.674,1.683,1.778,1.718,1.704,1.799,1.789,0.6,1.761,1.723,1.863,1.776,1.744,1.763,1.644,1.811,1.684,1.751,0.95,1.7,1.809,1.889,1.747,1.887,1.837,1.755,1.786,1.807,1.806,0.1,1.888,1.917,1.808,1.713,1.86,1.833,1.669,1.862,1.892,1.779,0.7,1.829,1.847,1.884,1.754,1.773,1.899,1.795,0.4,0.75,0.75,0
1.031,1.719,1.804,1.117,0.172,0.773,0.43,2.062,1.633,0.258,0.172,1.203,0.773,1.655,1.714,1.608,1.725,1.893,1.73,1.58,1.797,1.702,1.375,1.707,1.685,1.964,1.824,1.634,1.735,1.931,1.681,1.749,1.913,0.945,1.914,1.613,1.676,1.904,1.651,1.643,1.798,1.79,1.694,1.725,0.172,1.963,1.866,1.771,1.816,1.99,1.528,1.675,1.888,1.656,1.536,0.859,1.834,1.898,1.703,1.694,1.897,1.939,1.548,1.804,0.516,0.344,0
1.145,1.145,1.953,1.078,0.404,0.337,0.269,2.155,0.808,0.202,0.404,1.347,1.145,1.833,1.822,1.739,1.636,1.864,1.86,1.6,2.026,2.009,0.337,1.645,1.805,1.826,1.892,1.724,1.956,2.001,1.622,1.895,1.853,1.078,1.975,1.64,1.869,1.78,1.705,1.931,1.842,1.804,1.692,1.804,0.202,1.693,1.638,1.912,1.635,1.856,1.8,1.801,1.654,1.792,1.867,1.078,1.637,1.727,1.839,1.761,1.674,1.822,1.938,0.673,1.212,0.337,0
1.191,0.863,2.577,1.908,0.371,0.267,0.267,1.659,0.826,0.061,0.207,0.839,0.82,1.78,1.793,1.751,1.757,1.829,1.841,1.573,1.788,1.787,0.814,1.683,1.69,1.818,1.812,1.529,1.783,1.789,1.684,1.699,1.783,0.893,1.812,1.576,1.794,1.822,1.738,1.741,1.803,1.795,1.582,1.744,0.152,1.807,1.737,1.642,1.824,1.795,1.635,1.756,1.788,1.743,1.654,3.099,1.806,1.819,1.675,1.732,1.806,1.742,1.653,2.097,0.444,0.45,0
1.532,0.231,1.59,1.186,0.289,0.26,0.752,0.665,0.549,0.058,0.549,1.301,0.983,1.758,1.782,1.712,1.68,1.761,1.792,1.699,1.72,1.731,0.954,1.725,1.755,1.776,1.756,1.673,1.823,1.754,1.653,1.656,1.779,1.128,1.79,1.786,1.807,1.823,1.756,1.662,1.782,1.709,1.733,1.746,0.029,1.653,1.768,1.706,1.744,1.742,1.708,1.717,1.81,1.686,1.601,3.759,1.785,1.827,1.667,1.714,1.744,1.768,1.658,2.631,0.723,0.954,0
0.914,1.329,2.575,0.582,0.415,0.332,0.249,1.329,0.914,0.0,0.415,1.744,0.997,1.644,1.671,1.739,1.723,1.696,1.718,1.591,1.846,1.869,0.748,1.82,1.773,1.748,1.976,1.702,1.792,1.865,1.844,1.876,1.827,0.914,1.905,1.792,1.751,1.922,1.785,1.706,1.696,1.681,1.706,1.502,0.083,1.77,1.762,1.793,1.978,1.657,1.813,1.646,1.897,1.861,1.832,1.163,1.837,1.717,1.934,1.985,1.893,1.728,1.786,1.661,0.914,0.665,0
1.341,0.419,2.178,1.536,0.363,0.195,0.922,1.173,0.81,0.168,0.223,1.313,0.894,1.729,1.77,1.598,1.72,1.795,1.802,1.578,1.841,1.822,0.615,1.733,1.645,1.744,1.861,1.591,1.695,1.789,1.683,1.675,1.833,0.67,1.842,1.514,1.788,1.839,1.772,1.813,1.806,1.894,1.7,1.846,0.14,1.815,1.732,1.672,1.772,1.819,1.578,1.776,1.844,1.66,1.705,2.961,1.876,1.822,1.708,1.736,1.89,1.761,1.758,2.178,0.754,0.503,0
0.848,1.526,1.95,1.696,0.424,0.678,0.594,2.035,1.102,0.085,0.594,0.594,1.102,1.712,1.748,1.671,1.737,1.92,1.718,1.547,1.749,1.683,1.441,1.867,1.842,1.654,1.786,1.839,1.825,1.738,1.898,1.833,1.87,0.678,1.579,1.81,1.722,1.774,1.865,1.688,1.768,1.692,1.665,1.586,0.085,1.646,1.637,1.587,1.818,1.84,1.644,1.772,1.777,1.615,1.734,1.781,1.837,1.773,1.677,1.912,1.794,1.643,1.921,0.848,1.272,0.254,0
1.425,1.272,1.374,1.12,0.509,0.865,0.865,1.272,1.425,0.56,0.712,0.56,1.425,1.722,1.822,1.742,1.727,1.733,1.732,1.76,1.715,1.84,0.814,1.757,1.805,1.786,1.802,1.812,1.729,1.697,1.768,1.888,1.697,1.527,1.686,1.766,1.732,1.666,1.742,1.918,1.728,1.746,1.785,1.706,0.153,1.727,1.739,1.637,1.823,1.845,1.739,1.801,1.8,1.711,1.71,0.712,1.631,1.759,1.741,1.792,1.864,1.8,1.789,0.814,0.865,0.814,0
1.288,1.09,1.387,1.387,0.297,0.793,0.595,1.883,1.585,0.099,0.595,0.694,1.883,1.628,1.84,1.634,1.772,1.829,1.754,1.696,1.684,1.702,1.486,1.782,1.851,1.637,1.647,1.879,1.838,1.774,1.801,1.859,1.701,1.189,1.678,1.729,1.631,1.765,1.828,1.668,1.827,1.854,1.619,1.693,0.099,1.705,1.817,1.709,1.637,1.758,1.622,1.665,1.84,1.685,1.777,1.486,1.92,1.587,1.488,1.676,1.732,1.748,1.92,0.595,0.991,0.694,0
1.231,1.231,1.759,1.055,0.352,0.704,0.44,1.319,1.231,0.44,0.704,0.704,2.023,1.576,1.773,1.824,1.829,1.543,1.712,1.647,1.778,1.713,1.143,1.629,1.744,1.654,1.814,1.764,1.89,1.723,1.79,1.75,1.734,0.616,1.94,1.614,1.8,1.862,1.881,1.835,1.701,1.804,1.791,1.762,0.264,1.713,1.776,1.885,1.756,1.76,1.793,1.844,1.588,1.761,1.688,1.407,1.697,1.722,1.818,1.777,1.776,1.789,1.982,0.528,1.143,0.704,0
0.963,0.963,1.926,1.394,0.279,0.482,0.963,1.293,0.938,0.203,0.938,1.065,0.938,1.771,1.875,1.752,1.706,1.901,1.859,1.782,1.804,1.803,0.963,1.689,1.737,1.832,1.762,1.688,1.761,1.778,1.632,1.743,1.846,1.065,1.85,1.698,1.875,1.87,1.712,1.767,1.836,1.732,1.698,1.78,0.152,1.736,1.693,1.798,1.812,1.777,1.754,1.874,1.754,1.756,1.812,1.698,1.816,1.703,1.748,1.896,1.726,1.675,1.778,0.938,0.811,0.38,0
1.906,0.476,7.622,0.238,0.476,2.858,4.049,2.144,0.476,0.476,0.0,1.191,0.238,1.699,1.506,1.772,1.596,1.62,1.571,1.821,1.792,1.843,0.0,1.674,1.692,1.667,1.804,1.693,1.78,1.793,1.892,1.665,1.707,0.238,1.666,1.549,1.512,1.62,1.581,1.599,1.572,1.738,1.841,1.507,0.238,1.526,1.8,1.733,1.838,1.652,1.624,1.582,1.674,1.56,1.704,0.0,1.607,1.522,1.646,1.339,1.395,1.686,1.756,0.476,0.476,0.0,0
1.243,0.194,2.37,1.127,0.389,0.505,0.933,0.505,0.777,0.078,0.311,1.438,0.933,1.782,1.757,1.679,1.724,1.794,1.722,1.808,1.707,1.701,0.505,1.794,1.713,1.813,1.771,1.734,1.731,1.8,1.78,1.739,1.757,1.127,1.848,1.75,1.776,1.794,1.764,1.785,1.758,1.874,1.713,1.811,0.0,1.806,1.903,1.828,1.776,1.778,1.74,1.818,1.806,1.791,1.872,2.643,1.828,1.68,1.739,1.894,1.835,1.913,1.896,1.36,0.7,0.777,0
1.826,1.141,2.055,1.712,0.457,0.799,0.342,0.457,0.342,0.0,0.228,0.799,0.913,1.839,2.007,1.766,1.763,1.753,1.836,1.743,1.976,1.928,0.457,1.538,1.797,2.053,1.969,1.669,1.708,1.796,1.679,1.88,2.018,0.913,1.529,1.457,1.856,1.913,1.734,1.855,1.729,1.933,1.698,1.914,0.228,1.83,1.467,1.708,1.975,1.789,1.709,1.742,1.862,1.8,1.779,2.283,1.872,1.622,1.553,1.981,1.831,1.703,1.636,1.826,0.799,0.228,0
1.142,0.924,1.495,0.544,0.353,0.897,1.251,2.12,1.359,0.381,1.114,0.707,0.734,1.743,1.7,1.723,1.765,1.678,1.661,1.67,1.634,1.724,1.251,1.772,1.651,1.769,1.743,1.701,1.705,1.648,1.857,1.747,1.694,1.604,1.722,1.755,1.657,1.735,1.838,1.717,1.84,1.817,1.809,1.777,0.163,1.731,1.791,1.756,1.813,1.77,1.736,1.745,1.799,1.749,1.797,0.897,1.793,1.76,1.775,1.842,1.765,1.766,1.787,0.734,1.495,0.408,0
1.342,0.653,1.596,0.762,0.181,0.907,1.161,0.725,0.725,0.58,0.544,1.306,1.124,1.818,1.821,1.824,1.734,1.761,1.872,1.726,1.845,1.757,0.29,1.787,1.782,1.833,1.795,1.743,1.843,1.825,1.796,1.859,1.855,1.015,1.807,1.796,1.807,1.85,1.878,1.998,1.94,1.847,1.8,1.874,0.181,1.881,1.812,1.838,1.765,1.739,1.836,1.744,1.876,1.775,1.881,0.798,1.801,1.911,1.816,1.799,1.885,1.746,1.809,1.052,0.907,0.363,0
1.598,0.451,1.065,0.574,0.492,0.41,0.574,1.393,0.983,0.123,0.41,1.721,1.967,1.581,1.631,1.862,1.757,1.844,1.902,1.823,1.763,1.898,0.41,1.757,1.812,1.863,1.845,1.77,1.735,1.794,1.702,1.756,1.819,1.147,1.827,1.806,1.812,1.924,1.825,1.796,1.829,1.79,1.841,1.921,0.574,1.8,1.897,1.844,1.747,1.851,1.854,1.84,1.855,1.704,1.824,1.311,1.797,1.7,1.753,1.845,1.715,1.89,1.875,0.328,1.106,0.287,0
1.226,1.338,2.564,1.561,0.223,0.446,0.557,1.115,0.892,0.446,0.223,0.669,1.003,1.778,1.803,1.636,1.887,1.719,1.871,1.99,1.721,1.876,1.115,1.848,1.702,1.84,1.649,1.688,1.802,1.894,1.651,1.763,1.735,0.892,1.912,1.691,1.682,1.756,1.59,1.781,1.697,1.718,2.025,1.707,0.334,1.874,1.688,1.566,1.935,1.951,1.684,1.721,1.7,1.723,1.9,1.226,1.703,1.716,1.972,1.642,1.885,1.716,1.818,1.115,1.226,0.223,1
1.033,0.836,2.131,0.934,0.279,0.853,1.115,1.59,0.934,0.164,0.607,1.0,1.475,1.772,1.772,1.751,1.744,1.823,1.737,1.687,1.832,1.764,0.623,1.78,1.799,1.753,1.801,1.789,1.795,1.74,1.799,1.807,1.736,0.836,1.732,1.779,1.729,1.718,1.733,1.726,1.789,1.758,1.708,1.849,0.394,1.789,1.721,1.753,1.775,1.731,1.859,1.702,1.761,1.78,1.745,1.344,1.785,1.838,1.75,1.698,1.744,1.75,1.798,0.902,1.213,0.557,1
1.11,1.554,2.221,0.74,0.407,1.073,0.851,1.517,0.703,0.37,0.814,1.036,1.406,1.71,1.838,1.616,1.663,1.777,1.754,1.795,1.713,1.881,0.814,1.774,1.728,1.871,1.815,1.792,1.954,1.681,1.87,1.93,1.844,0.407,1.843,1.848,1.923,1.834,1.678,1.858,1.895,1.833,1.791,1.835,0.185,1.828,1.82,1.703,1.762,1.727,1.759,1.674,1.732,1.756,1.624,0.962,1.684,1.745,1.738,1.743,1.596,1.846,1.783,0.592,0.925,0.444,1
2.22,1.11,1.451,0.854,0.512,0.598,0.598,0.683,0.939,0.085,1.366,0.854,1.024,1.999,1.791,1.798,1.712,1.883,1.702,1.683,1.722,1.84,0.854,1.837,1.717,1.863,1.843,1.758,1.769,1.894,1.771,1.728,1.749,0.939,1.753,1.916,1.758,1.785,1.745,1.735,1.738,1.812,1.737,1.758,0.342,1.843,1.734,1.717,1.812,1.729,1.683,1.854,1.841,1.812,1.71,1.537,1.725,1.618,1.865,1.874,1.854,1.771,1.835,0.342,1.11,0.512,1
1.23,1.367,2.256,1.094,0.547,0.342,0.41,1.777,0.683,0.137,0.342,1.23,0.82,1.638,1.775,1.604,1.759,1.805,1.773,1.55,1.769,1.919,0.82,1.657,1.807,1.871,1.866,1.586,1.837,2.073,1.748,1.688,1.835,0.889,1.722,1.701,1.799,1.824,1.768,1.7,1.77,1.721,1.643,1.83,0.137,1.864,1.905,1.892,1.81,1.748,1.594,1.938,1.766,1.777,1.839,1.846,1.7,1.64,1.768,1.707,1.65,1.713,1.785,2.051,0.615,0.273,1
1.386,1.733,2.339,0.867,0.867,1.56,0.693,1.56,1.56,0.173,1.56,0.52,1.213,1.822,1.739,1.737,1.695,1.848,1.646,1.814,1.817,1.701,0.52,1.723,1.826,1.693,1.753,1.851,1.829,1.579,1.719,1.708,1.746,1.473,1.758,1.689,1.745,1.733,1.77,1.855,1.709,1.804,1.778,1.683,0.26,1.512,1.655,1.697,1.564,1.755,1.799,1.702,1.717,1.713,1.595,0.433,1.66,1.812,1.782,1.905,1.707,1.739,1.64,0.347,1.04,0.173,1
2.836,0.602,2.407,0.258,0.602,1.547,1.203,1.289,0.945,0.43,0.602,1.031,1.461,1.606,1.794,1.974,1.858,1.724,1.618,1.7,1.842,1.877,0.344,1.935,1.714,1.651,1.731,1.768,1.746,1.724,1.788,1.797,1.756,0.86,1.709,1.741,1.87,1.813,1.789,1.805,1.804,1.901,1.713,1.755,0.258,1.593,1.661,1.755,1.785,1.69,1.788,1.693,1.712,1.772,1.741,0.688,1.757,1.925,1.881,1.847,1.691,1.628,1.496,0.258,1.203,0.258,1
5.192,0.118,3.304,0.118,0.354,0.59,0.944,0.944,0.354,0.0,0.59,1.534,1.298,1.757,1.739,1.876,1.577,1.759,1.779,1.912,1.883,1.803,0.236,1.67,1.868,1.634,1.626,1.786,1.83,1.655,1.779,1.607,1.809,1.062,1.797,1.867,1.759,1.825,1.845,1.822,1.679,1.956,1.719,1.659,0.59,1.627,1.679,1.693,1.719,1.674,1.915,1.848,1.792,1.644,1.799,0.236,1.768,1.815,1.655,1.889,1.663,1.881,1.662,0.236,0.826,0.472,1
2.776,0.74,1.665,1.48,0.555,0.432,0.308,1.295,0.864,0.247,0.74,0.74,0.555,1.896,1.942,1.61,1.788,1.938,1.714,1.6,1.887,1.839,0.617,1.842,1.733,2.008,1.607,1.726,1.93,1.691,1.906,1.968,1.643,1.789,1.499,1.798,1.837,1.762,1.727,1.928,1.818,1.561,1.876,1.767,0.432,1.837,1.86,1.949,1.691,1.754,1.844,1.8,1.74,1.889,1.665,1.172,1.437,1.851,1.763,1.828,1.822,1.841,1.638,0.802,0.555,0.185,1
0.97,0.97,1.587,0.882,0.331,0.815,0.815,1.609,1.212,0.375,0.639,0.86,1.212,1.72,1.805,1.721,1.796,1.807,1.717,1.824,1.812,1.697,0.705,1.628,1.693,1.735,1.775,1.74,1.682,1.761,1.84,1.847,1.833,1.301,1.859,1.782,1.778,1.78,1.732,1.782,1.748,1.839,1.856,1.818,0.375,1.867,1.738,1.775,1.774,1.758,1.728,1.786,1.747,1.747,1.864,0.948,1.805,1.755,1.782,1.838,1.747,1.759,1.801,0.551,1.675,0.485,1
1.374,0.989,2.089,0.825,0.44,0.385,0.44,1.319,0.935,0.055,0.275,1.484,1.484,1.604,1.842,1.678,1.692,1.85,1.848,1.553,1.756,1.888,0.495,1.762,1.632,1.945,1.825,1.622,1.85,2.024,1.863,1.663,1.838,1.319,1.936,1.714,1.758,1.997,1.966,1.785,1.704,1.904,1.861,1.764,0.165,1.768,1.846,1.626,1.787,1.859,1.747,1.764,1.804,1.928,1.888,1.484,1.68,1.838,1.644,1.647,1.743,1.721,1.664,1.319,0.55,0.495,1
0.657,0.985,2.955,0.821,1.642,0.492,0.164,2.134,0.985,0.0,0.492,0.821,0.985,1.683,1.693,1.514,1.814,1.637,1.655,1.38,1.729,1.792,0.657,1.452,1.64,1.684,1.697,1.601,1.804,2.016,1.726,1.609,1.799,1.477,1.832,1.646,1.767,1.922,1.644,1.541,1.966,1.749,1.582,1.868,0.164,1.968,1.776,1.701,1.941,1.847,1.639,1.857,1.837,1.876,1.714,2.298,1.802,1.891,1.692,1.768,1.765,1.815,1.637,1.477,0.657,0.164,1
0.636,1.817,2.725,0.727,0.091,1.544,0.636,1.726,0.999,0.727,0.636,0.727,1.09,1.782,1.585,1.702,1.684,1.707,1.804,1.707,1.802,1.646,0.636,1.675,1.727,1.627,1.819,1.757,1.665,1.764,1.695,1.921,1.765,0.727,1.769,1.968,1.691,1.791,1.817,1.908,1.559,1.762,1.655,1.732,0.182,1.731,1.886,1.626,1.844,1.856,1.916,1.856,1.889,1.846,1.839,0.908,1.972,1.705,1.921,1.818,1.853,1.65,1.865,0.908,0.727,0.273,1
1.096,1.279,2.302,0.438,0.219,0.694,1.279,1.352,1.279,0.146,0.621,1.388,0.986,1.822,1.826,1.839,1.626,1.789,1.784,1.792,1.747,1.646,0.84,1.725,1.792,1.794,1.651,1.875,1.8,1.749,1.709,1.734,1.735,1.06,1.744,1.697,1.778,1.682,1.771,1.828,1.796,1.727,1.828,1.827,0.365,1.771,1.786,1.842,1.742,1.74,1.804,1.894,1.865,1.77,1.663,0.694,1.807,1.776,1.798,1.711,1.676,1.826,1.782,0.658,1.06,0.877,1
1.643,1.73,1.989,0.259,1.124,1.211,0.951,1.903,1.038,0.259,0.865,0.951,1.816,1.608,1.716,1.789,1.792,1.766,1.685,1.866,1.713,1.633,0.951,1.723,1.747,1.842,1.681,1.602,1.658,1.651,1.704,1.739,1.809,0.865,1.721,1.668,1.633,1.747,1.676,1.826,1.71,1.777,1.696,1.625,0.605,1.682,1.811,1.715,1.75,1.654,1.796,1.718,1.667,1.595,1.683,0.605,1.766,1.725,1.848,1.879,1.861,1.676,1.702,0.432,1.124,0.346,1
3.305,0.991,2.065,0.826,0.578,1.157,1.074,1.239,1.322,0.248,0.826,0.661,1.487,1.646,1.685,1.737,1.799,1.768,1.805,1.765,1.71,1.651,0.661,1.543,1.623,1.629,1.691,1.874,1.82,1.758,1.766,1.831,1.754,0.991,1.609,1.809,1.645,1.728,1.775,1.814,1.812,1.743,1.744,1.611,0.826,1.674,1.657,1.636,1.651,1.689,1.704,1.731,1.704,1.724,1.79,0.909,1.726,1.769,1.829,1.752,1.733,1.749,1.848,0.165,1.074,0.083,1
0.995,1.719,2.895,0.543,0.905,1.357,0.995,2.081,1.81,0.181,0.814,0.995,2.081,1.608,1.702,1.751,1.658,1.801,1.668,1.82,1.725,1.759,0.543,1.568,1.644,1.585,1.731,1.77,1.641,1.692,1.66,1.689,1.701,0.905,1.737,1.674,1.698,1.761,1.707,1.729,1.687,1.671,1.603,1.72,0.724,1.708,1.704,1.714,1.65,1.593,1.721,1.605,1.754,1.651,1.616,0.362,1.649,1.698,1.961,1.893,1.717,1.685,1.806,0.724,0.633,0.452,1
2.311,0.433,0.794,0.0,0.289,0.433,1.877,1.444,0.866,0.289,0.361,1.877,1.444,1.525,1.606,1.477,1.437,1.605,1.601,1.692,1.579,1.798,0.072,1.668,1.618,1.698,1.705,1.821,1.764,1.722,1.8,1.906,1.677,0.939,1.737,1.733,1.861,1.844,1.916,1.794,1.917,1.834,1.95,1.834,0.433,1.9,1.883,1.927,1.923,1.973,1.981,1.923,1.967,2.098,1.935,0.65,1.985,1.917,1.978,1.872,1.852,1.896,1.901,0.361,1.805,0.289,1
1.392,1.645,1.581,1.455,0.822,0.253,0.569,1.708,1.455,0.0,0.379,0.822,1.265,1.698,1.755,1.677,1.802,1.612,1.72,1.765,1.822,1.672,1.075,1.709,1.696,1.784,1.893,1.711,1.88,1.759,1.605,1.702,1.705,1.455,1.859,1.745,1.654,1.764,1.714,1.786,1.721,1.639,1.703,1.688,0.569,1.793,1.718,1.766,1.771,1.711,1.696,1.673,1.723,1.895,1.692,1.455,1.676,1.692,1.906,1.741,1.689,1.541,1.77,0.949,1.138,0.316,1
2.024,0.778,2.024,0.7,0.778,0.156,0.934,1.712,1.634,0.0,0.467,1.556,1.089,1.696,1.803,1.785,1.764,1.86,1.707,1.722,2.001,1.876,1.012,1.739,1.706,1.712,1.772,1.734,1.756,1.787,1.661,1.677,1.758,1.012,1.701,1.801,1.79,1.525,1.735,1.747,1.694,1.645,1.928,1.78,0.389,1.693,1.874,1.793,1.695,1.791,1.677,1.81,1.802,1.78,1.851,1.167,1.65,1.8,1.729,1.659,1.643,1.773,1.739,0.467,0.778,0.7,1
0.531,0.973,2.476,1.503,1.061,0.619,0.619,1.503,1.503,0.177,0.619,0.442,1.327,1.743,1.955,1.749,1.882,1.804,1.714,1.748,1.747,1.863,0.973,1.776,1.712,1.631,1.741,1.666,1.823,1.679,1.658,1.623,1.706,1.15,1.767,1.711,1.719,1.788,1.668,1.704,1.776,1.672,1.635,1.692,0.531,1.72,1.683,1.79,1.613,1.681,1.704,1.777,1.758,1.831,1.794,1.946,1.79,1.773,1.811,1.539,1.698,1.639,1.618,0.796,1.238,0.442,1
1.566,0.921,2.211,0.921,0.553,0.184,1.566,2.119,1.843,0.461,0.369,0.737,1.474,1.679,1.823,1.628,1.684,1.765,1.832,1.688,1.705,1.805,0.645,1.616,1.742,1.77,1.714,1.754,1.683,1.893,1.709,1.637,1.797,0.921,1.662,1.748,1.679,1.823,1.813,1.763,1.745,1.773,1.722,1.617,0.553,1.772,1.791,1.561,1.759,1.885,1.745,1.767,1.648,1.679,1.723,1.382,1.648,1.74,1.686,1.515,1.641,1.648,1.606,0.921,1.198,0.369,1
1.988,0.841,1.988,0.994,0.764,0.229,1.453,1.682,1.07,0.153,0.382,1.147,1.911,1.757,1.84,1.697,1.84,1.76,1.701,1.959,1.814,1.746,0.459,1.639,1.808,1.702,1.766,1.677,1.719,1.585,1.791,1.787,1.759,1.682,1.875,1.77,1.732,1.76,1.787,1.766,1.714,1.595,1.794,1.781,0.459,1.655,1.767,1.668,1.68,1.912,1.627,1.7,1.618,1.556,1.824,0.535,1.841,1.621,1.764,1.645,1.913,1.83,1.584,0.841,0.917,0.382,1
1.659,0.521,2.465,0.379,0.237,0.948,1.991,1.327,0.9,0.237,0.616,1.327,1.043,1.787,1.712,1.578,1.764,1.738,1.676,1.723,1.598,1.811,0.19,1.79,1.728,1.766,1.703,1.745,1.772,1.625,1.804,1.805,1.778,0.569,1.92,1.839,1.856,1.883,1.752,1.91,1.792,1.733,1.798,1.71,0.474,1.881,1.789,1.67,1.699,1.868,1.707,1.827,1.82,1.881,1.784,1.801,1.624,1.754,1.791,1.659,1.86,1.804,1.764,0.379,1.422,0.237,1
1.029,1.029,1.728,1.193,0.288,0.658,1.111,1.811,1.029,0.206,0.864,1.193,0.988,1.76,1.675,1.717,1.75,1.642,1.794,1.694,1.744,1.691,0.658,1.711,1.845,1.695,1.757,1.813,1.76,1.929,1.786,1.796,1.715,0.905,1.835,1.757,1.69,1.81,1.837,1.836,1.64,1.762,1.608,1.772,0.741,1.707,1.85,1.843,1.805,1.711,1.861,1.891,1.83,1.87,1.814,1.07,1.734,1.827,1.838,1.815,1.842,1.824,1.93,0.699,0.576,0.411,1
1.797,0.0,0.359,1.078,1.078,0.719,0.719,1.438,0.719,0.0,0.0,1.797,1.438,1.625,1.455,1.594,1.721,1.404,1.602,1.724,1.778,1.765,0.359,2.133,1.817,2.306,2.257,1.988,2.407,2.305,2.035,2.17,2.08,1.797,2.195,2.259,1.815,1.617,1.949,1.378,1.869,1.391,0.967,1.845,0.0,1.531,1.552,1.337,1.045,1.167,1.588,1.105,2.056,1.86,1.785,1.438,2.023,1.246,1.663,2.55,2.375,1.939,2.837,0.719,1.078,0.359,1
1.339,0.694,2.244,0.781,0.335,0.831,0.942,1.773,1.054,0.248,0.508,1.314,1.277,1.7,1.727,1.72,1.699,1.761,1.747,1.807,1.707,1.775,0.62,1.764,1.774,1.664,1.81,1.797,1.777,1.723,1.809,1.819,1.808,0.756,1.777,1.767,1.851,1.79,1.759,1.782,1.79,1.725,1.747,1.781,0.484,1.8,1.737,1.767,1.745,1.804,1.698,1.756,1.774,1.805,1.801,1.103,1.815,1.771,1.804,1.825,1.782,1.764,1.814,0.794,1.054,0.434,1
0.967,1.377,1.729,1.263,0.558,0.796,0.626,1.673,1.206,0.239,0.705,0.944,1.035,1.721,1.784,1.762,1.776,1.77,1.745,1.742,1.755,1.747,1.183,1.749,1.738,1.738,1.78,1.745,1.79,1.704,1.795,1.721,1.778,1.24,1.797,1.784,1.862,1.776,1.732,1.769,1.768,1.762,1.761,1.763,0.239,1.788,1.803,1.794,1.797,1.731,1.783,1.782,1.721,1.778,1.765,1.104,1.779,1.773,1.736,1.765,1.754,1.726,1.771,0.637,0.944,0.376,1
2.503,0.758,1.062,0.91,0.303,0.531,1.365,1.138,0.303,0.303,0.531,0.834,0.91,1.767,1.841,1.572,1.742,1.869,1.727,1.628,1.746,1.56,0.834,1.65,1.755,1.821,1.698,1.745,1.855,1.677,1.707,1.864,1.627,1.214,1.652,1.773,1.753,1.829,1.88,1.799,1.657,1.918,1.87,1.685,0.152,1.637,1.931,1.837,1.738,1.761,1.721,1.862,1.799,1.741,1.779,2.276,1.907,1.818,1.814,1.807,1.701,1.821,1.849,1.138,1.517,0.228,1
0.856,0.963,0.963,2.141,0.642,0.642,0.642,1.713,1.285,0.107,0.428,0.749,0.856,1.783,1.707,1.766,1.605,1.653,1.798,1.447,1.813,1.651,2.783,1.66,1.662,1.692,1.79,1.835,1.635,1.846,1.646,1.9,1.722,1.606,1.672,1.686,1.748,1.768,1.749,1.84,1.866,1.689,1.674,1.616,0.0,1.678,1.774,1.658,1.682,1.646,1.827,1.65,1.762,1.721,1.658,2.462,1.574,1.814,1.815,1.839,1.683,1.725,1.808,0.535,0.963,0.428,1
1.092,1.327,2.167,1.142,0.42,0.873,0.622,1.747,1.327,0.202,0.739,0.823,1.36,1.71,1.81,1.667,1.725,1.747,1.724,1.768,1.726,1.78,1.008,1.75,1.69,1.686,1.755,1.751,1.71,1.772,1.802,1.674,1.74,1.226,1.79,1.744,1.792,1.721,1.74,1.795,1.703,1.764,1.737,1.72,0.286,1.715,1.76,1.722,1.804,1.762,1.736,1.739,1.771,1.759,1.798,1.008,1.817,1.77,1.81,1.792,1.786,1.839,1.795,0.689,0.789,0.487,1
1.695,0.961,2.094,1.037,0.529,0.831,0.907,0.842,0.723,0.151,0.702,0.874,1.382,1.78,1.842,1.719,1.744,1.829,1.775,1.773,1.84,1.735,0.961,1.75,1.828,1.731,1.662,1.845,1.719,1.716,1.771,1.787,1.763,1.015,1.7,1.775,1.737,1.751,1.809,1.797,1.774,1.75,1.787,1.778,0.248,1.803,1.73,1.792,1.8,1.782,1.827,1.803,1.762,1.792,1.749,1.425,1.798,1.78,1.68,1.785,1.803,1.836,1.77,0.928,0.81,0.324,1
1.27,1.129,1.058,1.693,0.212,0.988,0.635,1.482,1.129,0.635,0.706,0.282,1.693,1.615,1.66,1.663,1.586,1.717,1.796,1.642,1.763,1.817,0.917,1.689,1.603,1.871,2.005,1.751,1.838,1.96,1.849,1.744,1.901,1.27,1.837,1.722,1.708,1.764,1.917,1.821,1.916,1.943,1.792,1.732,0.423,1.804,1.815,1.665,1.827,1.824,1.796,1.807,1.652,1.767,1.854,1.2,1.669,1.785,1.658,1.712,1.782,1.8,1.885,0.353,1.129,0.071,1
1.279,0.498,1.208,1.279,0.355,0.782,0.64,1.421,0.995,0.355,0.569,0.853,1.848,1.737,1.752,1.619,1.622,1.784,1.769,1.736,1.789,1.75,0.284,1.803,1.561,1.923,1.774,1.745,1.678,1.883,1.743,1.832,1.686,0.995,1.806,1.664,1.887,1.878,1.783,2.01,1.652,1.844,1.797,1.861,0.498,1.693,1.865,1.913,1.891,1.793,1.85,1.747,1.684,1.868,1.78,1.493,1.687,1.703,1.861,1.892,1.889,1.8,1.879,0.569,1.564,0.355,1
1.03,0.957,2.134,1.84,0.515,0.957,1.251,1.251,0.957,0.147,0.515,0.662,0.957,1.786,1.902,1.721,1.662,1.795,1.853,1.733,1.814,1.852,1.03,1.76,1.872,1.772,1.818,1.762,1.869,1.747,1.907,1.77,1.794,1.251,1.672,1.88,1.679,1.622,1.653,1.792,1.79,1.608,1.804,1.757,0.294,1.705,1.794,1.745,1.93,1.618,1.753,1.9,1.709,1.859,1.839,1.693,1.911,1.723,1.7,1.709,1.765,1.583,1.691,0.221,0.736,0.221,1
1.902,0.495,2.814,0.456,0.19,0.608,2.244,2.662,1.141,0.076,0.266,1.103,1.065,1.704,1.799,1.706,1.735,1.769,1.706,1.631,1.735,1.773,0.685,1.703,1.716,1.675,1.798,1.639,1.659,1.632,1.644,1.64,1.612,0.799,1.766,1.678,1.708,1.693,1.69,1.722,1.728,1.716,1.684,1.576,0.608,1.644,1.745,1.684,1.678,1.762,1.701,1.68,1.651,1.716,1.791,1.293,1.677,1.71,1.777,1.679,1.611,1.722,1.739,1.331,1.559,0.495,1
1.525,0.642,1.284,1.605,0.321,0.883,1.043,1.685,0.883,0.16,0.16,1.043,0.481,1.695,1.766,1.619,1.746,1.967,1.809,1.73,1.648,1.687,0.802,1.691,1.569,1.751,1.728,1.851,1.848,1.871,1.847,1.726,1.786,1.765,1.856,1.651,1.79,1.759,1.753,1.98,1.88,1.772,1.884,1.777,0.0,1.652,1.893,1.823,1.743,1.791,1.845,1.733,1.737,1.727,1.737,2.407,1.693,1.832,1.676,1.843,1.771,1.793,1.898,0.722,0.802,0.16,1
2.844,0.457,0.863,1.473,0.457,0.457,1.219,0.711,0.559,0.102,0.203,1.066,0.914,1.493,1.637,1.722,1.729,1.764,1.766,1.681,1.752,1.742,0.457,1.695,1.708,1.764,1.838,1.68,1.76,1.676,1.832,1.725,1.77,1.574,1.778,1.853,1.809,1.668,1.774,1.822,1.854,1.872,1.78,1.762,0.0,1.794,1.884,1.806,1.724,1.725,1.823,1.87,1.914,1.807,1.684,1.574,1.758,1.855,1.909,1.808,1.834,1.791,1.87,0.66,2.59,0.254,1
1.321,1.321,2.218,0.731,0.448,1.015,0.779,1.487,0.873,0.236,0.637,0.968,1.416,1.68,1.803,1.701,1.689,1.748,1.653,1.824,1.743,1.721,0.708,1.759,1.716,1.748,1.862,1.769,1.787,1.758,1.729,1.769,1.832,0.826,1.834,1.776,1.826,1.818,1.796,1.816,1.763,1.79,1.79,1.813,0.354,1.832,1.826,1.796,1.77,1.697,1.689,1.827,1.754,1.754,1.676,0.802,1.761,1.731,1.74,1.86,1.759,1.745,1.78,0.496,1.699,0.354,1
1.675,0.718,1.436,1.197,0.383,1.244,1.197,0.67,1.053,0.622,0.909,0.766,0.622,1.659,1.797,1.793,1.858,1.907,1.861,1.689,1.844,1.717,0.67,1.798,1.864,1.982,1.926,1.818,1.941,1.729,1.639,1.772,2.016,0.622,1.814,1.798,1.884,1.781,1.719,1.715,1.705,1.732,1.903,1.791,0.287,1.78,1.686,1.775,1.837,1.771,1.794,1.799,1.718,1.728,1.771,1.197,1.785,1.801,1.747,1.813,1.728,1.877,1.858,0.431,1.292,0.287,1
0.854,1.016,1.423,1.423,0.61,1.016,0.854,1.138,1.016,0.203,0.569,0.975,1.87,1.939,1.754,1.905,1.817,1.833,1.802,1.806,1.718,1.805,0.894,1.736,1.836,1.877,1.776,1.721,1.858,1.878,1.794,1.716,1.875,0.691,1.702,1.883,1.744,1.761,1.703,1.775,1.66,1.737,1.716,1.823,0.325,1.724,1.651,1.837,1.78,1.891,1.725,1.818,1.737,1.818,1.761,1.138,1.823,1.699,1.818,1.737,1.765,1.867,1.799,0.447,1.26,0.081,1
1.61,0.932,1.525,1.525,0.169,0.424,0.932,1.61,0.847,0.254,0.085,1.017,0.509,1.76,1.805,1.618,1.539,1.781,1.703,1.541,1.683,1.66,0.509,1.584,1.656,1.675,1.653,1.691,1.856,1.647,1.65,1.751,1.735,1.102,1.657,1.699,1.745,1.851,1.648,1.645,1.623,1.8,1.695,1.74,0.085,1.891,1.868,1.824,1.888,1.82,1.905,1.836,1.914,1.818,1.775,2.627,2.016,1.891,1.876,1.978,1.909,2.09,2.049,0.847,1.865,0.085,1
1.367,1.492,1.969,1.264,0.725,0.808,0.829,1.533,1.202,0.145,0.394,0.746,1.761,1.691,1.841,1.632,1.684,1.695,1.674,1.742,1.713,1.716,0.663,1.777,1.735,1.757,1.817,1.728,1.771,1.764,1.769,1.76,1.802,0.912,1.784,1.717,1.707,1.668,1.738,1.703,1.72,1.74,1.745,1.845,0.414,1.68,1.746,1.823,1.747,1.719,1.727,1.746,1.805,1.841,1.702,1.14,1.708,1.77,1.795,1.745,1.717,1.776,1.771,0.891,1.264,0.228,1
1.208,1.513,1.749,1.082,0.389,1.096,0.625,1.346,1.166,0.25,0.722,0.805,1.041,1.722,1.849,1.75,1.769,1.725,1.772,1.747,1.724,1.801,1.138,1.809,1.687,1.755,1.749,1.791,1.753,1.745,1.817,1.745,1.791,1.18,1.831,1.704,1.773,1.757,1.773,1.766,1.762,1.816,1.758,1.709,0.18,1.733,1.769,1.78,1.798,1.724,1.763,1.805,1.741,1.744,1.792,1.235,1.784,1.788,1.757,1.768,1.788,1.738,1.775,0.652,1.055,0.375,1
2.041,0.227,1.911,0.777,0.389,0.551,1.523,1.069,0.583,0.292,0.518,1.523,1.425,1.678,1.843,1.67,1.756,1.79,1.793,1.757,1.707,1.704,0.389,1.717,1.85,1.789,1.733,1.699,1.901,1.807,1.778,1.868,1.805,0.648,1.911,1.917,1.83,1.91,1.875,1.744,1.759,1.89,1.893,1.871,0.324,1.806,1.831,1.883,1.817,1.819,1.87,1.691,1.762,1.773,1.786,0.648,1.799,1.805,1.84,1.726,1.782,1.757,1.836,0.616,1.425,0.292,1
1.357,0.937,1.934,1.069,0.288,0.517,0.865,2.318,1.057,0.132,0.348,1.357,1.033,1.774,1.881,1.714,1.672,1.817,1.828,1.741,1.743,1.841,0.721,1.853,1.727,1.672,1.835,1.774,1.743,1.744,1.819,1.736,1.698,1.141,1.799,1.763,1.738,1.684,1.843,1.786,1.738,1.749,1.761,1.827,0.216,1.772,1.744,1.851,1.753,1.788,1.813,1.81,1.804,1.754,1.76,0.973,1.794,1.77,1.722,1.779,1.802,1.8,1.712,0.721,1.045,0.445,1
1.635,0.62,0.508,2.481,0.338,0.846,1.804,1.071,0.846,0.169,0.282,0.733,0.508,1.684,1.729,1.489,1.849,1.73,1.556,1.791,1.663,1.575,0.902,1.882,1.677,1.539,1.802,1.86,1.558,1.766,1.81,1.659,1.777,1.748,1.898,1.64,1.823,1.786,1.622,1.848,1.853,1.704,1.776,1.803,0.0,1.703,1.896,1.854,1.739,1.714,1.909,1.778,1.764,1.827,1.718,1.804,1.783,1.984,1.844,1.847,1.874,1.811,1.748,0.564,1.748,0.451,1
1.495,0.944,1.18,1.81,0.079,0.944,0.472,1.102,0.708,0.157,0.157,0.787,0.472,1.708,1.84,1.803,1.771,1.927,1.89,1.587,1.775,1.782,0.944,1.813,1.611,1.791,1.819,1.893,1.873,1.826,1.819,1.766,1.607,2.833,1.733,1.641,1.646,1.899,1.703,1.905,1.768,1.824,1.784,1.736,0.0,1.643,1.788,1.886,1.614,1.742,1.858,1.617,1.713,1.796,1.819,2.203,1.656,1.744,1.777,1.794,1.89,1.945,1.844,1.023,0.866,0.157,1
0.96,0.96,2.086,0.835,0.25,0.668,0.876,1.335,1.085,0.25,0.751,1.377,1.085,1.812,1.944,1.72,1.818,1.748,1.79,1.755,1.797,1.809,0.918,1.823,1.607,1.762,1.78,1.718,1.707,1.979,1.761,1.814,1.828,1.043,1.887,1.879,1.723,1.681,1.91,1.754,1.708,1.841,1.692,1.748,0.501,1.844,1.812,1.884,1.805,1.672,1.928,1.811,1.673,1.85,1.837,0.876,1.809,1.731,1.862,1.837,1.766,1.809,1.751,0.501,0.709,0.459,1
1.494,0.521,1.98,0.868,0.382,0.903,0.834,1.007,0.591,0.243,0.382,1.459,1.112,1.715,1.852,1.777,1.726,1.887,1.852,1.784,1.742,1.76,0.452,1.838,1.869,1.917,1.792,1.804,1.875,1.932,1.796,1.854,1.8,0.695,1.833,1.926,1.796,1.686,1.864,1.849,1.744,1.776,1.793,1.827,0.313,1.697,1.888,1.836,1.917,1.812,1.844,1.798,1.781,1.731,1.703,1.39,1.9,1.78,1.75,1.893,1.809,1.746,1.809,0.868,0.868,0.278,1
1.287,1.173,1.476,1.968,0.151,0.492,1.135,1.4,1.968,0.114,0.151,0.454,1.514,1.693,1.703,1.694,1.693,1.602,1.704,1.714,1.663,1.723,1.363,1.582,1.664,1.688,1.798,1.785,1.771,1.768,1.597,1.654,1.69,1.968,1.78,1.776,1.661,1.794,1.771,1.637,1.748,1.735,1.719,1.698,0.227,1.713,1.647,1.611,1.725,1.826,1.729,1.712,1.697,1.694,1.729,2.384,1.737,1.837,1.669,1.599,1.72,1.646,1.933,0.984,0.833,0.227,1
0.894,1.006,1.639,0.894,0.335,0.633,0.894,1.304,0.521,0.186,0.559,1.453,1.453,1.654,1.861,1.716,1.747,1.828,1.767,1.817,1.767,1.822,0.745,1.747,1.839,1.831,1.677,1.732,1.875,1.882,1.909,1.757,1.741,1.155,1.88,1.836,1.807,1.889,1.937,1.866,1.923,1.847,1.786,1.842,0.223,1.854,1.812,1.708,1.76,1.877,1.732,1.834,1.877,1.857,1.798,0.857,1.846,1.735,1.699,1.909,1.799,1.797,1.875,0.559,1.006,0.335,1
1.662,0.623,2.119,0.374,0.332,0.789,1.246,1.413,0.872,0.374,0.332,1.704,1.205,1.893,1.923,1.73,1.848,1.891,1.81,1.745,1.842,1.771,0.374,1.644,1.704,1.828,1.764,1.865,1.822,1.877,1.895,1.843,1.784,0.706,1.692,1.886,1.714,1.806,1.812,1.744,1.888,1.784,1.948,1.717,0.374,1.852,1.718,1.742,1.86,1.731,1.636,1.86,1.896,1.871,1.754,0.582,1.793,1.819,1.849,1.745,1.821,1.774,1.735,0.582,0.831,0.582,1
1.543,0.985,1.28,1.806,0.23,0.328,1.445,2.003,1.609,0.098,0.197,0.46,1.806,1.781,1.823,1.629,1.62,1.731,1.776,1.521,1.728,1.744,1.609,1.587,1.665,1.72,1.659,1.574,1.769,1.671,1.628,1.587,1.819,1.379,1.642,1.646,1.652,1.872,1.639,1.634,1.715,1.638,1.696,1.628,0.164,1.785,1.698,1.703,1.836,1.706,1.596,1.657,1.771,1.676,1.627,3.185,1.756,1.81,1.662,1.728,1.806,1.606,1.749,0.657,0.788,0.46,1
1.488,1.283,2.515,0.616,0.565,1.591,1.129,1.899,1.283,0.411,0.975,0.975,2.361,1.591,1.656,1.624,1.676,1.736,1.613,1.701,1.758,1.576,0.667,1.687,1.75,1.731,1.628,1.743,1.635,1.661,1.724,1.853,1.75,0.462,1.745,1.722,1.61,1.728,1.769,1.769,1.666,1.883,1.731,1.694,0.462,1.723,1.783,1.668,1.72,1.762,1.544,1.821,1.769,1.71,1.761,0.719,1.798,1.751,1.841,1.765,1.784,1.746,1.854,0.359,0.667,0.359,1
3.782,0.946,3.782,0.946,0.473,1.655,1.182,2.127,2.364,0.473,0.946,0.236,1.655,1.489,1.774,1.427,1.404,1.556,1.63,1.496,1.43,1.615,0.946,1.595,1.415,1.748,1.644,1.49,1.666,1.689,1.764,1.582,1.674,0.709,1.781,1.684,1.641,1.726,1.762,1.776,1.65,1.648,1.515,1.803,0.473,1.808,1.773,1.873,1.801,1.758,1.723,1.491,1.72,1.497,1.689,0.236,1.928,1.719,1.383,1.871,1.666,1.533,1.58,0.473,0.709,0.0,1
2.422,0.865,2.422,0.173,0.346,0.692,0.519,0.692,1.038,0.173,0.346,1.384,1.903,1.418,1.447,1.504,1.46,1.454,1.691,1.692,1.725,1.475,0.0,1.654,1.538,1.644,1.753,1.938,1.82,1.721,1.968,1.79,1.956,0.519,1.821,1.875,2.02,1.907,2.098,1.929,1.987,2.01,1.877,1.871,0.519,2.134,1.945,2.228,2.127,2.023,1.822,2.054,1.718,1.794,1.834,0.692,1.646,1.708,1.79,1.91,1.811,1.656,1.459,0.519,1.384,0.692,1
2.597,1.652,1.889,0.236,1.18,1.889,0.0,3.069,1.18,0.708,0.472,0.236,2.125,1.676,1.807,1.583,1.354,1.654,1.664,1.595,1.614,1.733,0.236,1.535,1.646,1.496,1.656,1.703,1.643,1.579,1.709,1.696,1.874,0.944,1.468,1.591,1.602,1.831,1.659,1.869,1.955,1.726,1.605,2.006,0.708,1.829,1.846,1.423,1.755,1.661,1.764,1.591,1.756,1.655,1.896,0.708,1.627,1.776,1.512,1.906,1.401,1.779,1.867,0.236,1.889,0.472,1
2.209,0.368,2.577,0.92,0.92,0.92,0.184,3.866,5.338,0.552,0.552,0.552,1.473,1.472,1.635,1.449,1.424,1.327,1.586,1.501,1.501,1.332,1.288,1.565,1.675,1.456,1.43,1.64,1.675,1.458,1.586,1.57,1.678,0.552,1.59,1.561,1.771,1.48,1.835,1.696,1.853,1.8,1.562,1.73,0.736,1.699,1.906,1.607,1.701,1.844,1.716,1.576,1.744,1.793,1.671,0.552,1.711,1.546,1.882,1.807,1.376,1.514,1.664,0.184,0.736,0.92,1
2.738,0.842,1.685,0.0,0.842,0.421,1.474,0.421,0.421,0.0,0.211,1.474,1.474,1.533,1.741,1.548,1.408,1.888,1.662,1.573,1.722,1.846,0.211,1.469,1.545,1.917,1.766,1.712,1.508,1.849,1.731,1.771,1.499,0.421,1.938,1.756,1.75,1.754,2.024,1.809,1.849,2.111,2.108,1.428,1.053,1.772,1.984,1.804,1.659,1.846,1.956,1.876,2.04,2.029,1.537,0.842,1.724,1.849,1.813,1.998,1.833,1.278,1.621,0.842,3.369,0.421,1
1.926,1.185,0.741,0.741,1.037,2.222,0.593,2.815,0.889,0.296,0.593,0.593,1.778,1.782,1.7,1.478,1.641,1.591,1.747,1.804,1.586,1.674,0.593,1.923,1.707,1.692,1.647,1.787,1.795,1.691,1.657,1.703,1.739,0.889,1.695,1.701,1.83,1.713,1.709,1.865,1.835,1.882,1.75,1.888,0.593,1.704,1.845,1.784,1.718,1.834,1.687,1.55,1.866,1.794,1.617,0.444,1.729,1.57,1.753,1.635,1.675,1.574,1.86,0.0,2.074,0.593,1
3.757,0.626,2.922,0.0,0.417,0.417,1.252,1.67,1.461,0.209,0.417,1.461,2.296,1.452,1.53,1.459,1.471,1.685,1.661,1.544,1.691,1.382,0.417,1.658,1.682,1.729,1.585,1.541,1.774,1.693,1.782,1.754,1.846,0.209,1.742,1.808,1.598,1.879,1.905,1.905,1.805,1.97,1.842,1.869,0.835,1.791,1.731,2.028,1.909,2.0,1.838,2.092,1.952,1.812,1.926,0.626,1.898,1.787,1.605,1.76,1.254,1.354,1.566,0.209,1.044,0.209,1
1.748,1.529,1.966,0.0,0.655,1.966,0.218,2.403,1.311,0.437,0.655,1.092,0.874,1.545,1.885,1.855,1.382,1.508,1.77,1.797,1.712,1.685,0.437,1.523,1.635,1.761,1.938,2.03,1.729,1.518,1.683,1.739,1.875,0.437,1.719,1.599,1.768,1.93,1.883,1.854,1.892,1.79,1.841,2.214,0.874,2.108,2.013,1.869,1.808,1.674,1.775,1.852,1.774,1.62,1.765,0.655,1.977,1.66,1.897,1.449,1.617,1.438,1.636,0.218,1.092,0.437,1
1.388,0.925,2.544,0.463,0.694,1.85,0.694,3.47,2.544,0.694,1.388,0.463,2.776,1.56,1.606,1.387,1.559,1.626,1.42,1.641,1.734,1.59,1.388,1.681,1.643,1.639,1.814,1.776,1.701,1.605,1.661,1.681,1.708,0.463,1.525,1.663,1.823,1.68,1.563,1.849,1.639,1.569,1.827,1.646,0.925,1.688,1.805,1.626,1.597,1.613,1.607,1.493,1.95,1.534,1.519,0.0,1.7,1.665,1.705,1.72,1.646,1.801,1.692,0.463,0.231,0.463,1
1.626,1.22,1.626,1.859,0.29,0.407,1.162,1.394,1.568,0.0,0.232,0.988,0.581,1.68,1.855,1.772,1.726,1.722,1.764,1.659,1.841,1.735,0.581,1.779,1.579,1.803,1.888,1.616,1.578,1.836,1.817,1.582,1.725,1.452,1.682,1.637,1.769,1.769,1.73,1.815,1.755,1.76,1.762,1.756,0.174,1.688,1.896,1.656,1.617,1.909,1.609,1.697,1.807,1.819,1.63,1.51,1.895,1.824,1.729,1.786,1.754,1.922,1.74,1.626,0.813,0.523,1
1.614,0.885,2.604,0.781,0.625,0.573,3.02,2.916,1.354,0.156,0.365,0.573,1.771,1.739,1.715,1.529,1.678,1.745,1.725,1.654,1.663,1.696,1.094,1.666,1.683,1.651,1.524,1.786,1.682,1.681,1.692,1.648,1.743,0.937,1.705,1.681,1.691,1.679,1.579,1.656,1.583,1.689,1.672,1.549,0.208,1.571,1.615,1.649,1.694,1.572,1.649,1.682,1.601,1.745,1.659,1.25,1.721,1.488,1.56,1.712,1.647,1.649,1.759,0.469,2.083,0.365,1
0.711,1.404,1.573,1.46,0.243,0.899,0.711,1.61,0.917,0.243,0.843,0.824,1.123,1.788,1.832,1.849,1.855,1.82,1.781,1.762,1.823,1.747,0.73,1.764,1.727,1.871,1.785,1.776,1.845,1.834,1.736,1.723,1.792,1.161,1.781,1.763,1.768,1.798,1.836,1.782,1.776,1.846,1.757,1.827,0.187,1.778,1.783,1.817,1.85,1.811,1.759,1.756,1.818,1.824,1.707,1.254,1.761,1.751,1.776,1.769,1.729,1.755,1.799,0.524,0.955,0.337,1
1.282,0.818,1.391,0.955,0.3,0.873,1.064,1.528,1.255,0.546,0.655,0.791,1.446,1.765,1.77,1.764,1.778,1.803,1.802,1.761,1.732,1.754,0.764,1.785,1.813,1.798,1.729,1.741,1.828,1.734,1.755,1.725,1.879,1.255,1.808,1.868,1.752,1.792,1.777,1.794,1.767,1.7,1.805,1.792,0.136,1.836,1.781,1.859,1.779,1.755,1.704,1.828,1.828,1.787,1.689,0.9,1.774,1.747,1.79,1.789,1.761,1.816,1.792,0.464,1.364,0.327,1
2.463,2.197,2.863,1.065,1.132,1.465,0.999,1.93,1.132,0.133,0.333,0.2,1.332,1.616,1.542,1.679,1.533,1.594,1.608,1.713,1.612,1.751,0.799,1.662,1.674,1.712,1.691,1.738,1.719,1.756,1.704,1.715,1.794,0.599,1.699,1.782,1.85,1.839,1.766,1.749,1.7,1.593,1.594,1.69,0.666,1.652,1.604,1.677,1.597,1.715,1.601,1.655,1.502,1.664,1.721,0.732,1.701,1.604,1.683,1.545,1.644,1.646,1.615,0.466,2.064,0.532,1
0.878,0.913,1.756,1.229,0.597,0.667,1.264,1.686,1.018,0.456,0.246,1.018,1.65,1.679,1.634,1.654,1.68,1.858,1.673,1.723,1.753,1.648,0.632,1.786,1.684,1.698,1.81,1.759,1.849,1.749,1.756,1.802,1.817,0.772,1.781,1.75,1.865,1.785,1.801,1.777,1.697,1.869,1.903,1.801,0.176,1.816,1.809,1.744,1.746,1.713,1.727,1.777,1.831,1.801,1.837,1.194,1.757,1.731,1.836,1.853,1.885,1.808,1.855,0.667,1.053,0.562,1
1.261,0.744,1.633,0.765,0.413,0.558,1.199,2.15,1.075,0.207,0.496,1.199,1.364,1.735,1.767,1.686,1.736,1.723,1.839,1.743,1.753,1.802,1.302,1.815,1.813,1.72,1.756,1.767,1.794,1.723,1.723,1.719,1.713,1.158,1.799,1.757,1.687,1.668,1.774,1.705,1.714,1.849,1.712,1.765,0.248,1.725,1.778,1.81,1.829,1.703,1.771,1.876,1.739,1.777,1.729,1.282,1.768,1.779,1.707,1.74,1.741,1.762,1.719,0.661,0.992,0.579,1
1.012,1.295,1.457,1.174,0.567,0.769,0.85,1.093,0.85,0.041,1.012,0.85,1.214,1.808,1.878,1.623,1.794,1.879,1.842,1.697,1.923,1.909,0.769,1.755,1.889,1.897,1.688,1.594,1.812,1.716,1.618,1.821,1.732,1.295,1.713,1.741,1.851,1.787,1.799,1.862,1.755,1.844,1.805,1.815,0.405,1.804,1.658,1.821,1.79,1.713,1.71,1.741,1.783,1.74,1.703,1.336,1.751,1.753,1.827,1.817,1.697,1.863,1.887,0.648,1.255,0.202,1
2.634,0.475,0.993,0.475,0.302,0.561,2.245,0.604,0.95,0.302,1.166,1.166,1.036,1.63,1.656,1.692,1.772,1.734,1.783,1.757,1.81,1.728,0.259,1.757,1.625,1.773,1.689,1.833,1.818,1.717,1.838,1.853,1.823,0.907,1.705,1.746,1.836,1.807,1.907,1.848,1.771,1.72,1.798,1.819,0.302,1.844,1.749,1.838,1.902,1.864,1.791,1.776,1.841,1.845,1.833,1.209,1.755,1.797,1.758,1.8,1.804,1.746,1.807,0.345,1.813,0.259,1
2.382,0.412,1.603,0.275,0.183,0.504,1.924,0.687,0.962,0.275,0.641,1.466,2.061,1.781,1.8,1.753,1.734,1.737,1.752,1.707,1.822,1.793,0.366,1.824,1.832,1.735,1.737,1.779,1.785,1.838,1.637,1.777,1.814,0.595,1.757,1.914,1.77,1.834,1.893,1.757,1.878,1.786,1.853,1.693,0.275,1.793,1.797,1.823,1.809,1.865,1.83,1.745,1.762,1.701,1.743,1.145,1.771,1.759,1.762,1.681,1.702,1.826,1.762,0.504,1.42,0.412,1
1.305,0.989,1.543,1.147,0.435,0.91,1.503,1.108,1.108,0.316,0.593,1.147,1.305,1.718,1.692,1.666,1.743,1.767,1.722,1.682,1.803,1.722,0.712,1.819,1.66,1.844,1.696,1.769,1.819,1.724,1.848,1.801,1.844,0.831,1.813,1.879,1.89,1.921,1.897,1.833,1.945,1.759,1.864,1.754,0.435,1.739,1.911,1.797,1.822,1.803,1.787,1.709,1.748,1.788,1.793,0.831,1.759,1.808,1.812,1.732,1.791,1.716,1.711,0.633,0.831,0.198,1
0.645,1.462,1.677,1.118,0.473,0.688,0.903,1.548,1.247,0.215,0.817,1.419,0.817,1.623,1.817,1.787,1.831,1.846,1.854,1.741,1.745,1.814,0.774,1.783,1.648,1.784,1.718,1.723,1.845,1.87,1.974,1.925,1.824,0.946,1.822,1.91,1.881,1.818,1.781,1.854,1.839,1.769,1.885,1.878,0.387,1.672,1.731,1.9,1.791,1.785,1.737,1.732,1.75,1.684,1.687,0.817,1.889,1.84,1.826,1.748,1.803,1.766,1.74,0.215,0.946,0.215,1
1.463,0.755,1.558,0.425,0.425,0.566,1.322,0.803,1.652,0.189,1.086,1.228,1.511,1.626,1.72,1.766,1.72,1.627,1.754,1.805,1.76,1.844,0.378,1.701,1.692,1.759,1.766,1.719,1.789,1.802,1.724,1.877,1.845,1.18,1.842,1.786,1.765,1.845,1.797,1.821,1.853,1.817,1.795,1.828,0.519,1.757,1.826,1.852,1.676,1.843,1.594,1.798,1.741,1.698,1.815,0.85,1.838,1.854,1.917,1.752,1.871,1.811,1.83,0.283,1.652,0.236,1
2.025,0.301,1.249,0.259,0.301,0.689,2.627,0.517,1.077,0.301,0.689,1.809,1.292,1.72,1.675,1.796,1.784,1.835,1.808,1.824,1.768,1.878,0.215,1.809,1.787,1.809,1.799,1.892,1.801,1.976,1.951,1.686,1.786,0.948,1.77,1.796,1.909,1.849,1.765,1.889,1.913,1.745,1.903,1.784,0.301,1.779,1.673,1.79,1.762,1.784,1.719,1.887,1.738,1.735,1.716,0.646,1.715,1.757,1.589,1.851,1.88,1.79,1.813,0.474,1.163,0.431,1
1.191,0.867,1.913,0.722,0.253,0.903,1.589,1.589,1.589,0.325,0.686,0.939,1.841,1.777,1.744,1.69,1.742,1.887,1.724,1.742,1.794,1.702,0.65,1.736,1.738,1.772,1.654,1.84,1.755,1.712,1.706,1.777,1.747,1.011,1.662,1.798,1.721,1.758,1.695,1.779,1.688,1.84,1.719,1.782,0.505,1.74,1.802,1.668,1.682,1.734,1.798,1.655,1.737,1.798,1.777,0.975,1.617,1.676,1.789,1.646,1.673,1.842,1.759,0.505,1.047,0.83,1
1.164,1.764,1.464,0.863,0.375,0.601,0.826,1.426,1.351,0.188,1.014,1.051,1.389,1.658,1.652,1.694,1.76,1.733,1.826,1.708,1.788,1.784,1.014,1.782,1.774,1.811,1.728,1.767,1.815,1.835,1.825,1.728,1.789,0.901,1.758,1.784,1.881,1.83,1.723,1.881,1.783,1.809,1.821,1.802,0.488,1.796,1.881,1.788,1.704,1.77,1.804,1.733,1.728,1.688,1.639,0.826,1.794,1.673,1.833,1.756,1.666,1.825,1.736,0.45,1.126,0.375,1
2.121,0.187,1.591,0.062,0.218,0.655,1.934,1.029,1.216,0.312,0.655,1.466,1.466,1.711,1.817,1.81,1.782,1.833,1.831,1.754,1.766,1.691,0.343,1.761,1.734,1.725,1.673,1.773,1.756,1.725,1.83,1.742,1.832,1.372,1.829,1.924,1.784,1.806,1.765,1.792,1.859,1.825,1.798,1.732,0.405,1.808,1.785,1.769,1.72,1.755,1.719,1.786,1.81,1.702,1.796,1.029,1.786,1.783,1.837,1.914,1.805,1.755,1.815,0.094,1.466,0.374,1
1.095,1.182,1.73,1.153,0.375,0.922,0.922,1.268,0.836,0.577,0.605,0.865,0.865,1.792,1.735,1.746,1.753,1.771,1.804,1.676,1.746,1.739,1.067,1.814,1.773,1.806,1.765,1.794,1.768,1.804,1.803,1.728,1.783,0.865,1.833,1.757,1.957,1.814,1.727,1.837,1.792,1.834,1.791,1.803,0.346,1.742,1.759,1.773,1.86,1.787,1.749,1.835,1.792,1.729,1.79,1.095,1.78,1.731,1.809,1.795,1.774,1.828,1.906,0.634,0.807,0.605,1
0.403,1.412,2.662,1.532,0.282,0.807,0.565,0.928,0.847,0.363,0.645,0.726,0.968,1.757,1.928,1.846,1.723,1.665,1.752,1.793,1.707,1.768,1.291,1.792,1.771,1.824,1.769,1.769,1.725,1.837,1.745,1.802,1.646,1.532,1.808,1.827,1.657,1.744,1.818,1.723,1.693,1.809,1.711,1.687,0.282,1.739,1.805,1.754,1.825,1.798,1.756,1.795,1.854,1.687,1.955,1.17,1.77,1.749,1.747,1.827,1.782,1.778,1.811,0.726,0.686,0.645,1
1.671,1.201,2.663,0.366,0.574,1.41,0.888,1.358,0.992,0.209,0.574,1.149,1.619,1.699,1.62,1.638,1.658,1.658,1.674,1.745,1.657,1.75,0.731,1.689,1.696,1.85,1.731,1.799,1.818,1.782,1.749,1.85,1.906,0.47,1.829,1.782,1.921,1.852,1.885,1.895,1.759,1.814,1.807,1.88,0.574,1.697,1.823,1.795,1.601,1.688,1.756,1.64,1.751,1.792,1.731,0.835,1.67,1.607,1.795,1.601,1.67,1.733,1.679,0.731,0.835,0.731,1
0.753,1.841,2.427,0.879,0.837,1.757,0.502,1.632,0.962,0.335,0.837,0.837,1.464,1.638,1.753,1.753,1.693,1.643,1.681,1.667,1.735,1.784,0.502,1.868,1.8,1.801,1.671,1.832,1.779,1.827,1.766,1.833,1.813,0.502,1.623,1.794,1.826,1.833,1.788,1.876,1.838,1.785,1.8,1.839,0.209,1.706,1.766,1.839,1.662,1.753,1.719,1.76,1.696,1.761,1.693,0.711,1.683,1.769,1.64,1.758,1.71,1.843,1.864,0.795,0.962,0.293,1
1.563,0.695,1.418,1.245,0.405,0.724,1.158,1.158,1.129,0.463,1.071,0.782,0.926,1.688,1.8,1.713,1.685,1.77,1.774,1.74,1.79,1.801,1.013,1.774,1.81,1.776,1.804,1.761,1.806,1.789,1.75,1.776,1.752,1.1,1.823,1.815,1.735,1.881,1.775,1.793,1.872,1.839,1.774,1.74,0.203,1.811,1.751,1.765,1.752,1.774,1.768,1.749,1.713,1.832,1.785,0.608,1.818,1.758,1.901,1.811,1.89,1.73,1.804,0.376,1.563,0.376,1
1.118,0.769,2.517,1.084,0.489,0.944,0.699,1.678,1.049,0.454,0.804,0.769,1.783,1.746,1.751,1.654,1.732,1.739,1.683,1.697,1.783,1.738,0.594,1.798,1.748,1.75,1.768,1.622,1.815,1.831,1.751,1.811,1.746,0.874,1.727,1.662,1.839,1.744,1.715,1.73,1.817,1.783,1.837,1.767,0.315,1.809,1.822,1.781,1.789,1.683,1.735,1.811,1.799,1.81,1.785,0.594,1.69,1.841,1.775,1.872,1.804,1.756,1.884,0.454,1.363,0.419,1
1.999,0.659,2.093,1.529,0.353,0.235,0.188,1.576,0.729,0.094,0.212,1.2,0.776,1.866,1.796,1.755,1.714,1.829,1.942,1.558,1.802,1.758,0.588,1.799,1.708,1.844,1.865,1.603,1.828,1.683,1.737,1.647,1.794,0.894,1.799,1.622,1.815,1.864,1.746,1.601,1.877,1.806,1.774,1.746,0.071,1.765,1.829,1.651,1.932,1.778,1.77,1.806,1.799,1.838,1.645,2.987,1.853,1.73,1.794,1.752,1.859,1.866,1.62,1.599,0.423,0.329,1
1.077,0.975,1.129,1.385,0.462,0.924,0.564,1.796,0.975,0.616,0.667,0.975,1.232,1.691,1.839,1.755,1.767,1.804,1.825,1.739,1.733,1.925,0.872,1.764,1.866,1.799,1.838,1.767,1.829,1.781,1.761,1.787,1.816,0.872,1.828,1.815,1.755,1.931,1.934,1.79,1.751,1.797,1.731,1.666,0.41,1.799,1.873,1.809,1.898,1.732,1.865,1.877,1.817,1.897,1.819,0.821,1.832,1.671,1.95,1.798,1.781,1.778,1.581,0.051,0.872,0.462,1
2.452,0.201,1.276,0.537,0.336,0.571,0.806,0.94,0.403,0.47,0.672,1.444,1.377,1.768,1.849,1.813,1.858,1.678,1.953,1.757,1.823,1.893,0.47,1.604,1.793,1.886,1.799,1.823,1.755,1.832,1.859,1.884,1.758,0.974,1.709,1.741,1.892,1.797,1.849,1.8,1.828,1.82,1.882,1.819,0.201,1.735,1.824,1.808,1.877,1.83,1.803,1.923,1.816,1.898,1.815,0.739,1.81,1.901,1.871,1.829,1.775,1.918,1.822,0.336,1.545,0.47,1
0.715,0.915,1.688,1.43,0.315,0.858,0.744,1.574,0.515,0.343,0.544,1.001,1.03,1.722,1.786,1.806,1.735,1.776,1.828,1.688,1.777,1.733,1.459,1.68,1.745,1.83,1.88,1.729,1.731,1.805,1.689,1.811,1.776,1.259,1.866,1.819,1.729,1.772,1.812,1.712,1.697,1.685,1.854,1.87,0.229,1.712,1.874,1.806,1.746,1.729,1.863,1.744,1.776,1.844,1.873,1.173,1.721,1.765,1.756,1.834,1.807,1.853,1.845,0.801,0.973,0.544,1
1.407,1.313,1.876,0.938,0.938,0.751,0.844,1.501,0.844,0.281,0.469,1.407,1.032,1.881,1.915,1.711,1.765,1.943,1.806,1.689,1.729,1.634,1.22,1.821,1.769,1.722,1.721,1.892,1.883,1.904,1.835,1.755,1.808,0.938,1.57,1.811,1.827,1.711,1.714,1.862,1.871,1.776,1.776,1.722,0.469,1.835,1.728,1.729,1.743,1.932,1.867,1.796,1.715,1.735,1.759,0.469,1.607,1.861,1.571,1.894,1.711,1.713,1.69,0.094,1.313,0.188,1
0.795,1.301,2.169,0.723,0.361,0.94,0.795,1.59,1.446,0.145,0.94,1.229,1.157,1.676,1.866,1.783,1.835,1.782,1.711,1.711,1.826,1.799,1.012,1.739,1.738,1.767,1.74,1.72,1.789,1.793,1.701,1.732,1.622,1.012,1.778,1.864,1.943,1.812,1.756,1.633,1.695,1.843,1.805,1.786,0.434,1.925,1.862,1.737,1.731,1.825,1.719,1.754,1.807,1.91,1.617,0.868,1.67,1.754,1.578,1.799,1.751,1.815,1.846,0.434,0.651,0.651,1
1.56,0.39,2.6,0.26,0.195,0.585,1.495,1.105,1.04,0.195,0.78,1.495,1.495,1.804,1.899,1.65,1.685,1.701,1.736,1.894,1.791,1.716,0.65,1.718,1.657,1.898,1.681,1.69,1.773,1.906,1.723,1.877,1.691,0.91,1.84,1.832,1.875,1.812,1.752,1.802,1.694,1.83,1.774,1.907,0.65,1.697,1.816,1.765,1.755,1.916,1.888,1.695,1.727,1.749,1.849,0.975,1.753,1.594,1.934,1.773,1.786,1.822,1.804,0.39,1.04,0.26,1
2.416,0.671,2.282,0.403,0.268,0.537,3.222,1.074,0.805,0.268,0.671,0.671,2.148,1.494,1.597,1.661,1.581,1.554,1.555,1.605,1.437,1.549,0.537,1.6,1.785,1.642,1.751,1.525,1.662,1.619,1.602,1.693,1.86,0.805,1.631,1.777,1.561,1.616,1.602,1.816,1.643,1.894,1.678,1.771,0.268,1.741,1.842,1.91,1.905,1.826,1.818,1.689,1.885,1.85,1.982,1.611,1.75,1.991,1.918,1.766,1.757,1.775,1.895,0.134,1.611,0.537,1
0.882,0.882,1.525,1.002,0.404,0.867,0.972,1.361,0.897,0.299,0.733,1.166,1.107,1.777,1.803,1.84,1.755,1.734,1.87,1.73,1.795,1.775,0.822,1.802,1.789,1.758,1.78,1.783,1.874,1.772,1.804,1.765,1.779,1.047,1.826,1.826,1.823,1.801,1.792,1.823,1.777,1.709,1.784,1.806,0.194,1.729,1.735,1.761,1.864,1.694,1.832,1.8,1.83,1.854,1.81,1.122,1.831,1.799,1.833,1.758,1.756,1.835,1.787,0.748,1.032,0.479,1
1.065,1.065,1.952,1.242,0.621,0.976,2.04,1.242,1.153,0.532,0.444,0.71,1.065,1.708,1.777,1.754,1.641,1.817,1.738,1.821,1.766,1.714,0.798,1.711,1.826,1.714,1.743,1.844,1.705,1.898,1.934,1.625,1.945,0.798,1.714,1.804,1.649,1.733,1.565,1.682,1.993,1.68,1.76,1.718,0.621,1.778,1.653,1.881,1.783,2.057,1.75,1.773,1.839,1.753,1.535,0.887,1.49,1.943,1.538,1.771,1.756,1.597,1.786,0.887,1.153,0.089,1
1.593,0.435,1.303,0.29,0.217,0.652,1.159,1.231,1.014,0.362,0.507,2.028,1.303,1.77,1.9,1.795,1.79,1.571,1.835,1.718,1.71,1.629,0.362,1.736,1.925,1.736,1.775,1.862,1.947,1.876,1.726,1.858,1.844,1.014,1.74,1.814,1.852,1.817,2.067,1.757,1.822,1.869,1.726,1.83,0.362,1.779,1.835,1.738,1.77,1.981,1.911,1.826,1.812,1.925,1.916,0.579,1.777,1.758,1.865,1.957,1.874,1.876,1.882,0.435,1.014,0.362,1
2.797,0.932,1.658,0.518,0.518,0.414,1.243,1.45,1.347,0.311,0.622,1.347,1.347,1.777,1.849,1.814,1.741,1.797,1.722,1.724,1.691,1.751,0.414,1.814,1.649,1.655,1.667,1.825,1.763,1.919,1.721,1.827,1.62,0.311,1.68,1.807,1.816,1.82,1.906,1.862,1.785,1.728,1.786,1.767,0.414,1.828,1.821,1.682,1.655,1.66,1.669,1.753,1.991,1.765,1.729,0.932,1.651,1.789,1.809,1.709,1.858,1.771,1.72,0.518,1.554,0.207,1
1.283,1.425,2.708,1.283,0.285,0.998,0.855,1.283,1.425,0.285,0.855,0.855,1.14,1.733,1.766,1.807,1.715,1.524,1.696,1.7,1.499,1.817,1.853,1.681,1.669,1.756,1.642,1.764,1.842,1.777,1.7,1.683,1.765,0.428,1.767,1.843,1.802,1.752,1.748,1.657,1.788,1.522,1.662,1.95,0.855,1.772,1.597,1.617,1.858,1.838,1.834,1.809,1.75,1.706,1.614,0.57,1.616,1.654,1.753,1.924,2.002,1.711,1.823,0.855,0.712,0.142,1
2.076,1.274,2.548,0.519,0.661,0.897,0.849,1.557,1.557,0.236,0.802,1.18,2.643,1.595,1.704,1.604,1.657,1.666,1.754,1.562,1.678,1.623,0.519,1.63,1.604,1.704,1.731,1.642,1.715,1.751,1.788,1.752,1.815,0.33,1.679,1.729,1.726,1.712,1.68,1.75,1.833,1.69,1.642,1.721,0.236,1.809,1.657,1.767,1.812,1.697,1.626,1.762,1.745,1.729,1.831,0.849,1.818,1.858,1.719,1.721,1.674,1.686,1.718,0.519,1.368,0.614,1
1.226,0.959,2.078,0.48,0.959,2.025,0.373,1.546,1.172,0.213,1.066,0.959,2.132,1.73,1.563,1.611,1.674,1.666,1.597,1.693,1.555,1.705,0.64,1.726,1.736,1.665,1.762,1.787,1.817,1.778,1.768,1.863,1.737,0.853,1.751,1.853,1.769,1.732,1.748,1.802,1.793,1.821,1.703,1.786,0.373,1.769,1.662,1.699,1.758,1.733,1.771,1.823,1.742,1.772,1.687,0.64,1.835,1.69,1.849,1.757,1.88,1.737,1.82,0.533,0.959,0.64,1
2.497,0.523,2.054,0.161,0.403,0.604,1.047,0.926,1.208,0.242,0.967,1.49,2.255,1.74,1.768,1.648,1.627,1.796,1.654,1.605,1.783,1.684,0.282,1.648,1.712,1.682,1.731,1.807,1.821,1.795,1.746,1.864,1.795,0.846,1.778,1.815,1.824,1.726,1.777,1.879,1.837,1.829,1.734,1.707,0.443,1.815,1.71,1.717,1.783,1.695,1.741,1.803,1.768,1.81,1.816,0.443,1.723,1.831,1.705,1.754,1.835,1.894,1.74,0.403,1.49,0.765,1
2.062,0.884,2.16,0.687,0.884,1.178,0.54,1.767,0.933,0.344,0.933,0.982,2.7,1.677,1.717,1.466,1.672,1.663,1.797,1.67,1.727,1.608,0.442,1.694,1.807,1.789,1.785,1.768,1.81,1.764,1.818,1.8,1.85,0.491,1.797,1.693,1.791,1.784,1.674,1.687,1.757,1.772,1.677,1.577,0.246,1.732,1.646,1.692,1.725,1.756,1.766,1.746,1.713,1.679,1.786,0.687,1.723,1.725,1.832,1.849,1.782,1.742,1.741,0.442,1.522,0.393,1
1.823,0.889,2.401,0.445,0.622,0.667,0.667,1.378,1.556,0.356,1.156,1.245,1.912,1.677,1.696,1.656,1.773,1.713,1.691,1.549,1.705,1.694,0.578,1.706,1.67,1.805,1.703,1.703,1.784,1.816,1.709,1.772,1.83,0.534,1.833,1.821,1.804,1.752,1.771,1.697,1.841,1.827,1.763,1.669,0.222,1.849,1.709,1.784,1.878,1.7,1.788,1.848,1.726,1.765,1.793,0.756,1.79,1.765,1.788,1.722,1.708,1.817,1.801,0.489,1.156,0.489,1
1.73,0.692,2.373,1.458,0.569,0.395,0.371,1.31,0.865,0.099,0.124,1.186,0.692,1.806,1.809,1.773,1.87,1.826,1.746,1.723,1.768,1.86,0.741,1.753,1.745,1.849,1.744,1.653,1.785,1.894,1.777,1.714,1.794,0.618,1.677,1.679,1.819,1.713,1.649,1.706,1.688,1.792,1.73,1.832,0.049,1.899,1.723,1.753,1.71,1.842,1.708,1.733,1.773,1.675,1.762,2.719,1.805,1.78,1.717,1.736,1.754,1.763,1.736,2.15,0.494,0.321,1
0.722,1.588,3.464,0.722,0.433,3.175,0.433,1.588,0.866,0.289,0.289,0.577,1.155,1.622,1.599,1.67,1.842,1.821,1.848,1.485,1.745,1.617,0.289,1.586,1.86,1.637,1.707,1.82,1.732,1.777,1.682,1.912,1.63,0.144,1.68,1.801,1.643,1.661,1.695,1.917,1.769,1.764,1.706,1.753,0.0,1.69,1.844,1.898,1.667,1.835,1.724,1.633,1.814,1.686,1.862,0.289,2.051,1.971,1.727,1.875,2.059,1.666,1.825,0.577,2.454,0.144,1
1.776,0.683,1.756,1.327,0.429,0.273,0.546,1.873,0.898,0.059,0.351,1.307,0.859,1.789,1.857,1.828,1.763,1.743,1.905,1.639,1.825,1.777,0.761,1.733,1.803,1.74,1.716,1.711,1.862,1.856,1.798,1.684,1.776,0.937,1.765,1.612,1.869,1.879,1.839,1.692,1.753,1.85,1.573,1.825,0.059,1.79,1.761,1.683,1.805,1.807,1.641,1.731,1.811,1.72,1.727,2.927,1.75,1.822,1.768,1.781,1.808,1.69,1.789,1.151,0.488,0.195,1
1.623,0.673,2.019,1.346,0.277,0.198,0.634,1.148,0.515,0.079,0.356,0.95,1.346,1.812,1.694,1.769,1.701,1.697,1.809,1.642,1.862,1.569,0.436,1.836,1.833,1.779,1.735,1.594,1.723,1.875,1.787,1.671,1.807,1.148,1.856,1.808,1.828,1.873,1.74,1.746,1.76,1.825,1.724,1.848,0.277,1.678,1.807,1.739,1.851,1.858,1.727,1.832,1.686,1.81,1.739,1.742,1.865,1.845,1.89,1.784,1.677,1.866,1.809,0.99,1.702,0.871,1
0.661,1.281,2.314,0.827,0.62,0.909,1.199,1.612,0.868,0.455,1.116,0.744,1.075,1.737,1.832,1.782,1.736,1.795,1.785,1.761,1.724,1.789,1.157,1.793,1.751,1.846,1.629,1.661,1.84,1.639,1.702,1.826,1.717,1.199,1.825,1.788,1.724,1.595,1.718,1.784,1.804,1.719,1.893,1.702,0.124,1.76,1.765,1.743,1.706,1.724,1.781,1.635,1.746,1.697,1.788,0.868,1.762,1.765,1.683,1.774,1.84,1.839,1.754,0.827,0.951,0.537,1
1.025,0.954,1.696,0.707,0.495,0.777,1.131,1.661,0.777,0.53,0.459,0.919,0.848,1.702,1.896,1.845,1.837,1.757,1.859,1.911,1.711,1.747,0.495,1.823,1.716,1.672,1.745,1.855,1.792,1.766,1.812,1.879,1.814,1.131,1.777,1.739,1.742,1.824,1.726,1.791,1.815,1.827,1.614,1.733,0.247,1.835,1.85,1.718,1.799,1.852,1.844,1.828,1.781,1.839,1.639,0.919,1.796,1.743,1.874,1.891,1.828,1.695,1.759,0.601,1.908,0.424,1
1.026,1.112,1.813,1.42,0.291,0.958,0.975,2.07,1.197,0.171,0.718,0.804,0.992,1.729,1.836,1.825,1.751,1.725,1.715,1.768,1.753,1.777,0.907,1.848,1.732,1.714,1.746,1.759,1.748,1.781,1.795,1.745,1.773,1.129,1.827,1.738,1.789,1.74,1.751,1.801,1.768,1.767,1.738,1.785,0.154,1.781,1.816,1.788,1.749,1.731,1.737,1.755,1.788,1.77,1.738,1.146,1.684,1.748,1.727,1.786,1.786,1.755,1.702,0.753,0.941,0.359,1
0.552,1.499,2.761,1.104,0.394,1.736,1.262,1.42,1.341,0.079,0.71,0.789,0.789,1.694,1.875,1.669,1.676,1.759,1.808,1.816,1.929,1.809,1.578,1.667,1.754,1.84,1.622,1.68,1.78,1.736,1.614,1.841,1.842,1.026,1.744,1.808,1.83,1.804,1.585,1.883,1.696,1.705,1.669,1.507,0.473,1.659,1.788,1.684,1.726,1.647,1.849,1.814,1.845,1.775,1.53,1.104,1.798,1.796,1.689,1.73,1.806,1.813,1.687,0.394,0.473,0.237,1
1.925,0.361,2.285,1.323,0.481,1.203,0.601,1.564,1.564,0.361,0.481,0.722,1.443,1.747,1.75,1.755,1.731,1.756,1.678,1.582,1.68,1.713,1.443,1.763,1.773,1.748,1.853,1.608,1.742,1.691,1.824,1.66,1.802,0.722,1.68,1.827,1.687,1.556,1.88,1.85,1.713,1.703,1.864,1.599,0.722,1.691,1.86,1.799,1.796,1.779,1.587,1.585,1.899,1.631,1.842,0.361,1.672,1.555,1.973,1.469,1.9,1.67,1.865,0.722,1.082,0.842,1
2.811,0.351,1.757,0.351,0.878,0.703,1.23,0.878,0.176,0.176,0.703,1.581,1.932,1.621,1.478,1.737,1.735,1.66,1.708,1.631,1.69,1.508,0.176,1.772,1.871,1.926,1.794,1.926,1.793,1.948,2.024,1.846,1.803,0.527,1.811,1.848,1.702,1.766,1.911,1.909,2.091,1.947,1.669,1.768,0.351,1.785,1.836,1.848,1.989,1.995,1.775,2.011,1.742,1.897,1.943,0.527,1.855,1.779,1.554,1.873,1.513,1.841,2.008,0.176,1.581,0.0,1
2.236,1.53,2.0,0.941,0.118,1.059,0.824,3.059,1.53,0.118,0.824,1.177,1.647,1.721,1.775,1.692,1.542,1.725,1.607,1.758,1.673,1.655,0.706,1.545,1.811,1.684,1.577,1.813,1.869,1.832,1.632,1.831,1.801,0.353,1.82,1.763,1.795,1.871,1.835,1.77,1.844,1.653,1.759,1.732,0.588,1.836,1.779,1.833,1.615,1.758,1.764,1.922,1.61,2.033,1.637,0.235,1.472,1.695,1.88,1.66,1.519,1.796,1.685,0.353,0.706,0.118,1
0.441,1.763,2.424,1.983,0.22,2.204,0.441,1.322,1.763,0.441,1.102,0.22,1.322,1.669,1.998,1.853,1.552,1.585,1.729,1.825,1.878,1.665,0.441,1.621,1.594,1.987,1.746,1.89,1.658,1.693,1.763,1.811,1.839,0.441,1.754,1.678,1.725,1.575,2.022,2.185,1.906,1.886,1.789,1.832,0.661,1.7,2.041,1.48,1.795,1.998,1.921,1.561,1.925,1.897,1.35,1.102,1.484,1.655,1.941,1.484,1.846,1.624,1.638,0.0,0.441,0.22,1
3.171,0.453,2.265,0.226,0.226,2.038,1.359,4.303,2.265,0.453,0.679,0.453,3.171,1.484,1.623,1.439,1.385,1.663,1.558,1.526,1.569,1.503,0.453,1.484,1.455,1.574,1.622,1.4,1.588,1.698,1.667,1.718,1.607,0.679,1.582,1.491,1.586,1.719,1.756,1.683,1.577,1.804,1.749,1.756,0.679,1.845,1.809,1.703,1.597,1.598,1.606,1.555,1.815,1.64,1.621,0.453,1.566,1.801,1.622,1.694,1.973,1.723,1.659,0.0,1.132,0.453,1
2.419,1.303,2.233,0.186,0.93,1.303,1.116,2.605,0.186,0.558,0.372,0.744,1.675,1.43,1.561,1.666,1.506,1.459,1.686,1.561,1.605,1.283,1.675,1.621,1.542,1.644,1.442,1.369,1.688,1.606,1.641,1.618,1.808,0.558,1.705,1.732,1.688,1.689,1.664,1.863,1.81,1.822,1.845,2.018,1.116,2.007,1.594,1.699,1.677,2.002,1.789,1.801,1.831,1.682,1.884,0.558,1.728,1.987,2.016,2.059,1.858,1.717,1.698,0.186,1.303,0.372,1
0.728,2.183,2.426,1.213,0.243,2.426,0.243,3.153,1.941,0.485,0.97,0.485,1.456,1.684,1.796,1.63,1.697,1.74,1.38,1.355,1.93,1.573,1.456,1.707,1.804,1.791,1.571,1.713,1.816,1.7,1.652,1.691,1.574,0.243,1.628,1.799,1.671,1.619,1.716,1.595,1.665,1.866,1.656,1.442,0.97,1.787,1.813,1.754,1.648,1.656,1.708,1.485,1.809,1.916,1.72,0.243,1.732,1.777,1.902,1.724,1.816,1.838,1.622,0.0,0.243,0.728,1
1.374,0.494,2.529,1.801,0.402,0.201,0.251,1.499,0.896,0.059,0.134,1.214,0.863,1.838,1.813,1.816,1.729,1.836,1.877,1.62,1.842,1.765,0.36,1.745,1.647,1.824,1.832,1.667,1.763,1.781,1.78,1.621,1.785,0.762,1.903,1.688,1.77,1.77,1.811,1.712,1.706,1.795,1.712,1.751,0.209,1.77,1.831,1.722,1.778,1.812,1.688,1.756,1.695,1.899,1.664,2.973,1.769,1.797,1.749,1.763,1.735,1.753,1.697,2.018,0.511,0.369,1
2.38,1.19,1.904,0.714,0.238,0.952,0.357,2.142,1.547,0.357,0.357,1.19,1.666,1.728,1.671,1.616,1.731,1.762,1.831,1.532,1.693,1.568,1.071,1.605,1.556,1.779,1.694,1.749,1.69,1.623,1.597,1.581,1.693,0.357,1.702,1.89,1.798,1.826,1.861,1.753,1.631,1.707,1.828,1.51,0.595,1.826,1.779,1.823,1.791,1.685,1.798,1.809,1.649,1.882,2.023,0.238,1.822,1.911,1.833,1.903,1.73,1.936,1.719,0.595,1.309,0.714,1
0.756,0.619,2.819,0.413,0.619,0.619,1.169,1.65,1.306,0.069,0.756,1.581,1.375,1.793,1.769,1.743,1.771,1.901,1.824,1.743,1.996,1.714,0.756,1.637,1.701,1.928,1.609,1.679,1.907,1.787,1.64,1.86,1.94,1.1,1.763,1.75,1.908,1.751,1.703,1.863,1.631,1.761,1.74,1.808,0.344,1.696,1.719,1.806,1.726,1.762,1.793,1.751,1.62,1.783,1.629,0.962,1.739,1.728,1.851,1.67,1.736,1.883,1.648,0.688,0.756,0.481,1
1.381,1.13,2.135,1.13,0.377,0.628,1.256,1.758,1.256,0.753,0.628,0.377,1.884,1.642,1.947,1.881,1.714,1.779,1.813,1.663,1.546,1.784,0.502,1.774,1.641,1.5,1.542,1.853,1.75,1.853,1.789,1.754,1.748,1.256,1.915,1.573,1.581,1.661,1.769,1.77,1.785,1.817,1.913,1.828,0.628,1.729,1.472,1.694,1.898,1.883,1.709,1.642,1.736,1.737,1.798,0.879,1.699,1.931,1.62,1.569,1.412,1.791,2.003,0.753,1.005,0.377,1
1.362,0.908,3.177,0.303,0.151,1.059,0.454,2.118,1.513,0.454,0.605,1.059,1.513,1.793,1.967,1.63,1.879,1.636,1.814,1.882,1.697,1.583,1.513,1.522,1.627,1.766,1.856,1.616,1.821,1.615,1.657,1.756,1.771,0.454,1.914,1.807,1.763,1.852,1.501,1.496,1.695,1.599,1.704,1.844,0.757,1.684,1.896,1.874,1.674,1.633,1.428,1.8,1.841,1.64,1.837,0.605,1.555,1.539,1.973,1.594,1.653,1.772,1.816,0.605,1.513,0.605,1
1.345,0.856,1.59,0.856,0.489,1.223,1.345,1.712,1.101,0.122,0.612,1.223,2.324,1.749,1.83,1.5,1.76,1.945,1.782,1.91,1.872,1.667,1.59,1.873,1.782,1.776,1.527,1.558,1.786,1.569,1.763,1.631,1.769,0.489,1.815,1.816,1.717,1.889,1.732,1.72,1.877,1.681,1.8,1.654,0.734,1.645,1.813,1.749,1.646,1.74,1.629,1.617,1.841,1.668,1.633,0.612,1.799,1.769,1.685,1.587,1.748,1.923,1.698,0.489,1.223,0.122,1
1.838,1.508,2.309,0.66,0.66,1.178,0.188,1.602,1.225,0.236,1.131,1.178,2.262,1.722,1.711,1.677,1.742,1.719,1.634,1.672,1.695,1.699,0.471,1.694,1.582,1.81,1.587,1.616,1.731,1.812,1.716,1.72,1.765,0.613,1.788,1.712,1.799,1.845,1.67,1.822,1.736,1.846,1.717,1.65,0.283,1.781,1.666,1.773,1.826,1.784,1.795,1.895,1.825,1.759,1.81,0.471,1.741,1.832,1.651,1.747,1.753,1.766,1.712,0.424,1.178,0.565,1
4.275,0.591,2.956,0.182,0.318,0.591,1.41,0.864,0.819,0.182,0.5,1.455,1.592,1.608,1.692,1.724,1.809,1.679,1.711,1.647,1.706,1.619,0.273,1.823,1.744,1.713,1.697,1.677,1.772,1.9,1.742,1.841,1.755,0.318,1.701,1.786,1.81,1.763,1.789,1.77,1.747,1.785,1.707,1.771,0.227,1.862,1.742,1.695,1.75,1.566,1.756,1.711,1.758,1.789,1.936,0.5,1.872,1.724,1.662,1.53,1.745,1.763,1.737,0.546,1.592,0.728,1
2.158,0.446,1.19,0.298,0.074,0.149,2.009,1.562,1.19,0.149,0.223,2.53,0.149,1.811,1.669,1.851,1.623,1.694,1.709,1.741,1.512,1.697,0.446,1.651,1.86,1.718,1.899,1.768,1.798,1.68,1.687,1.806,1.854,1.041,1.858,1.863,1.762,1.85,1.702,1.8,1.707,1.972,1.63,1.744,0.298,1.886,1.791,1.683,1.769,1.762,1.807,1.838,1.699,1.78,1.805,3.05,1.732,1.619,1.773,1.866,1.807,1.606,1.74,1.19,0.446,0.521,1
2.502,0.737,1.028,0.583,0.394,0.668,2.211,1.474,0.874,0.154,0.343,1.285,0.994,1.762,1.783,1.705,1.71,1.663,1.684,1.721,1.762,1.736,0.634,1.787,1.848,1.627,1.784,1.795,1.676,1.733,1.769,1.742,1.724,1.097,1.746,1.735,1.77,1.82,1.69,1.805,1.8,1.681,1.806,1.754,0.326,1.682,1.737,1.753,1.729,1.77,1.698,1.734,1.748,1.791,1.7,1.816,1.828,1.831,1.756,1.793,1.808,1.779,1.832,0.685,1.388,0.223,1
2.197,0.549,1.098,1.648,0.196,0.745,0.628,2.55,1.255,0.118,0.431,0.981,1.098,1.82,1.851,1.83,1.832,1.744,1.833,1.814,1.644,1.745,0.824,1.769,1.769,1.746,1.763,1.774,1.771,1.674,1.782,1.76,1.75,1.451,1.753,1.774,1.76,1.847,1.738,1.738,1.645,1.668,1.799,1.691,0.196,1.806,1.763,1.77,1.766,1.86,1.833,1.66,1.669,1.827,1.711,1.412,1.758,1.738,1.817,1.758,1.767,1.693,1.771,0.471,0.824,0.275,1
1.082,1.02,1.515,1.144,0.495,0.773,1.175,1.082,0.68,0.278,0.495,1.206,1.051,1.69,1.789,1.828,1.804,1.757,1.715,1.615,1.836,1.794,0.804,1.806,1.852,1.889,1.798,1.704,1.739,1.809,1.704,1.805,1.84,1.082,1.802,1.815,1.746,1.791,1.725,1.808,1.79,1.851,1.726,1.75,0.309,1.846,1.794,1.832,1.751,1.764,1.821,1.923,1.905,1.919,1.859,0.959,1.881,1.723,1.866,1.762,1.82,1.85,1.885,0.495,1.051,0.526,1
1.496,0.333,1.662,0.499,0.998,0.333,1.164,1.496,0.998,0.0,0.499,1.829,2.494,1.624,1.417,1.518,1.665,1.755,1.766,1.764,1.605,1.882,0.499,1.887,1.776,1.694,1.777,1.764,1.45,1.764,1.641,1.926,1.868,0.831,2.011,2.104,2.097,1.839,1.908,1.829,2.038,1.561,1.888,1.898,0.333,1.695,1.948,1.773,1.978,2.111,1.973,2.045,2.052,1.941,1.676,0.831,1.642,1.815,1.497,1.601,1.401,1.577,1.606,0.831,0.499,0.333,1
1.264,0.681,2.139,1.62,0.648,0.389,0.454,1.296,0.907,0.065,0.097,1.037,0.745,1.872,1.767,1.739,1.725,1.76,1.932,1.564,1.926,1.695,0.583,1.755,1.653,1.664,1.818,1.635,1.813,1.895,1.741,1.745,1.767,0.778,1.768,1.64,1.815,1.84,1.713,1.752,1.621,1.864,1.712,1.741,0.389,1.763,1.785,1.788,1.822,1.783,1.778,1.72,1.76,1.843,1.641,3.014,1.721,1.748,1.746,1.754,1.838,1.823,1.794,1.588,0.778,0.486,1
1.606,0.711,1.514,1.308,0.344,0.505,0.826,1.423,1.193,0.367,0.528,1.056,0.78,1.757,1.715,1.686,1.69,1.79,1.639,1.723,1.688,1.699,0.826,1.737,1.795,1.77,1.751,1.755,1.772,1.732,1.787,1.769,1.866,0.826,1.78,1.755,1.756,1.743,1.739,1.791,1.813,1.803,1.751,1.797,0.344,1.867,1.846,1.788,1.85,1.823,1.738,1.878,1.7,1.796,1.803,1.583,1.777,1.765,1.812,1.826,1.73,1.833,1.754,0.642,1.652,0.528,1
1.403,2.047,2.514,1.053,0.702,1.403,0.877,1.52,1.462,0.351,0.877,0.526,2.339,1.725,1.694,1.65,1.813,1.622,1.682,1.628,1.68,1.802,0.994,1.768,1.832,1.7,1.694,1.661,1.663,1.781,1.633,1.654,1.749,0.585,1.643,1.656,1.694,1.689,1.766,1.737,1.705,1.734,1.68,1.758,0.351,1.778,1.667,1.638,1.757,1.675,1.672,1.643,1.726,1.768,1.755,0.526,1.697,1.628,1.696,1.729,1.705,1.725,1.784,0.468,1.228,0.234,1
0.999,0.999,1.81,1.373,0.187,0.811,0.811,1.872,0.811,0.25,0.375,0.749,1.248,1.694,1.849,1.714,1.854,1.741,1.775,1.666,1.767,1.727,0.874,1.665,1.581,1.669,1.748,1.655,1.838,1.671,1.733,1.889,1.677,1.311,1.721,1.777,1.761,1.79,1.914,1.85,1.67,1.893,1.873,1.751,0.624,1.868,1.661,1.707,1.735,1.846,1.938,1.77,1.813,1.772,1.794,1.123,1.788,1.849,1.74,1.746,1.881,1.752,1.764,0.562,1.373,0.499,1
1.534,0.871,2.374,0.823,0.415,0.759,0.823,2.062,1.167,0.224,0.368,1.039,1.367,1.673,1.836,1.658,1.657,1.798,1.808,1.66,1.741,1.805,0.695,1.804,1.754,1.798,1.78,1.752,1.752,1.749,1.789,1.772,1.758,1.047,1.774,1.746,1.739,1.735,1.727,1.761,1.708,1.709,1.746,1.748,0.352,1.745,1.775,1.736,1.723,1.761,1.752,1.79,1.792,1.712,1.809,1.183,1.735,1.755,1.803,1.749,1.769,1.774,1.767,0.759,0.943,0.511,1
1.646,0.534,2.935,0.267,0.311,0.667,1.023,1.957,0.89,0.4,0.845,1.379,1.868,1.727,1.662,1.675,1.709,1.796,1.664,1.825,1.682,1.742,0.4,1.693,1.838,1.641,1.883,1.814,1.865,1.812,1.815,1.73,1.905,0.356,1.886,1.859,1.771,1.848,1.873,1.898,1.723,1.822,1.781,1.68,0.356,1.77,1.735,1.805,1.772,1.757,1.714,1.853,1.683,1.697,1.809,0.801,1.765,1.687,1.711,1.852,1.75,1.723,1.795,0.578,0.89,0.4,1
0.839,0.979,1.119,0.839,0.616,0.951,1.035,1.735,1.119,0.504,0.727,0.812,1.343,1.746,1.735,1.753,1.8,1.794,1.813,1.747,1.81,1.788,0.923,1.788,1.766,1.772,1.751,1.705,1.795,1.747,1.722,1.789,1.807,0.979,1.745,1.706,1.803,1.818,1.881,1.803,1.731,1.829,1.792,1.769,0.168,1.709,1.794,1.756,1.672,1.738,1.83,1.84,1.801,1.871,1.779,1.063,1.682,1.772,1.747,1.694,1.788,1.862,1.805,0.504,1.567,0.532,1
0.924,1.668,1.961,1.465,0.428,0.563,0.744,0.924,1.307,0.068,0.563,0.789,1.262,1.783,1.935,1.724,1.747,1.793,1.77,1.745,1.725,1.812,0.924,1.782,1.802,1.736,1.805,1.746,1.795,1.77,1.833,1.68,1.63,0.947,1.743,1.717,1.795,1.731,1.822,1.795,1.707,1.709,1.794,1.763,0.27,1.765,1.737,1.754,1.729,1.783,1.854,1.789,1.701,1.777,1.672,1.307,1.76,1.756,1.743,1.816,1.749,1.788,1.745,0.766,1.578,0.428,1
1.21,0.605,1.613,1.714,0.303,1.008,1.21,1.21,1.311,0.101,0.807,0.605,1.916,1.665,1.721,1.683,1.518,1.616,1.623,1.67,1.71,1.771,0.605,1.778,1.825,1.646,1.738,1.768,1.649,1.786,1.77,1.786,1.722,0.807,1.715,1.807,1.758,1.709,1.758,1.725,1.9,1.768,1.619,1.75,0.303,1.768,1.895,1.797,1.753,1.931,1.823,1.883,1.805,2.012,1.859,1.714,1.904,1.829,1.797,1.95,1.848,1.755,1.782,0.807,0.706,0.101,1
1.474,0.616,2.639,0.77,0.374,1.144,1.474,1.628,0.924,0.308,0.682,0.99,1.078,1.788,1.867,1.79,1.692,1.763,1.79,1.66,1.738,1.737,0.374,1.729,1.681,1.802,1.804,1.705,1.762,1.758,1.876,1.761,1.706,0.638,1.714,1.753,1.799,1.808,1.76,1.748,1.778,1.802,1.743,1.721,0.286,1.718,1.775,1.74,1.779,1.763,1.794,1.739,1.722,1.788,1.778,0.99,1.693,1.738,1.795,1.709,1.787,1.739,1.862,1.012,0.946,0.704,1
1.396,1.295,1.98,1.117,0.508,0.838,0.584,1.396,1.142,0.0,0.381,0.914,1.295,1.786,1.896,1.759,1.753,1.779,1.787,1.827,1.827,1.78,0.914,1.792,1.787,1.715,1.765,1.709,1.69,1.805,1.718,1.8,1.78,1.142,1.803,1.775,1.76,1.779,1.816,1.828,1.75,1.807,1.675,1.629,0.228,1.792,1.757,1.755,1.721,1.76,1.778,1.828,1.731,1.696,1.772,1.244,1.694,1.796,1.672,1.794,1.807,1.753,1.68,0.609,1.422,0.432,1
1.489,1.139,1.599,1.139,0.679,0.832,0.92,1.445,0.679,0.11,0.328,1.095,1.095,1.833,1.863,1.777,1.806,1.765,1.841,1.872,1.796,1.751,0.854,1.759,1.814,1.759,1.79,1.795,1.734,1.824,1.71,1.777,1.835,1.051,1.807,1.767,1.74,1.781,1.796,1.793,1.74,1.798,1.706,1.763,0.197,1.85,1.786,1.789,1.751,1.805,1.777,1.83,1.696,1.764,1.725,1.183,1.76,1.816,1.765,1.699,1.81,1.738,1.799,0.613,1.248,0.35,1
1.117,0.541,1.396,1.536,0.384,0.471,0.89,1.937,1.047,0.105,0.401,1.117,1.134,1.801,1.699,1.696,1.748,1.671,1.809,1.621,1.83,1.707,0.89,1.738,1.736,1.785,1.803,1.683,1.797,1.716,1.808,1.685,1.761,1.239,1.76,1.62,1.785,1.774,1.775,1.724,1.808,1.823,1.753,1.748,0.07,1.777,1.77,1.792,1.744,1.771,1.828,1.758,1.839,1.795,1.809,2.216,1.744,1.768,1.786,1.744,1.752,1.765,1.786,1.187,1.152,0.279,1
2.566,0.933,0.467,1.4,0.467,0.233,1.633,0.933,0.233,0.0,0.0,1.167,0.233,1.696,1.594,1.552,1.521,1.69,1.76,1.54,1.783,1.655,0.467,1.718,1.754,1.954,1.765,2.044,1.873,1.823,1.91,1.968,2.325,1.866,1.953,1.783,2.267,2.107,2.089,1.71,2.267,1.936,2.002,1.89,0.7,1.606,1.855,1.687,1.853,1.772,2.028,1.437,1.802,1.529,1.667,0.467,1.505,1.49,1.62,1.639,1.568,1.369,1.448,0.233,3.966,0.233,1
0.985,0.656,2.11,1.078,0.516,0.985,0.703,1.828,0.563,0.094,0.563,0.891,1.032,1.728,1.875,1.679,1.641,1.734,1.899,1.745,1.714,1.755,0.891,1.919,1.774,1.759,1.825,1.769,1.687,1.82,1.773,1.768,1.841,0.797,1.869,1.789,1.78,1.774,1.794,1.83,1.742,1.763,1.893,1.715,0.563,1.682,1.862,1.86,1.664,1.693,1.758,1.826,1.562,1.82,1.827,2.016,1.668,1.726,1.868,1.845,1.661,1.593,1.865,0.75,1.219,0.328,1
1.679,0.4,1.608,0.275,0.187,0.56,2.025,1.404,0.968,0.169,0.32,1.244,1.057,1.78,1.799,1.622,1.674,1.748,1.732,1.727,1.725,1.756,0.622,1.794,1.709,1.696,1.693,1.739,1.736,1.741,1.731,1.719,1.76,1.288,1.694,1.722,1.744,1.769,1.719,1.766,1.667,1.762,1.78,1.748,2.052,1.726,1.708,1.717,1.707,1.699,1.785,1.727,1.677,1.626,1.774,1.013,1.726,1.73,1.701,1.687,1.791,1.657,1.722,0.862,2.283,0.577,1
1.697,0.215,2.009,0.355,0.215,0.537,2.364,1.375,1.107,0.269,0.269,1.053,0.752,1.673,1.696,1.64,1.682,1.732,1.71,1.656,1.77,1.675,0.569,1.76,1.74,1.704,1.709,1.762,1.712,1.631,1.7,1.67,1.684,1.053,1.689,1.745,1.747,1.754,1.774,1.739,1.651,1.731,1.797,1.681,2.245,1.675,1.738,1.703,1.681,1.698,1.705,1.718,1.74,1.552,1.746,1.031,1.738,1.67,1.697,1.758,1.687,1.632,1.729,1.064,2.654,0.688,1
1.232,2.098,2.531,0.6,0.533,1.366,0.932,1.998,1.266,0.233,0.766,0.566,1.432,1.63,1.695,1.62,1.577,1.617,1.625,1.712,1.585,1.733,1.166,1.741,1.805,1.733,1.716,1.78,1.713,1.675,1.724,1.828,1.797,1.099,1.734,1.652,1.773,1.747,1.749,1.721,1.775,1.618,1.709,1.653,0.233,1.783,1.672,1.718,1.713,1.724,1.79,1.706,1.67,1.695,1.768,0.866,1.806,1.777,1.722,1.787,1.753,1.712,1.686,0.633,1.266,0.266,1
3.882,1.021,2.043,1.021,1.226,0.0,1.226,1.226,2.043,0.0,0.409,1.021,1.634,1.687,1.663,1.549,1.509,1.68,1.379,1.659,1.621,1.522,2.043,1.514,1.493,1.651,1.736,1.524,1.606,1.622,1.366,1.714,1.798,0.204,1.583,1.578,1.727,1.733,1.772,1.714,1.598,1.548,1.63,1.789,2.043,1.634,1.463,1.859,1.742,1.81,1.8,1.671,1.524,1.837,1.634,0.0,1.815,1.821,1.761,1.733,1.654,1.63,1.539,0.817,2.247,0.0,1
1.601,0.76,1.001,1.001,0.24,0.48,1.201,2.801,1.321,0.16,0.4,1.201,1.281,1.759,1.803,1.757,1.726,1.688,1.718,1.78,1.715,1.734,0.92,1.833,1.715,1.772,1.758,1.704,1.697,1.701,1.751,1.752,1.755,1.281,1.7,1.826,1.798,1.757,1.806,1.71,1.765,1.757,1.777,1.77,0.08,1.83,1.76,1.792,1.846,1.693,1.762,1.737,1.855,1.748,1.709,1.281,1.756,1.667,1.736,1.693,1.672,1.774,1.775,0.8,1.361,0.24,1
0.93,0.93,2.306,0.818,0.483,1.115,1.004,1.636,0.669,0.372,0.967,0.521,0.818,1.738,1.795,1.75,1.712,1.799,1.847,1.808,1.718,1.869,1.153,1.755,1.666,1.742,1.767,1.829,1.668,1.812,1.865,1.789,1.695,1.078,1.784,1.822,1.698,1.756,1.737,1.717,1.77,1.782,1.846,1.715,0.298,1.685,1.703,1.782,1.784,1.749,1.613,1.795,1.855,1.789,1.767,1.376,1.783,1.758,1.877,1.654,1.685,1.711,1.792,0.595,1.487,0.409,1
1.042,1.061,1.852,1.292,0.212,0.54,1.235,2.006,1.601,0.386,0.502,0.637,1.563,1.701,1.604,1.742,1.733,1.645,1.786,1.786,1.784,1.718,0.772,1.733,1.751,1.778,1.685,1.78,1.733,1.744,1.743,1.69,1.756,1.1,1.746,1.729,1.76,1.72,1.747,1.74,1.708,1.791,1.759,1.741,0.366,1.722,1.75,1.788,1.753,1.732,1.738,1.762,1.758,1.71,1.757,1.177,1.713,1.777,1.696,1.712,1.699,1.676,1.687,1.235,1.254,0.405,1
1.209,1.193,1.993,0.973,0.549,1.004,0.738,2.025,0.926,0.267,0.549,0.91,1.209,1.691,1.703,1.653,1.744,1.75,1.731,1.73,1.768,1.695,1.036,1.735,1.703,1.747,1.7,1.745,1.793,1.69,1.756,1.746,1.806,1.067,1.792,1.719,1.806,1.813,1.74,1.759,1.799,1.725,1.756,1.734,0.549,1.729,1.805,1.772,1.715,1.778,1.79,1.735,1.848,1.727,1.755,0.895,1.729,1.75,1.774,1.821,1.773,1.788,1.784,0.612,1.24,0.455,1
2.06,0.58,2.247,0.655,0.169,0.918,1.105,1.274,0.936,0.206,0.412,1.199,1.142,1.748,1.87,1.702,1.697,1.881,1.814,1.703,1.766,1.723,0.543,1.815,1.755,1.824,1.786,1.829,1.855,1.782,1.725,1.871,1.823,0.768,1.7,1.794,1.816,1.776,1.77,1.713,1.745,1.833,1.797,1.735,0.281,1.783,1.787,1.835,1.707,1.726,1.828,1.75,1.795,1.78,1.789,1.255,1.782,1.801,1.697,1.789,1.825,1.797,1.808,0.58,1.18,0.562,1
1.021,1.815,2.59,1.286,0.265,1.305,0.624,1.872,1.853,0.114,0.775,0.662,0.907,1.687,1.909,1.71,1.701,1.773,1.736,1.605,1.762,1.737,1.361,1.716,1.687,1.746,1.746,1.772,1.729,1.67,1.72,1.766,1.774,0.945,1.666,1.704,1.762,1.795,1.715,1.738,1.76,1.658,1.677,1.749,0.321,1.81,1.755,1.734,1.776,1.723,1.709,1.715,1.717,1.678,1.73,0.964,1.713,1.743,1.765,1.668,1.651,1.704,1.782,0.832,0.34,0.605,1
1.772,1.022,2.502,0.771,0.271,1.001,1.418,1.167,1.438,0.167,0.688,1.001,1.022,1.814,1.892,1.71,1.638,1.844,1.805,1.7,1.747,1.803,0.521,1.734,1.771,1.728,1.755,1.783,1.73,1.782,1.697,1.746,1.794,0.876,1.835,1.696,1.697,1.759,1.722,1.81,1.74,1.656,1.733,1.725,0.271,1.797,1.752,1.755,1.723,1.692,1.693,1.751,1.869,1.713,1.805,1.042,1.78,1.727,1.707,1.784,1.812,1.682,1.767,1.042,0.855,0.5,1
2.85,0.537,1.888,0.648,0.407,0.592,0.87,1.166,0.925,0.204,0.518,1.221,1.443,1.711,1.971,1.836,1.704,1.83,1.782,1.649,1.692,1.818,0.426,1.727,1.778,1.837,1.859,1.713,1.696,1.87,1.781,1.82,1.804,0.944,1.812,1.789,1.789,1.8,1.722,1.766,1.778,1.823,1.772,1.764,0.13,1.735,1.783,1.829,1.827,1.839,1.852,1.744,1.748,1.776,1.788,1.129,1.759,1.8,1.788,1.769,1.797,1.781,1.742,0.759,0.999,0.296,1
1.538,1.355,2.015,0.494,0.421,0.733,1.026,1.465,1.648,0.311,0.476,1.136,1.245,1.793,1.868,1.724,1.731,1.82,1.701,1.717,1.753,1.828,0.751,1.862,1.74,1.843,1.757,1.697,1.803,1.808,1.836,1.77,1.735,0.879,1.813,1.738,1.737,1.761,1.728,1.739,1.709,1.741,1.689,1.69,0.256,1.733,1.77,1.793,1.783,1.738,1.694,1.771,1.772,1.674,1.773,1.172,1.78,1.754,1.783,1.756,1.777,1.777,1.733,0.714,0.898,0.476,1
1.207,0.923,1.846,0.994,0.568,0.284,0.142,1.988,0.497,0.284,0.426,1.704,0.923,1.711,1.948,1.656,1.539,1.971,1.83,1.525,1.847,1.973,0.497,1.838,1.937,2.086,1.837,1.794,2.157,1.911,1.829,1.918,2.085,0.852,1.892,1.665,1.892,1.791,1.712,1.63,1.806,1.782,1.764,1.784,0.071,1.557,1.538,1.641,1.851,1.701,1.834,1.867,1.823,1.772,1.9,1.349,2.002,1.867,1.844,2.068,1.92,1.8,1.929,0.497,0.852,0.071,1
0.723,1.162,1.523,1.575,0.31,0.852,0.671,1.291,0.749,0.284,0.671,0.491,0.826,1.604,1.655,1.739,1.74,1.787,1.739,1.761,1.813,1.7,0.929,1.768,1.633,1.818,1.835,1.84,1.711,1.841,1.78,1.72,1.66,2.556,1.819,1.805,1.706,1.834,1.814,1.805,1.82,1.815,1.742,1.775,0.181,1.703,1.749,1.762,1.695,1.745,1.737,1.805,1.744,1.751,1.773,1.833,1.723,1.77,1.84,1.84,1.748,1.824,1.866,0.542,1.291,0.387,1
0.763,1.144,1.608,1.471,0.354,0.872,0.736,1.908,0.845,0.3,0.627,0.436,0.899,1.661,1.724,1.666,1.645,1.734,1.765,1.682,1.747,1.799,1.499,1.686,1.71,1.702,1.778,1.763,1.693,1.712,1.783,1.796,1.642,2.316,1.768,1.774,1.686,1.709,1.777,1.82,1.739,1.719,1.855,1.72,0.191,1.717,1.735,1.839,1.774,1.823,1.835,1.772,1.664,1.731,1.712,1.69,1.773,1.691,1.813,1.763,1.779,1.739,1.718,0.49,1.254,0.463,1
1.188,1.084,1.772,0.938,0.479,0.688,1.272,1.793,0.688,0.188,0.5,1.042,1.397,1.684,1.791,1.804,1.716,1.72,1.78,1.766,1.697,1.724,0.751,1.743,1.804,1.763,1.831,1.723,1.718,1.727,1.716,1.778,1.834,1.022,1.749,1.692,1.717,1.735,1.78,1.705,1.722,1.784,1.798,1.792,0.479,1.753,1.731,1.784,1.802,1.775,1.783,1.787,1.833,1.749,1.78,1.251,1.71,1.758,1.743,1.792,1.783,1.732,1.775,0.771,1.209,0.625,1
1.456,0.932,1.689,1.165,0.408,0.844,0.932,1.718,0.786,0.408,0.611,0.553,1.165,1.637,1.79,1.721,1.759,1.709,1.768,1.768,1.722,1.724,0.961,1.769,1.701,1.701,1.793,1.796,1.742,1.766,1.831,1.715,1.692,1.252,1.828,1.778,1.724,1.826,1.863,1.816,1.741,1.728,1.783,1.774,0.233,1.726,1.777,1.745,1.821,1.77,1.72,1.797,1.732,1.735,1.814,1.369,1.9,1.773,1.693,1.828,1.75,1.716,1.696,0.757,1.165,0.641,1
1.005,0.876,1.7,1.005,0.335,0.747,1.005,1.443,0.799,0.335,0.541,1.185,1.211,1.806,1.787,1.835,1.743,1.813,1.744,1.736,1.859,1.784,0.644,1.749,1.726,1.744,1.811,1.759,1.711,1.712,1.797,1.824,1.745,0.721,1.831,1.817,1.771,1.881,1.818,1.822,1.736,1.767,1.787,1.702,0.18,1.837,1.837,1.801,1.852,1.86,1.78,1.87,1.945,1.769,1.768,1.366,1.762,1.816,1.815,1.907,1.782,1.775,1.766,0.515,1.159,0.67,1
1.082,0.98,2.219,1.374,0.327,0.879,0.991,1.667,1.127,0.214,0.597,0.856,1.172,1.769,1.785,1.754,1.758,1.822,1.73,1.752,1.82,1.736,0.834,1.719,1.79,1.817,1.727,1.78,1.803,1.706,1.72,1.812,1.718,1.003,1.751,1.716,1.716,1.786,1.751,1.771,1.801,1.765,1.711,1.748,0.316,1.777,1.749,1.785,1.728,1.763,1.749,1.723,1.759,1.765,1.822,1.138,1.831,1.693,1.735,1.73,1.795,1.785,1.782,0.946,0.845,0.428,1
1.361,2.23,2.23,1.096,0.605,1.285,0.718,1.625,0.907,0.454,0.642,0.416,1.172,1.644,1.692,1.587,1.607,1.622,1.705,1.598,1.586,1.855,1.512,1.837,1.709,1.751,1.75,1.734,1.725,1.752,1.719,1.864,1.783,0.567,1.861,1.868,1.798,1.782,1.761,1.792,1.791,1.784,1.759,1.754,0.189,1.715,1.778,1.681,1.697,1.755,1.831,1.814,1.76,1.72,1.688,0.983,1.774,1.763,1.633,1.773,1.714,1.637,1.653,0.794,1.096,0.265,1
0.741,1.366,1.717,1.483,0.468,0.859,1.171,1.99,0.898,0.429,0.703,0.703,0.859,1.636,1.799,1.708,1.659,1.767,1.774,1.703,1.62,1.796,1.21,1.699,1.699,1.669,1.679,1.725,1.718,1.724,1.784,1.711,1.801,1.483,1.736,1.815,1.848,1.695,1.856,1.816,1.803,1.733,1.73,1.787,0.039,1.793,1.824,1.859,1.767,1.797,1.928,1.767,1.889,1.85,1.83,0.703,1.78,1.827,1.8,1.738,1.745,1.837,1.742,0.82,0.664,0.429,1
0.671,1.673,2.65,1.366,0.306,0.942,0.624,1.967,1.166,0.177,0.601,0.719,0.931,1.766,1.873,1.71,1.649,1.754,1.812,1.703,1.71,1.771,1.237,1.755,1.733,1.819,1.773,1.815,1.751,1.726,1.731,1.735,1.766,1.119,1.817,1.734,1.758,1.734,1.733,1.74,1.733,1.753,1.752,1.808,0.389,1.781,1.775,1.726,1.742,1.756,1.736,1.72,1.716,1.805,1.812,1.308,1.755,1.714,1.778,1.771,1.732,1.769,1.727,0.612,0.554,0.259,1
1.305,0.772,1.731,1.492,0.373,0.826,1.012,1.092,0.746,0.213,0.479,1.199,1.305,1.77,1.782,1.729,1.741,1.756,1.823,1.726,1.807,1.751,0.852,1.753,1.799,1.806,1.875,1.852,1.712,1.779,1.982,1.873,1.749,0.799,1.884,1.91,1.722,1.827,1.811,1.829,1.781,1.764,1.775,1.783,0.293,1.711,1.816,1.871,1.886,1.671,1.782,1.921,1.691,1.741,1.789,0.826,1.934,1.777,1.725,1.808,1.807,1.748,1.808,0.533,1.145,0.373,1
2.291,0.723,1.929,1.025,0.301,1.085,0.844,0.964,0.964,0.301,0.543,1.145,0.964,1.722,1.703,1.936,1.749,1.841,1.995,1.798,1.92,1.64,0.663,1.875,1.794,1.692,1.699,1.688,1.841,1.645,1.828,1.634,1.834,0.784,1.837,1.824,1.875,1.822,1.822,1.874,1.887,1.756,1.812,1.678,0.301,1.635,1.719,1.974,1.719,1.755,1.779,1.89,1.757,1.802,1.732,0.904,1.782,1.835,1.724,1.803,1.997,1.832,1.822,0.482,0.844,0.362,1
0.9,0.836,1.752,1.43,0.305,0.997,1.029,1.832,0.562,0.177,0.386,1.061,0.884,1.72,1.894,1.815,1.746,1.72,1.826,1.762,1.82,1.87,0.723,1.84,1.7,1.797,1.879,1.836,1.767,1.785,1.738,1.758,1.816,1.318,1.808,1.791,1.643,1.801,1.807,1.818,1.752,1.697,1.738,1.769,0.225,1.724,1.779,1.729,1.827,1.829,1.785,1.845,1.742,1.758,1.765,1.591,1.77,1.804,1.819,1.693,1.747,1.831,1.826,0.514,1.189,0.305,1
1.449,0.477,1.594,0.537,0.247,0.546,1.705,1.611,1.202,0.171,0.52,0.878,1.057,1.723,1.792,1.613,1.653,1.683,1.723,1.698,1.676,1.686,1.287,1.782,1.696,1.664,1.662,1.692,1.727,1.736,1.724,1.71,1.718,1.322,1.689,1.677,1.72,1.689,1.697,1.671,1.698,1.709,1.755,1.73,2.097,1.672,1.724,1.719,1.675,1.69,1.709,1.731,1.712,1.532,1.757,1.159,1.676,1.691,1.676,1.745,1.728,1.655,1.734,1.032,2.191,0.699,1
0.739,1.539,1.539,0.801,0.616,0.431,0.924,1.416,1.17,0.246,0.554,1.047,1.786,1.732,1.836,1.747,1.733,1.804,1.854,1.638,1.781,1.801,0.924,1.699,1.817,1.71,1.748,1.749,1.773,1.679,1.759,1.896,1.903,1.108,1.764,1.786,1.841,1.754,1.728,1.691,1.694,1.617,1.794,1.951,0.554,1.708,1.787,1.681,1.809,1.656,1.819,1.805,1.697,1.663,1.789,0.862,1.817,1.804,1.868,1.63,1.789,1.795,1.699,0.801,1.17,0.677,1
1.328,0.562,1.737,0.715,0.409,0.818,0.92,1.737,0.971,0.102,0.766,1.533,1.328,1.657,1.801,1.925,1.916,1.953,1.789,1.788,1.787,1.775,0.358,1.766,1.801,1.928,1.794,1.744,1.771,1.746,1.598,1.779,1.829,0.818,1.859,1.854,1.83,1.601,1.81,1.883,1.912,1.698,1.846,1.692,0.46,1.73,1.685,1.831,1.739,1.82,1.892,1.768,1.802,1.778,1.788,1.022,1.846,1.759,1.775,1.769,1.759,1.775,1.724,0.358,1.226,0.46,1
1.069,0.802,1.764,0.481,0.802,0.802,1.176,1.336,0.908,0.107,1.069,1.603,1.069,1.777,1.777,1.802,1.752,1.796,1.786,1.727,1.844,1.816,0.534,1.751,1.817,1.783,1.671,1.736,1.795,1.658,1.713,1.844,1.751,0.802,1.806,1.756,1.861,1.824,1.804,1.781,1.691,1.909,1.842,1.829,0.534,1.612,1.803,1.813,1.688,1.754,1.718,1.809,1.839,1.745,1.805,0.748,1.863,1.851,1.828,1.715,1.905,1.932,1.825,0.641,1.015,0.534,1
1.998,0.409,1.725,0.681,0.318,0.318,1.634,1.771,0.863,0.363,0.363,1.544,1.226,1.688,1.818,1.802,1.751,1.697,1.856,1.75,1.75,1.83,0.499,1.657,1.722,1.834,1.827,1.784,1.683,1.852,1.706,1.838,1.713,0.454,1.837,1.847,1.772,1.909,1.906,1.722,1.842,1.791,1.822,1.781,0.681,1.847,1.79,1.701,1.728,1.653,1.735,1.81,1.783,1.843,1.868,1.135,1.734,1.786,1.87,1.797,1.634,1.761,1.804,0.227,1.317,0.545,1
2.154,0.493,1.477,0.123,0.493,0.739,1.662,0.923,0.493,0.308,0.308,1.724,1.108,1.765,1.756,1.664,1.683,1.736,1.752,1.797,1.767,1.903,0.369,1.768,1.746,1.886,1.658,1.854,1.65,1.772,1.858,1.706,1.847,0.739,1.799,1.801,1.867,1.97,1.739,1.846,1.783,1.958,1.904,1.886,0.246,1.907,1.797,1.883,1.637,1.885,1.741,1.781,1.904,1.799,1.78,0.493,1.866,1.76,1.981,1.735,1.784,1.946,1.703,0.677,2.093,0.369,1
0.947,0.757,2.019,1.515,0.379,0.947,0.505,1.515,0.694,0.126,0.694,1.136,1.515,1.699,1.824,1.751,1.801,1.878,1.724,1.749,1.752,1.871,0.694,1.938,1.903,1.865,1.809,1.739,1.874,1.756,1.668,1.924,1.776,0.442,1.803,1.683,1.881,1.744,1.792,1.897,1.921,1.848,1.92,1.819,0.694,1.77,1.829,1.73,1.854,1.913,1.818,1.793,1.763,1.713,1.573,1.262,1.691,1.865,1.821,1.771,1.737,1.74,1.594,0.316,0.757,0.505,1
0.909,0.909,2.272,1.428,0.454,1.038,0.779,1.947,1.168,0.0,0.584,0.974,1.233,1.842,1.883,1.681,1.754,1.75,1.752,1.767,1.943,1.697,0.909,1.732,1.863,1.723,1.724,1.629,1.632,1.785,1.753,1.731,1.734,1.038,1.689,1.707,1.716,1.775,1.702,1.755,1.71,1.615,1.678,1.745,0.779,1.713,1.913,1.747,1.852,1.65,1.793,1.746,1.636,1.815,1.754,1.038,1.704,1.705,1.632,1.732,1.741,1.768,1.834,0.714,0.974,0.649,1
1.529,0.348,1.668,0.278,0.209,0.765,1.008,1.425,1.112,0.313,0.278,1.39,1.217,1.687,1.817,1.788,1.827,1.847,1.807,1.767,1.779,1.647,0.695,1.83,1.796,1.81,1.794,1.811,1.757,1.72,1.665,1.72,1.852,0.73,1.824,1.868,1.794,1.77,1.863,1.725,1.825,1.804,1.722,1.78,0.973,1.741,1.821,1.787,1.717,1.814,1.839,1.835,1.77,1.806,1.657,1.251,1.672,1.765,1.748,1.77,1.843,1.711,1.688,0.73,1.842,0.556,1
2.173,0.569,1.759,0.776,0.414,0.31,1.552,1.397,0.776,0.103,0.621,1.345,1.138,1.703,1.728,1.659,1.702,1.723,1.733,1.857,1.764,1.741,0.466,1.785,1.778,1.793,1.722,1.717,1.75,1.823,1.849,1.776,1.651,0.828,1.851,1.832,1.824,1.749,1.744,1.861,1.788,1.718,1.747,1.683,0.517,1.718,1.742,1.747,1.765,1.805,1.779,1.75,1.706,1.84,1.808,1.811,1.833,1.709,1.784,1.754,1.814,1.83,1.832,0.466,1.345,0.362,1
1.187,0.903,1.858,1.471,0.929,1.006,0.851,1.058,0.851,0.155,0.542,0.851,1.264,1.791,1.789,1.631,1.661,1.81,1.71,1.673,1.822,1.764,0.671,1.766,1.686,1.815,1.684,1.722,1.809,1.65,1.665,1.813,1.788,1.058,1.819,1.729,1.774,1.846,1.848,1.803,1.8,1.727,1.841,1.646,0.439,1.798,1.83,1.849,1.755,1.735,1.73,1.771,1.772,1.786,1.866,1.393,1.721,1.741,1.928,1.796,1.812,1.781,1.74,0.903,0.671,0.645,1
1.162,1.1,2.201,0.795,0.306,0.856,1.039,2.017,0.978,0.0,0.489,1.345,1.284,1.855,1.947,1.769,1.693,1.73,1.788,1.587,1.731,1.839,0.795,1.828,1.801,1.88,1.778,1.625,1.666,1.803,1.796,1.734,1.83,0.734,1.637,1.748,1.737,1.79,1.614,1.705,1.794,1.754,1.611,1.576,0.734,1.745,1.696,1.826,1.742,1.791,1.713,1.762,1.7,1.8,1.794,0.978,1.802,1.863,1.713,1.819,1.646,1.756,1.744,0.611,1.1,0.917,1
1.342,1.286,1.734,0.615,0.559,0.615,1.566,2.517,1.063,0.0,0.615,1.342,1.118,1.67,1.67,1.597,1.698,1.861,1.789,1.73,1.756,1.722,1.174,1.612,1.624,1.742,1.621,1.573,1.903,1.674,1.685,1.784,1.707,0.839,1.715,1.777,1.887,1.815,1.642,1.653,1.685,1.578,1.822,1.771,0.559,1.745,1.707,1.741,1.684,1.7,1.674,1.671,1.759,1.757,1.759,1.118,1.71,1.772,1.781,1.661,1.713,1.661,1.713,1.007,0.559,1.398,1
1.221,1.336,2.519,0.382,0.649,1.145,0.649,2.099,0.687,0.42,0.572,0.992,1.984,1.495,1.562,1.696,1.638,1.716,1.713,1.756,1.756,1.757,0.458,1.729,1.696,1.787,1.788,1.732,1.83,1.801,1.841,1.643,1.758,1.107,1.75,1.798,1.724,1.77,1.818,1.728,1.663,1.725,1.761,1.822,0.725,1.791,1.814,1.843,1.747,1.74,1.716,1.752,1.631,1.839,1.768,0.649,1.729,1.78,1.83,1.808,1.76,1.755,1.864,0.458,1.298,0.229,1
1.145,0.468,1.717,0.624,0.468,0.729,0.885,1.717,0.937,0.364,0.364,1.509,1.353,1.872,1.759,1.78,1.806,1.725,1.805,1.696,1.712,1.781,0.468,1.802,1.82,1.732,1.771,1.779,1.755,1.722,1.743,1.816,1.774,0.833,1.751,1.91,1.802,1.757,1.783,1.707,1.865,1.856,1.775,1.741,0.416,1.847,1.867,1.678,1.739,1.802,1.87,1.872,1.86,1.823,1.823,1.093,1.861,1.761,1.872,1.854,1.778,1.775,1.838,0.52,1.301,0.572,1
1.47,0.735,1.938,1.002,0.334,1.069,1.069,1.203,1.336,0.2,0.468,1.069,1.603,1.682,1.825,1.645,1.701,1.765,1.647,1.642,1.661,1.761,0.668,1.697,1.693,1.835,1.883,1.629,1.744,1.929,1.78,1.83,1.852,0.802,1.692,1.8,1.691,1.928,1.832,1.865,1.834,1.862,1.705,1.672,0.668,1.76,1.859,1.844,1.759,1.633,1.802,1.837,1.569,1.896,1.796,0.468,1.633,1.765,1.792,1.61,1.594,1.889,1.703,0.935,1.804,0.334,1
1.126,1.921,1.325,0.861,0.53,0.861,0.994,1.457,1.126,0.199,0.464,1.192,1.325,1.862,1.737,1.7,1.739,1.894,1.734,1.871,1.718,1.661,0.861,1.899,1.821,1.758,1.673,1.837,1.619,1.849,1.751,1.824,1.661,0.927,1.814,1.709,1.628,1.86,1.693,1.965,1.827,1.788,1.657,1.793,0.53,1.593,1.634,1.897,1.741,1.776,1.669,1.703,1.784,1.874,1.813,0.729,1.86,1.787,1.977,1.759,1.756,1.903,1.785,0.53,1.258,0.132,1
1.154,0.803,2.245,1.112,0.309,1.051,1.092,1.071,0.948,0.371,0.824,0.845,1.03,1.723,1.851,1.797,1.742,1.765,1.764,1.763,1.709,1.772,0.721,1.815,1.747,1.726,1.682,1.755,1.773,1.837,1.871,1.806,1.812,0.989,1.765,1.753,1.708,1.832,1.763,1.852,1.866,1.772,1.789,1.812,0.247,1.781,1.745,1.782,1.833,1.752,1.802,1.806,1.844,1.776,1.76,0.907,1.771,1.725,1.695,1.825,1.781,1.738,1.79,0.618,1.112,0.721,1
1.087,0.631,1.438,1.228,0.351,1.017,1.193,1.438,0.702,0.316,0.386,1.017,1.052,1.792,1.829,1.727,1.735,1.868,1.803,1.789,1.79,1.72,0.666,1.736,1.832,1.748,1.667,1.938,1.839,1.828,1.829,1.776,1.687,0.912,1.862,1.828,1.713,1.843,1.799,1.752,1.826,1.83,1.803,1.675,0.281,1.799,1.826,1.808,1.886,1.836,1.801,1.744,1.662,1.841,1.784,1.403,1.734,1.749,1.828,1.863,1.846,1.87,1.689,0.702,1.403,0.351,1
1.142,1.009,1.677,1.602,0.252,0.801,0.49,1.068,0.638,0.222,0.682,1.142,1.039,1.78,1.843,1.685,1.756,1.836,1.805,1.845,1.802,1.797,0.935,1.907,1.874,1.815,1.933,1.814,1.927,1.815,1.834,1.885,1.863,0.742,1.801,1.785,1.75,1.793,1.819,1.745,1.647,1.828,1.763,1.621,0.267,1.73,1.794,1.775,1.718,1.766,1.887,1.861,1.78,1.756,1.874,1.321,1.824,1.819,1.784,1.855,1.9,1.863,1.791,0.786,0.712,0.326,1
1.464,0.514,2.162,1.369,0.41,0.479,0.541,1.499,0.697,0.139,0.262,1.377,0.811,1.803,1.792,1.765,1.742,1.773,1.811,1.729,1.842,1.782,0.514,1.747,1.763,1.803,1.852,1.734,1.798,1.794,1.798,1.8,1.847,1.046,1.83,1.711,1.755,1.771,1.744,1.786,1.761,1.751,1.721,1.798,0.183,1.865,1.799,1.782,1.798,1.848,1.768,1.805,1.813,1.734,1.76,1.979,1.808,1.847,1.739,1.813,1.781,1.78,1.755,1.151,0.907,0.401,1
1.105,0.879,1.36,1.162,0.454,1.02,1.247,1.502,0.709,0.425,0.567,1.049,0.964,1.726,1.743,1.747,1.754,1.728,1.809,1.753,1.772,1.741,0.879,1.836,1.764,1.806,1.879,1.743,1.754,1.876,1.689,1.833,1.777,1.049,1.836,1.838,1.693,1.726,1.766,1.814,1.786,1.796,1.769,1.827,0.284,1.819,1.864,1.773,1.877,1.828,1.789,1.823,1.813,1.883,1.866,1.049,1.845,1.783,1.733,1.755,1.777,1.789,1.855,0.68,0.907,0.255,1
