class,TW,HM,IQ,RS,PE,MM,DA,AW,PQ,WD,AI,QA,EP,EW,GA,MD,HC,VS,QW,LD,TD,AE,QR,PP,MH,MR,LT,VC,FE,AA,HD,YM,WT,QT
0,0.0,0.0,0.235849056604,0.0,0.222222222222,0.0,0.261437908497,0.0,0.0,0.31746031746,0.11098779134299999,0.0,0.0,0.39682539682499995,0.0,0.0,0.0,0.0,0.0,0.0,0.493827160494,0.326797385621,0.0,0.0,0.0,0.0,0.0,0.0,0.0,0.0,0.28490028489999997,0.0,0.0,0.0
0,0.0255362614913,0.0357069985717,0.020795064638,0.0737704918033,0.0265041081368,0.08917954815700001,0.0248079679518,0.0432152117545,0.0125460020074,0.026304911502799996,0.026717468577900003,0.0270221581697,0.019878081102599997,0.0291842988472,0.0226577546165,0.031714911774900004,0.0238046657145,0.0277854959711,0.0230244980659,0.0257267815796,0.027026113982599995,0.0428143285286,0.0409836065574,0.0156184922949,0.0153029993879,0.0,0.033300033300000004,0.0584453535944,0.0174088645939,0.024151672503299998,0.0267162731788,0.0,0.036885711043,0.0538168570955
0,0.0,0.291545189504,0.182910896263,0.177304964539,0.0,0.0416493127863,0.0358037952023,0.18007202881200002,0.188560653677,0.257997936017,0.0917220820913,0.047460844803,0.18018018017999998,0.0,0.30612244898,0.21482277121399998,0.0,0.0,0.13679890560900002,0.20639834881299998,0.0701754385965,0.0,0.193798449612,0.219138056976,0.145772594752,0.0,0.235294117647,0.202429149798,0.36036036035999996,0.208246563932,0.0,0.272108843537,0.0,0.18604651162799998
0,0.595238095238,0.39682539682499995,0.15873015873,0.0,0.28571428571400004,0.0,0.0,0.198412698413,0.0,0.324675324675,0.13227513227499998,0.185185185185,0.0,0.0,0.231481481481,0.0,0.0,0.0,0.23809523809500002,0.4662004662,0.16835016835,0.0,0.0,0.32,0.0,0.0,0.0,0.0,0.0,0.0,0.21645021644999998,0.0,0.39682539682499995,0.185185185185
0,0.0,0.0,0.452488687783,2.5641025641,0.0,0.0,0.588235294118,0.8021390374330001,0.0,0.113636363636,0.226244343891,0.0,0.0,0.0,0.0,1.11111111111,0.0,0.0,0.0,0.0,0.7352941176469999,0.0,0.0,0.127551020408,0.0,0.0,0.0,0.0,0.0,0.0,0.34090909090899996,0.0,0.0,0.0
0,0.21164021164000002,0.0,0.334448160535,0.0,0.0,0.0,0.0,0.0,0.0,0.0,0.0,0.0,0.0,0.0,0.0,0.0,0.0,0.175438596491,0.3663003663,0.0,0.5128205128209999,0.0,0.0,0.0,0.0,0.0,0.0,0.0,0.0,0.0,0.0,0.0,0.21164021164000002,0.17094017094
0,0.8928571428569999,0.0,0.111111111111,0.31347962382399996,0.0,0.382653061224,0.0,0.34013605442199996,0.0,0.0,0.10582010582000001,0.0,0.0,0.549450549451,0.31746031746,0.0,0.0,0.492610837438,0.0,0.0,0.320512820513,0.0,0.0,0.444444444444,0.549450549451,0.324675324675,0.37878787878799997,0.0,0.0,0.6802721088439999,1.1834319526600001,0.0,1.1904761904799999,0.20833333333299997
0,0.0,0.0,0.0,0.0,0.416666666667,0.390625,0.18066847335099998,0.31813361611900004,0.0,0.322061191626,0.20905923344900001,0.174216027875,0.0,0.0,0.162601626016,0.462962962963,0.0,0.621118012422,0.155279503106,0.0,0.0,0.7317073170730001,0.0,0.520833333333,0.0,0.0,0.0,0.0,0.0,0.41641879833400003,0.322061191626,0.0,0.144927536232,0.23809523809500002
0,0.526315789474,0.363636363636,0.790513833992,0.0,0.0,0.8264462809919999,0.0,0.0,0.0,0.47846889952200006,0.36231884057999997,0.0,0.0,0.0,0.0,0.0,0.33333333333299997,1.4492753623199999,0.0,0.0,0.0,0.0,0.0,0.0,0.363636363636,0.0,0.0,0.0,0.0,0.0,0.363636363636,0.0,0.0,0.0
0,1.11111111111,0.0,0.0,0.0,0.0,0.0,0.0,0.555555555556,0.39682539682499995,0.0,0.344827586207,0.0,0.9523809523810001,0.0,0.0,0.0,0.0,0.0,0.0,0.0,1.25,0.0,0.0,0.226757369615,0.0,0.0,0.0,0.0,0.0,0.0,0.0,0.0,1.11111111111,0.833333333333
0,0.054466230936799996,0.13550135501399999,0.0408496732026,0.0,0.21645021644999998,0.151171579743,0.12903225806500002,0.185848931369,0.0315656565657,0.131687242798,0.158127767236,0.0597371565114,0.10822510822499999,0.0,0.116595413914,0.16931216931200002,0.106044538706,0.16051364365999998,0.0685871056241,0.17204301075300002,0.117647058824,0.153609831029,0.0,0.10330578512399999,0.11614401858300001,0.0,0.09487666034160001,0.0414078674948,0.0,0.0693721817551,0.113821138211,0.0,0.108932461874,0.16339869281
0,1.42857142857,0.793650793651,0.7326007326010001,0.0,0.0,0.0,0.0,0.0,0.0,0.0,1.1904761904799999,0.0,0.0,0.0,0.0,0.0,0.793650793651,0.0,0.0,2.1978021978,0.0,0.0,0.0,0.0,0.0,0.0,0.0,0.0,0.0,0.0,0.0,0.0,0.714285714286,0.0
0,0.0540735400144,0.0504032258065,0.0,0.102145045965,0.17857142857099997,0.1220703125,0.0649772579597,0.06925207756230001,0.058548009367699994,0.0649772579597,0.0552562508634,0.0287604256543,0.08928571428570001,0.06578947368419999,0.125313283208,0.0578703703704,0.105764145955,0.118273211118,0.129421915444,0.09144947416549999,0.033823778116,0.08771929824560001,0.14903129657199998,0.0637755102041,0.117607526882,0.0,0.10147133434800001,0.172562553926,0.0819672131148,0.0,0.132749236692,0.0,0.162220620043,0.0449135414327
0,0.0,0.0,0.16583747927,0.0,0.0,0.29296875,0.14285714285700002,0.214285714286,0.0,0.21333333333299997,0.106609808102,0.248015873016,0.20833333333299997,0.0,0.0,0.166666666667,0.242130750605,0.0,0.0,0.0,0.078431372549,0.0744047619048,0.252525252525,0.1875,0.0,0.0,0.0,0.0,0.277777777778,0.255102040816,0.135593220339,0.0,0.0,0.0
0,0.0,0.0,0.0,0.0,0.13071895424799998,0.0,0.25974025974,0.125,0.0854700854701,0.20292207792199998,0.128205128205,0.0769230769231,0.0,0.0,0.137931034483,0.0,0.0,0.0,0.0,0.229182582124,0.21645021644999998,0.0,0.0,0.0987654320988,0.0,0.0,0.0,0.0,0.0,0.28,0.181818181818,0.0,0.0744047619048,0.18315018315
0,0.0,0.0,0.0,0.0,0.0,0.0,0.416666666667,0.78125,0.0,0.0,0.271739130435,0.0,0.925925925926,0.0,0.0,0.0,0.0,0.0,0.0,0.0,0.888888888889,0.0,0.0,0.617283950617,0.0,0.0,0.0,0.0,0.0,0.390625,0.0,0.0,0.0,0.0
0,0.0,0.0,0.7272727272730001,0.0,0.0,0.0,0.649350649351,1.2605042016799999,0.0,0.0,0.0,0.0,0.54347826087,0.0,0.0,0.0,0.0,0.0,0.0,0.0,0.8264462809919999,0.0,1.8181818181799998,0.378071833648,0.0,0.0,0.0,0.0,1.5625,1.0204081632700002,0.0,0.0,0.0,0.8264462809919999
0,0.0,0.0,0.0,0.0,0.0,0.0,0.0,0.0,0.0,0.0,0.641025641026,0.0,1.04166666667,0.0,0.0,0.0,0.0,0.0,0.8264462809919999,0.0,0.0,0.0,0.0,0.390625,0.0,0.0,0.0,0.0,0.0,0.617283950617,0.0,0.0,0.0,0.0
0,0.0,0.0,0.0,0.0,0.0,0.0,1.02564102564,0.0,0.0,0.0,0.295857988166,0.0,0.0,0.0,0.0,0.0,0.0,0.0,0.0,0.0,0.0,0.0,0.0,0.0,0.0,0.0,0.0,0.0,0.0,0.591715976331,0.0,0.0,0.0,0.0
0,0.0,0.0,0.344827586207,0.0,0.0,0.0,0.0,0.0,0.0,1.04166666667,0.287356321839,0.138888888889,0.0,0.0,0.555555555556,0.0,0.0,0.0,0.555555555556,0.7352941176469999,0.0,0.0,0.0,0.0,0.0,0.0,0.0,0.0,0.0,0.38580246913599997,0.0,0.0,0.0,0.0
0,0.0,0.0,0.0,0.0,0.0,0.0,0.0,0.0,0.0,0.0,0.0,0.0,0.0,0.0,0.0,0.0,1.5873015872999998,0.0,0.0,0.0,2.22222222222,0.0,0.0,0.0,0.0,0.0,0.0,0.0,0.0,0.0,0.0,0.0,0.0,0.0
0,0.9523809523810001,0.23923444976100003,0.0,0.0,0.0,0.0,0.0,0.0,0.367647058824,0.0,0.17825311943,0.0,0.568181818182,0.606060606061,0.0,0.41322314049599995,0.42105263157899997,0.0,0.0,0.0,0.0,0.0,0.980392156863,0.78125,0.23923444976100003,0.0,0.0,0.470588235294,0.0,1.38408304498,0.0,0.0,0.47619047618999993,0.0
0,0.526315789474,0.0,0.215053763441,0.0,0.0,0.0,0.0,0.0,0.0,0.0,0.17921146953400002,0.0,0.0,0.0,0.252525252525,0.714285714286,0.0,0.25641025641,0.0,0.0,0.0,0.0,0.0,0.78125,0.33333333333299997,0.0,0.0,0.34965034965,0.0,0.617283950617,0.0,0.0,0.0,0.0
0,0.0,0.0,0.0,0.0,1.78571428571,0.0,0.0,0.0,0.0,0.0,0.0,0.0,0.0,0.0,0.416666666667,0.0,0.0,0.0,0.0,0.0,0.526315789474,0.0,0.0,0.0,0.0,0.0,0.0,0.0,0.0,0.0,0.0,0.0,0.0,0.0
0,0.0,0.0,0.766283524904,0.0,1.0,0.0,0.0,0.692041522491,0.277777777778,0.0,0.0,0.326797385621,0.0,0.0,0.0,0.0,0.0,0.0,0.326797385621,0.0,0.0,0.0,0.0,0.5,0.0,0.0,0.0,0.0,0.0,1.03806228374,0.0,0.0,0.0,0.0
0,0.0381263616558,0.01447596989,0.009692426983719998,0.043956043956,0.039169604387,0.051652892561999994,0.0270108043217,0.0340136054422,0.0297796307326,0.0275962236747,0.0324894108587,0.027956388034700002,0.0293772032902,0.020020020019999998,0.0323368784133,0.0222816399287,0.043427909669900004,0.0215470803706,0.040588533739199996,0.045001607200300005,0.040369088812,0.006894649751789999,0.0,0.03675698382690001,0.007237984944990001,0.0,0.0120540019286,0.0,0.0313356835096,0.036443148688,0.0474584738354,0.0,0.0708061002179,0.0705076551168
0,0.0,0.281425891182,0.0,0.0,0.0673400673401,0.147928994083,0.174165457184,0.27746947835700003,0.0,0.113122171946,0.20583190394499998,0.301886792453,0.0,0.0,0.0,0.118343195266,0.271002710027,0.228832951945,0.0,0.0769230769231,0.080971659919,0.17152658662099998,0.0,0.0987654320988,0.093808630394,0.0,0.0,0.0,0.26640026640000003,0.142399430402,0.112570356473,0.0,0.0,0.0
0,0.0,0.0,0.0,0.0,0.0,0.0,0.0,0.0,0.43290043289999997,1.1904761904799999,0.29325513196499997,0.0,0.0,0.0,0.0,0.0,0.0,0.0,1.51515151515,1.42857142857,0.0,0.0,0.0,0.907029478458,0.0,0.0,0.0,0.0,0.625,0.0,0.0,0.0,0.0,0.0
0,0.0,0.0,0.09496676163339998,0.0,0.236406619385,0.275482093664,0.157232704403,0.32552083333299997,0.0,0.20636792452799999,0.186965811966,0.0,0.0,0.173611111111,0.138888888889,0.0571755288736,0.0,0.0,0.115740740741,0.145137880987,0.0650618087183,0.0,0.0,0.04526935264830001,0.0550964187328,0.0,0.0,0.0,0.0,0.26041666666700003,0.154373927959,0.0,0.538793103448,0.0
0,0.0,0.0,0.0,0.0,0.0,0.0,0.0,0.0,0.0,0.7326007326010001,0.0,0.0,0.0,0.0,0.0,0.0,0.0,0.0,0.5128205128209999,0.0,0.0,0.0,0.0,0.0,0.0,0.0,0.0,0.0,0.0,0.0,0.714285714286,0.0,0.0,0.5128205128209999
0,0.127551020408,0.0,0.0,0.0,0.568181818182,0.0,0.255102040816,0.127551020408,0.0,0.0,0.26455026454999997,0.0,0.0,0.446428571429,0.0,0.0,0.534759358289,0.0,0.210084033613,0.0,0.255102040816,0.0,0.0,0.0,0.267379679144,0.0,0.0,0.420168067227,0.390625,0.0,0.324675324675,0.0,0.6377551020409999,0.0
0,0.986842105263,0.0,0.0,0.0,0.0,0.0,0.5128205128209999,0.0,0.0,0.0,0.0,0.0,0.0,0.0,0.0,0.0,0.0,0.0,0.0,0.0,0.416666666667,0.0,0.0,0.0,0.0,0.0,0.0,0.0,0.0,0.591715976331,0.9523809523810001,0.0,0.657894736842,0.0
0,0.621118012422,0.0,0.0,0.0,0.0,0.0,1.3392857142899999,0.310559006211,0.0,0.271739130435,0.0,0.0,0.0,0.0,1.0204081632700002,0.0,0.0,0.0,1.00334448161,0.0,0.0,0.0,0.0,0.0,0.0,0.0,0.0,1.5625,0.0,0.0,0.520833333333,0.0,0.621118012422,0.0
0,0.146092037984,0.19138755980900002,0.123355263158,0.653594771242,0.0,0.415512465374,0.19638648860999997,0.142247510669,0.0,0.201694231545,0.138504155125,0.0,0.0,0.18018018017999998,0.06925207756230001,0.0785545954438,0.0,0.211976682565,0.0844594594595,0.0,0.16135538523600002,0.0,0.520833333333,0.11337868480699999,0.19138755980900002,0.0,0.0,0.0,0.36036036035999996,0.207756232687,0.13568521031199998,0.0,0.073046018992,0.253378378378
0,0.0,0.0,0.0,0.0,0.0,0.692041522491,0.0,0.0,0.0,0.0,0.78125,0.0,0.0,0.0,0.0,0.0,0.0,0.0,0.0,0.0,0.0,0.0,0.0,0.0,0.0,5.882352941180001,0.0,0.0,0.0,0.0,0.0,0.0,0.0,0.0
0,0.0,0.0,0.18214936247699998,0.0,0.135135135135,0.173611111111,0.275735294118,0.390625,0.3003003003,0.12254901960799999,0.102459016393,0.173611111111,0.27027027027,0.0,0.0,0.12254901960799999,0.0,0.0,0.231481481481,0.294117647059,0.22058823529399998,0.3125,0.0,0.219138056976,0.0,0.0,0.0,0.0,0.28571428571400004,0.390625,0.354969574037,0.0,0.0,0.277777777778
0,0.0,0.0,0.0,0.0,0.0,0.0,1.875,0.0,0.0,1.25,0.694444444444,0.8928571428569999,0.0,0.0,1.25,0.0,0.0,0.0,0.0,0.0,0.0,0.0,0.0,0.0,0.0,0.0,0.0,0.0,0.0,0.0,0.666666666667,0.0,0.0,0.0
0,0.07407407407410001,0.0,0.099173553719,0.0,0.0,0.0945179584121,0.1443001443,0.26455026454999997,0.06993006993010001,0.0,0.12987012987,0.17316017315999999,0.25641025641,0.0,0.210084033613,0.197628458498,0.0,0.093808630394,0.3367003367,0.0,0.121212121212,0.0,0.0,0.295857988166,0.108695652174,0.0,0.0,0.0739098300074,0.0,0.056689342403600004,0.30303030303,0.0,0.296296296296,0.07272727272730001
0,0.322580645161,0.14880952380999998,0.45454545454499995,0.0,0.277777777778,0.1953125,0.24570024570000001,0.261551874455,0.33333333333299997,0.0,0.30712530712499997,0.21621621621599998,0.0,0.0,0.600600600601,0.426136363636,0.0,0.0,0.387096774194,0.0,0.0,0.0,0.0,0.231481481481,0.297619047619,0.0,0.0,0.266666666667,0.344827586207,0.073046018992,0.649350649351,0.390625,0.0,0.2
0,0.434027777778,1.0204081632700002,0.14245014244999998,0.420168067227,0.34013605442199996,0.0,0.240384615385,0.267094017094,0.0881834215168,0.0,0.394477317554,0.18993352326699997,0.0,0.297619047619,0.2331002331,0.0,0.0,0.294117647059,0.308641975309,0.78125,0.130208333333,0.0,0.26455026454999997,0.453514739229,0.0,0.0,0.347222222222,0.0,0.0,0.262984878369,0.223214285714,0.0,0.173611111111,0.0
1,0.0,0.0,0.395256916996,0.0,0.0,0.0,0.0,0.0,0.0,0.0,0.0,0.0,0.0,0.0,0.7575757575759999,0.0,0.0,0.0,1.0101010101,0.0,0.0,0.0,0.0,0.0,0.0,0.0,0.0,0.0,0.0,0.8264462809919999,0.0,0.0,0.0,0.0
1,0.136452241715,0.025799793601700004,0.051975051975099995,0.08591065292099999,0.24108003857299998,0.0865051903114,0.193573364305,0.10582010582000001,0.0886132033673,0.13550135501399999,0.12210012210000001,0.10725010724999999,0.192864030858,0.196078431373,0.093370681606,0.0717360114778,0.0674763832659,0.167177486765,0.07507507507510001,0.21520803443300002,0.06418485237480001,0.093370681606,0.0,0.0806234883096,0.0515995872033,0.0612745098039,0.0,0.0,0.0,0.151171579743,0.08557980316649999,0.14705882352900002,0.0389863547758,0.09483167377900001
1,0.277008310249,0.0,0.4,0.0,0.297619047619,0.378071833648,0.0,0.08771929824560001,0.14285714285700002,0.0,0.277777777778,0.0,0.297619047619,1.09649122807,0.0,0.334448160535,0.172413793103,0.0,0.105263157895,0.34965034965,0.0,0.0,0.0,0.255102040816,0.0,0.0,0.0,0.0,0.0,0.111111111111,0.0,0.0,0.554016620499,0.42105263157899997
1,0.0,0.0,0.452488687783,0.0,0.0,0.0,0.42735042735,0.0,0.0,0.0,0.678733031674,0.295857988166,0.0,1.38888888889,0.0,0.0,0.0,0.0,0.0,0.0,0.0,0.0,0.0,0.0,0.0,0.0,0.0,0.0,0.0,0.443786982249,0.0,0.0,0.0,0.6993006993009999
1,0.0,0.0,1.0101010101,0.0,0.0,0.0,0.411522633745,0.0,0.0,0.617283950617,0.16835016835,0.0,0.0,0.0,0.0,0.0,0.0,0.0,0.0,0.0,0.0,0.0,0.0,0.308641975309,0.0,0.0,0.0,0.0,0.833333333333,0.617283950617,1.38888888889,0.0,0.0,0.0
1,0.0,0.0,1.23456790123,0.0,0.0,0.0,0.0,0.0,0.0,0.0,0.231481481481,0.0,0.0,0.0,0.3125,0.0,1.11111111111,0.308641975309,0.0,0.0,1.11111111111,0.0,0.0,0.0,0.0,0.0,0.0,0.0,0.0,0.0,0.0,0.0,0.39682539682499995,0.925925925926
1,0.0,0.0,0.510204081633,0.0,0.0,1.0204081632700002,0.37878787878799997,0.17825311943,0.0,0.0,0.43290043289999997,0.21645021644999998,0.0,0.0,0.865800865801,0.0,0.0,0.0,0.0,0.0,0.0,0.0,0.0,0.0,0.0,0.0,1.2987012987,0.0,0.0,0.642791551882,0.0,0.0,0.0,1.2987012987
1,0.0,0.0,0.510204081633,0.0,1.92307692308,0.0,0.0,0.41322314049599995,0.0,0.0,0.9740259740260001,0.9740259740260001,0.0,0.0,0.0,0.0,0.0,0.0,0.0,0.0,0.0,0.0,0.0,0.0,0.0,0.0,0.0,0.0,0.0,0.309917355372,0.0,0.0,0.0,0.0
1,0.0,0.0,0.82304526749,0.0,0.0,0.0,0.0,0.0,0.0,0.0,0.329218106996,0.246913580247,0.0,0.0,0.0,0.0,0.595238095238,0.0,0.0,0.0,0.37593984962399996,0.0,0.0,0.0,0.0,0.0,0.793650793651,0.0,0.0,0.296296296296,0.0,0.0,0.0,0.0
1,0.0330578512397,0.0675675675676,0.09137426900580001,0.0,0.11655011655,0.219138056976,0.0528541226216,0.0826446280992,0.16869095816500002,0.0422832980973,0.09469696969699999,0.11961722488,0.0,0.33057851239700003,0.0,0.377121307354,0.0675675675676,0.330656589513,0.19138755980900002,0.15503875969,0.126849894292,0.20661157024799998,0.0,0.0,0.0,0.0,0.0,0.09319664492080001,0.0,0.25826446281,0.058139534883699995,0.0,0.099173553719,0.023923444976099998
1,0.21786492374699998,0.0,0.263157894737,0.0,0.0,0.0,0.148148148148,0.444444444444,0.0,0.548696844993,0.42105263157899997,0.0,0.411522633745,0.0,0.0,0.0,0.0,0.0,0.740740740741,0.0,0.21786492374699998,0.0,0.0,0.274348422497,0.0,0.0,0.0,0.0,0.462962962963,0.0,0.246913580247,0.0,0.435729847495,0.588235294118
1,0.0,0.0,1.38888888889,0.0,0.0,0.0,0.0,0.0,5.0,0.0,1.38888888889,0.0,0.0,0.0,0.0,0.0,0.0,0.0,0.0,0.714285714286,0.0,0.0,0.0,0.0,0.0,0.0,0.0,0.0,0.0,0.0,0.0,0.0,0.0,0.0
1,0.7575757575759999,0.0,0.416666666667,0.0,0.0,0.0,0.0,0.0,0.0,0.0,0.0,0.0,0.0,0.0,0.0,0.0,0.7352941176469999,0.0,0.0,0.0,0.0,0.0,0.0,1.5625,0.0,0.0,0.0,0.0,3.33333333333,0.0,0.0,0.0,0.7575757575759999,1.13636363636
1,0.10582010582000001,0.0,0.21893814997299998,0.0,0.0,0.244897959184,0.0,0.37037037037,0.09074410163339998,0.0,0.21164021164000002,0.0,0.109649122807,0.308641975309,0.190476190476,0.45112781954899994,0.0,0.317965023847,0.0,0.877192982456,0.0,0.0,0.0,0.138504155125,0.0,0.0,0.0,0.0,0.0,0.111111111111,0.0,0.0,0.31746031746,0.394088669951
1,0.0,0.0,0.0,0.0,0.0,0.0,0.0,0.7518796992479999,0.0,0.0,0.686498855835,0.0,0.0,0.0,0.263157894737,0.0,0.0,0.0,0.3663003663,0.0,0.0,0.0,0.0,0.0,0.0,0.0,0.0,0.0,0.0,0.277008310249,0.0,0.0,0.0,0.0
1,0.0,0.769230769231,0.0,0.0,0.0,0.0,0.0,0.555555555556,0.0,0.0,0.4,0.576923076923,0.0,0.0,0.833333333333,0.0,0.0,0.666666666667,0.0,0.0,0.568181818182,0.0,2.3076923076900004,0.0,0.0,0.0,0.0,0.714285714286,0.0,0.375,0.0,0.0,0.347222222222,0.9615384615379999
1,0.652173913043,0.0,0.446428571429,0.0,0.0,0.0,0.0,0.790513833992,0.0,0.0,0.0,0.0,0.0,0.0,0.0,0.0,0.0,0.0,0.0,0.0,0.0,0.0,0.0,0.0,0.0,0.0,0.0,0.0,0.0,0.8264462809919999,0.0,0.0,0.217391304348,0.0
1,0.0,0.0,0.0,0.0,0.0,0.739644970414,0.347222222222,0.3125,0.153846153846,0.555555555556,0.0,0.375,0.0,0.0,0.0,0.42735042735,0.0,0.0,0.4,0.0,0.0,1.5625,0.0,0.739644970414,0.0,0.0,0.0,0.0,0.0,0.390625,0.0,0.0,0.0,0.0
1,0.217391304348,0.48309178744,0.0,0.0,3.0769230769200004,0.0,0.395256916996,0.227272727273,0.0,0.434782608696,0.181818181818,0.7575757575759999,0.0,1.0,0.34965034965,0.0,0.0,0.0,0.0,0.0,0.189035916824,0.0,0.0,1.1834319526600001,0.0,0.0,0.0,0.0,0.0,0.20661157024799998,0.378071833648,0.0,0.217391304348,0.0
1,0.0,0.0,0.38461538461499994,0.0,0.555555555556,0.694444444444,0.25641025641,1.64835164835,1.0,0.0,0.591715976331,0.0,1.11111111111,0.0,0.38461538461499994,0.0,0.0,0.7575757575759999,0.714285714286,0.0,0.634920634921,0.0,0.0,0.25,0.0,0.0,0.0,0.0,0.0,0.295857988166,0.0,0.0,0.0,0.47619047618999993
1,0.0,0.0,0.510204081633,0.0,0.0,0.0,0.7575757575759999,0.0,0.0,0.0,1.1904761904799999,0.0,0.0,0.0,0.0,0.0,0.0,0.0,1.42857142857,0.0,0.8021390374330001,0.0,0.0,0.0,0.0,0.0,0.49019607843099994,0.0,0.0,0.0,0.0,0.0,0.78431372549,0.0
1,0.0,0.0,1.28205128205,0.0,0.0,1.03806228374,0.0,1.1029411764700001,0.0,0.0,0.7352941176469999,0.0,0.0,0.0,0.0,0.0,0.0,0.0,0.48076923076899997,0.0,0.666666666667,0.0,0.0,0.0,0.0,0.0,0.0,0.0,0.0,0.0,0.0,0.0,0.3125,0.38461538461499994
1,0.0,0.0,0.320512820513,0.0,0.0,0.831024930748,0.0,0.307692307692,1.11111111111,0.0,0.147928994083,0.320512820513,0.0,0.8,0.0,0.7518796992479999,0.0,0.909090909091,0.666666666667,0.0,0.0,0.0,0.0,0.0,0.0,0.0,0.0,0.0,0.0,0.295857988166,0.0,0.0,0.5714285714289999,0.0
1,0.23923444976100003,0.0,0.128205128205,0.0,0.0,0.39682539682499995,0.37593984962399996,0.519480519481,0.23809523809500002,0.35885167464100004,0.32967032967,0.28571428571400004,0.0,0.0,0.0,0.563909774436,0.0,0.0,0.151515151515,0.0,0.277008310249,0.0,0.666666666667,0.382653061224,0.0,0.23809523809500002,0.0,0.38461538461499994,0.0,0.326530612245,0.0,0.0,0.0,0.350877192982
1,0.166666666667,0.0,0.34013605442199996,0.37878787878799997,0.0,0.411522633745,0.46153846153800004,0.166666666667,0.0,0.0,0.190476190476,0.28571428571400004,0.0,0.0,0.0,0.569800569801,0.0,0.0,0.0,0.0,0.0,0.0,0.0,0.23781212841899999,0.0,0.0,0.0,0.297619047619,0.0,0.32,0.132625994695,0.0,0.0,0.28571428571400004
1,0.0,0.0,0.0,0.0,0.0,0.0,0.0,5.0,0.0,0.0,0.0,0.0,0.0,0.0,0.0,0.0,0.0,0.0,0.0,8.333333333330001,0.0,0.0,0.0,0.0,0.0,0.0,0.0,0.0,0.0,0.0,0.0,0.0,0.0,0.0
1,0.0685322672758,0.020885547201300002,0.0649983750406,0.0717231486462,0.10781671159000002,0.08656509695289999,0.0832292967124,0.0809061488673,0.09988901220869999,0.032726082687900004,0.061387354205,0.0653594771242,0.134770889488,0.0277392510402,0.0992063492063,0.0591366055588,0.04738213693440001,0.08528057308550001,0.04568817818390001,0.124843945069,0.0660938532716,0.026455026455000002,0.0,0.09789960840160002,0.125313283208,0.033738191632900004,0.0,0.109210047324,0.044642857142900005,0.0943072702332,0.0713393971821,0.0,0.057110222729900004,0.05536332179930001
1,0.0518349574953,0.049140049139999996,0.071337983513,0.0,0.0730193501278,0.0,0.07277137659189999,0.038784744667099996,0.0290317898098,0.0566443865413,0.0696594427245,0.07087172218280001,0.0,0.033300033300000004,0.0388915896937,0.0,0.03861003861,0.08777704630239999,0.0661988613796,0.105196717862,0.0194514685859,0.0,0.0,0.0580635796197,0.0655200655201,0.0,0.0385059684251,0.0460829493088,0.0,0.083044982699,0.0464381907681,0.08658008658010001,0.0518349574953,0.0340986587861
1,0.0,0.0,0.357142857143,0.0,0.0,0.308641975309,0.505050505051,0.252525252525,0.0,0.0,0.43290043289999997,0.606060606061,0.0,0.0,0.0,0.0,0.0,0.9523809523810001,0.833333333333,0.833333333333,0.0,0.0,0.0,0.0,0.462962962963,0.0,0.0,0.0,0.0,0.275482093664,0.555555555556,0.0,0.0,0.0
1,0.0,1.6666666666699999,0.0,0.0,0.0,0.0,1.08695652174,0.0,0.0,1.63043478261,1.38888888889,0.0,0.0,0.0,1.38888888889,0.0,0.0,0.0,0.0,0.0,0.36231884057999997,0.0,0.0,0.0,0.0,0.0,0.0,0.0,0.0,0.0,0.434782608696,0.0,0.0,0.0
1,0.125019534302,0.0,0.115454395514,0.0565610859729,0.0,0.219138056976,0.025641025641,0.056980056980099995,0.08684324793749999,0.0617283950617,0.119260584377,0.0654664484452,0.140745953554,0.0425713069391,0.136319376826,0.0,0.14140271493200002,0.021853146853099997,0.05253480430790001,0.0,0.08438818565400001,0.0,0.0,0.12494793835899999,0.0,0.0,0.101265822785,0.08741258741260001,0.168208578638,0.0710059171598,0.0980392156863,0.0,0.0937646507267,0.053864799353599994
1,0.034981343283599996,0.0372023809524,0.0687285223368,0.0,0.0,0.11337868480699999,0.0627292028566,0.0746417197452,0.082304526749,0.047348484848499996,0.0525313546523,0.05095541401269999,0.0,0.078125,0.0357832963573,0.09018759018760002,0.027056277056299996,0.0394477317554,0.020833333333299998,0.09276437847869999,0.022614201718700003,0.0424628450106,0.115942028986,0.09144947416549999,0.0496031746032,0.0,0.030459945172099996,0.059940059940099995,0.077519379845,0.0567974360015,0.06313131313130001,0.0,0.08162313432839999,0.0597014925373
1,0.26041666666700003,0.925925925926,0.0,0.793650793651,0.0,0.0,0.0,0.694444444444,0.0,0.0,0.0,0.694444444444,0.0,0.0,0.0,0.653594771242,0.0,0.0,0.26041666666700003,0.0,0.367647058824,0.0,0.0,0.0,0.925925925926,0.0,0.0,0.0,0.0,0.308641975309,0.0,0.0,0.0,0.0
1,0.0,0.0,0.0,0.0,0.0,0.0,0.0,0.42735042735,0.7575757575759999,0.549450549451,0.0,0.7575757575759999,0.0,0.0,0.793650793651,0.529100529101,0.0,0.0,0.0,0.0,0.6802721088439999,1.11111111111,0.649350649351,0.0,0.0,0.0,0.0,0.0,0.0,0.617283950617,0.529100529101,0.0,0.274725274725,0.0
1,0.0,0.235294117647,0.0,0.0,0.0,0.692041522491,0.621118012422,0.0,0.0,0.334448160535,0.492610837438,0.0,0.0,0.0,0.0,0.5115089514069999,0.923076923077,1.68067226891,0.0,0.0,0.0,0.0,0.0,0.0,0.941176470588,0.0,0.0,0.0,0.0,0.0,0.0,0.0,0.0,0.769230769231
1,0.23809523809500002,0.0,0.131839156229,0.08928571428570001,0.53050397878,0.201091640333,0.294117647059,0.428571428571,0.0,0.0,0.10810810810799999,0.0,0.0,0.0,0.307692307692,0.049850448654,0.0,0.0,0.0,0.0,0.196078431373,0.0,0.0,0.0,0.0,0.317796610169,0.0,0.0,0.0,0.16,0.49019607843099994,0.0,0.47619047618999993,0.325203252033
1,0.0,0.0,0.0,0.0,0.0,0.0,0.350877192982,0.0,0.0,0.0,0.0,0.526315789474,0.0,0.0,0.0,1.02564102564,0.0,0.0,0.0,0.0,0.30303030303,0.0,0.0,0.0,0.0,0.0,0.0,0.0,0.0,0.277008310249,0.33333333333299997,0.0,0.0,2.72727272727
1,0.0,0.287356321839,0.23068050749699998,0.0,0.0,1.04166666667,0.345622119816,0.0992063492063,0.280112044818,0.0,0.210084033613,0.24509803921599999,0.0,0.0,0.39682539682499995,0.0,0.383141762452,0.0,0.326797385621,0.0,0.0,0.0,0.0,1.1337868480700002,0.0,0.0,0.0,0.0,0.0,0.31887755102,0.444938820912,0.0,0.505050505051,0.534759358289
1,0.045045045044999996,0.0977517106549,0.118203309693,0.0,0.325203252033,0.09182736455460001,0.10504201680700001,0.23809523809500002,0.0677506775068,0.14705882352900002,0.0949848024316,0.0744047619048,0.325203252033,0.0,0.0637755102041,0.0,0.0750187546887,0.058788947677800005,0.09259259259260001,0.0,0.0,0.0,0.0,0.0,0.0977517106549,0.0,0.284495021337,0.17226528854400003,0.0,0.191326530612,0.284629981025,0.30303030303,0.135135135135,0.0
1,0.34965034965,0.16,0.493827160494,1.1904761904799999,0.0,0.0,0.0,0.0,0.231481481481,0.0,0.190476190476,0.8465608465610001,0.0,0.0,0.0,0.0,0.307692307692,0.37593984962399996,0.0,0.5,0.0,0.0,0.0,0.78125,0.16,0.0,0.0,0.0,0.0,0.40816326530599994,0.48,0.307692307692,0.0,0.16835016835
1,0.17391304347800002,0.272108843537,0.36866359446999997,0.0,0.0,0.453514739229,0.0,0.207039337474,0.134408602151,0.23291925465799998,0.272108843537,0.0,0.0,0.0,0.0,0.17006802721099998,0.228571428571,0.0,0.21037868162700002,0.47619047618999993,0.28571428571400004,0.0,0.0,0.0,0.272108843537,0.0,0.0,0.0,0.0,0.226757369615,0.30612244898,0.0,0.34782608695699996,0.0
1,0.0,0.0,0.7575757575759999,0.0,0.0,0.0,0.16977928692699998,0.0,0.0,0.0,0.292397660819,0.0,0.0,0.0,0.0,0.29325513196499997,0.0,0.0,0.0,0.0,0.322580645161,0.0,0.0,0.0,0.505050505051,0.0,0.0,0.0,0.0,1.108033241,0.5376344086020001,0.0,0.0,0.0
1,0.10141987829600001,0.122950819672,0.172562553926,0.0,0.252525252525,0.3125,0.137741046832,0.196078431373,0.0,0.08556149732619998,0.111642743222,0.0496770988574,0.505050505051,0.0,0.0,0.181818181818,0.0,0.142247510669,0.135004821601,0.0,0.0626959247649,0.0,0.16393442622999999,0.0771604938272,0.0819672131148,0.125,0.147783251232,0.26990553306299997,0.0,0.11478420569299999,0.0894187779434,0.0,0.141987829615,0.14132278123199998
1,0.15873015873,0.0854700854701,0.062656641604,0.0793021411578,0.0,0.19753086419799998,0.07748934521499999,0.0766283524904,0.068058076225,0.104868913858,0.0912242291553,0.09074410163339998,0.0,0.246913580247,0.042180744490099994,0.19975031211,0.113599480688,0.0396510705789,0.105263157895,0.12038523274499999,0.0133761369716,0.0851426138782,0.0,0.0,0.056980056980099995,0.0,0.08503401360539999,0.0,0.0,0.0792707094728,0.0432152117545,0.0,0.0952380952381,0.07832080200500001
1,0.0,0.177304964539,0.269645608629,0.0,0.0,0.316885468538,0.0,0.252525252525,0.09671179883950001,0.113636363636,0.29593758407299997,0.36075036075000005,0.236406619385,0.252525252525,0.0,0.0,0.0,0.0,0.10330578512399999,0.833333333333,0.0,0.0,0.0,0.181077410593,0.0,0.0,0.462962962963,0.0,0.0,0.327538422777,0.625,0.472813238771,0.0,0.126262626263
1,0.0264270613108,0.0312109862672,0.114228599986,0.115141047784,0.0956708921311,0.115740740741,0.109253796569,0.0617410989916,0.050859525989199995,0.0717772035601,0.0714560545265,0.122062862374,0.0,0.0314267756128,0.0226911731337,0.0,0.07839038411289999,0.10720028586699999,0.040096230954300004,0.15432098765399999,0.08417508417510002,0.0239177230328,0.127713920817,0.04698880100240001,0.0312109862672,0.0,0.0,0.08019246190860001,0.0,0.09397760200489999,0.0971008461645,0.0,0.0528541226216,0.0391849529781
1,0.0,0.426136363636,0.0,0.0,0.0,0.390625,0.323275862069,0.383141762452,0.0,0.347222222222,0.0,0.111234705228,0.0,0.0,0.31347962382399996,0.0,0.0,0.0,0.0,0.0,0.625,0.0,0.0,1.1834319526600001,0.142045454545,0.0,0.0,0.0,1.25,0.118906064209,0.355113636364,0.0,0.0,0.0
1,0.0,0.0,0.606060606061,0.0,0.0,0.0,1.12781954887,1.75438596491,0.0,0.595238095238,0.350877192982,1.43540669856,0.0,0.0,0.0,0.0,0.36231884057999997,0.0,0.0,0.0,0.0,0.0,0.0,0.0,0.0,0.0,0.0,0.0,0.0,0.277008310249,0.776397515528,0.0,0.0,0.0
1,0.0,0.714285714286,0.470588235294,0.520833333333,0.275482093664,0.226757369615,0.0,0.501672240803,0.7130124777179999,0.3663003663,0.260869565217,0.5115089514069999,0.0,0.6993006993009999,0.189035916824,0.0,0.0,0.0,0.226244343891,0.0,0.18315018315,0.0,0.0,0.275482093664,0.0,0.0,0.0,0.0,1.51515151515,0.0,0.23809523809500002,0.0,0.0,0.0
1,0.183823529412,0.0,0.140350877193,0.0,0.297619047619,0.173611111111,0.116279069767,0.218023255814,0.0,0.15625,0.24479804161600002,0.09302325581399999,0.0,0.0,0.0,0.0,0.0,0.0,0.125,0.0,0.0,0.0,0.0,0.226757369615,0.0,0.0,0.0,0.0,0.0,0.324499729584,0.3,0.0,0.0,0.235294117647
1,0.192307692308,0.0,0.34965034965,0.0,0.0,0.111111111111,0.140056022409,0.294117647059,0.0,0.15873015873,0.15082956259400002,0.133689839572,0.0,0.0,0.18975332068300002,0.15873015873,0.0,0.0,0.0,0.0,0.213675213675,0.0,0.0,0.0,0.128205128205,0.0,0.0,0.0,0.0,0.173010380623,0.24420024420000003,0.0,0.240384615385,0.174825174825
1,0.0,0.0,0.0,0.0,0.0,0.0,0.36231884057999997,0.320512820513,0.09496676163339998,0.445930880713,0.18939393939399998,0.15432098765399999,0.28490028489999997,0.0,0.462962962963,0.0,0.49019607843099994,0.380952380952,0.09496676163339998,0.0,0.310559006211,0.0,0.0,0.262984878369,0.0,0.0,0.0,0.392156862745,0.0,0.0,0.36231884057999997,0.0,0.3663003663,0.26455026454999997
1,0.328407224959,0.0,0.294117647059,0.653594771242,0.174216027875,0.0,0.0,0.0,0.36585365853699997,0.246305418719,0.24509803921599999,0.125,0.0,0.0,0.166666666667,0.0,0.0,0.7352941176469999,0.0,0.0,0.0,0.17857142857099997,0.0,0.059488399762,0.0,0.0,0.0,0.0,0.510204081633,0.25,0.0,0.0,0.164203612479,0.47619047618999993
1,0.148423005566,0.289256198347,0.213675213675,0.0,0.0,0.051652892561999994,0.24128098267200002,0.154738878143,0.0,0.22492970946600002,0.10911074740900001,0.0886524822695,0.0,0.0,0.07092198581560001,0.16401124648499998,0.0,0.0,0.0,0.0,0.126236061435,0.0,0.0,0.0,0.0413223140496,0.0,0.291545189504,0.0,0.0,0.0905387052965,0.09372071227739999,0.0,0.111317254174,0.255102040816
1,0.0,0.0,0.627943485086,0.0,0.0,0.20661157024799998,0.246305418719,0.299850074963,0.0,0.155279503106,0.42223786066200003,0.53050397878,0.0,0.0,0.0,0.0,0.0,0.0,0.0,0.0,0.28571428571400004,0.492610837438,0.0,0.554016620499,0.0,0.0,0.363636363636,0.6791171477079999,0.0,0.0,0.0,0.0,0.17391304347800002,0.0
1,0.0,0.0,0.0,0.0,0.0,0.0,0.0,0.0,0.0,0.0,0.390625,2.08333333333,0.0,0.0,1.5625,0.0,0.0,0.0,0.0,0.0,0.0,0.0,0.0,0.0,0.0,0.0,0.0,0.0,0.0,1.171875,0.0,0.0,0.0,0.0
1,0.0,0.0,0.8928571428569999,0.0,0.0,0.0,0.0,1.94805194805,1.5625,0.0,0.0,0.8928571428569999,0.0,0.0,0.0,0.0,0.0,0.0,2.27272727273,0.0,0.0,0.0,0.0,1.5625,0.0,0.0,0.0,0.0,0.0,1.0204081632700002,0.0,0.0,0.0,0.0
1,0.0,0.0,0.0,0.0,0.0,0.0,0.0,0.0,0.0,0.0,1.13636363636,0.0,0.0,0.0,0.0,0.0,0.0,0.0,2.77777777778,0.0,0.0,0.0,0.0,0.0,0.0,0.0,0.0,0.0,0.0,0.0,0.0,0.0,0.0,0.0
1,0.0,0.0,1.78571428571,0.0,0.0,0.0,0.0,0.0,0.0,0.0,0.0,0.0,0.0,0.0,0.0,0.0,0.0,0.0,0.0,0.0,0.0,0.0,0.0,0.0,0.0,0.0,0.0,0.0,0.0,0.694444444444,0.0,0.0,0.0,0.0
1,0.0,0.0,0.0,0.0,0.0,4.08163265306,0.0,0.0,0.8928571428569999,0.0,1.92307692308,0.9615384615379999,0.0,0.0,0.0,0.0,0.0,0.0,0.8928571428569999,0.0,0.0,0.0,0.0,2.04081632653,0.0,0.0,0.0,0.0,0.0,1.1834319526600001,0.0,0.0,0.0,0.0
1,0.0,0.0,0.0,0.0,0.0,0.0,0.0,0.0,0.0,0.0,0.0,0.549450549451,0.0,0.0,0.0,0.0,0.0,0.0,0.0,0.0,0.0,0.0,0.0,0.0,0.0,0.0,0.0,0.0,0.0,0.0,0.0,0.0,0.0,0.0
1,0.0,0.0,0.0,0.0,0.0,0.0,0.0,1.0101010101,0.0,0.0,1.5873015872999998,0.0,0.0,0.0,0.0,0.0,0.0,0.0,0.0,0.0,0.0,0.0,0.0,2.04081632653,0.0,0.0,0.0,0.0,0.0,1.23456790123,0.0,0.0,1.2987012987,0.0
1,0.0,0.0,0.0,2.27272727273,0.0,0.0,0.0,0.0,0.0,0.0,1.38888888889,0.0,0.0,0.0,0.0,0.0,0.0,0.0,0.0,0.0,0.0,0.0,0.0,0.0,0.0,0.0,0.0,0.0,0.0,0.0,0.0,0.0,0.0,0.0
1,1.51515151515,0.0,0.0,0.0,0.0,0.0,0.0,1.38888888889,0.0,0.0,1.51515151515,0.0,0.0,0.0,0.0,0.0,0.0,0.0,0.0,0.0,0.0,0.0,0.0,0.0,0.0,0.0,0.0,0.0,0.0,0.0,0.0,0.0,0.7575757575759999,0.0
1,0.0,0.46875,0.0,0.0,0.0,0.25,0.41208791208800005,0.357142857143,0.0,0.0,0.382653061224,0.0,0.653594771242,0.0,0.17006802721099998,0.0,0.446428571429,0.0,0.0,0.0,0.569800569801,0.39682539682499995,0.0,0.0,0.0,0.0,0.0,0.0,0.0,0.382653061224,0.240384615385,0.0,0.0,0.26455026454999997
1,0.0,0.459770114943,0.15,0.0,0.0,0.23781212841899999,0.26881720430100003,0.18975332068300002,0.0,0.612745098039,0.0645161290323,0.241935483871,0.0,0.840336134454,0.0,0.14367816092,0.0,0.0,0.294117647059,0.347222222222,0.160256410256,0.0,0.625,0.0,0.0,0.0,0.0,0.0,0.0,0.312174817898,0.0,0.0,0.226244343891,0.288461538462
1,0.102040816327,0.0674763832659,0.0700280112045,0.0,0.252525252525,0.138504155125,0.0392772977219,0.219298245614,0.17825311943,0.149253731343,0.062656641604,0.20639834881299998,0.0,0.0,0.140350877193,0.0392772977219,0.0534188034188,0.15503875969,0.0980392156863,0.11481056257200001,0.121839780688,0.146198830409,0.0,0.10330578512399999,0.16869095816500002,0.0,0.0,0.09259259259260001,0.0,0.06925207756230001,0.0574052812859,0.0,0.13605442176899998,0.16006402561
1,0.16406890894200002,0.0,0.0392156862745,0.0,0.0,0.0657462195924,0.32237266279800003,0.240867121638,0.0689655172414,0.11435105774700001,0.208594075928,0.08510638297869999,0.287356321839,0.0,0.212765957447,0.1554001554,0.17857142857099997,0.0744047619048,0.0754716981132,0.0,0.131752305665,0.0,0.0,0.35671819262800003,0.0732600732601,0.0,0.0,0.0,0.0,0.135808057945,0.0,0.128205128205,0.0410172272354,0.08695652173910001
1,0.588235294118,0.0,0.450112528132,0.344827586207,0.0,0.0,0.0,0.27027027027,0.0,0.0,0.502828409805,0.174367916303,0.0,0.0,0.655200655201,0.606060606061,0.0,0.0,0.16129032258099998,0.0,0.0,0.0,0.6451612903230001,0.0,0.833333333333,0.0,0.0,0.0,0.0,0.219138056976,0.0,0.0,0.0,0.18975332068300002
1,0.293470286134,0.15873015873,0.133333333333,0.0,0.215517241379,0.308641975309,0.35294117647100004,0.340425531915,0.0,0.312891113892,0.24,0.266666666667,0.0,0.132978723404,0.46153846153800004,0.16339869281,0.15037593985,0.595238095238,0.14184397163100002,0.519031141869,0.0,0.0,0.0,0.118906064209,0.15873015873,0.0,0.0,0.0,0.0,0.32,0.252100840336,0.42735042735,0.0733675715334,0.229885057471
1,0.0291375291375,0.04659832246040001,0.105485232068,0.160256410256,0.12315270935999999,0.08917954815700001,0.0793231094659,0.0,0.14367816092,0.0488758553275,0.124507159162,0.239071038251,0.36945812807899997,0.05411255411259999,0.136612021858,0.083426028921,0.20020020019999998,0.200320512821,0.06313131313130001,0.0,0.24813895781599998,0.0,0.0,0.148632580262,0.326188257223,0.0,0.0961538461538,0.0,0.0,0.161246976619,0.0,0.0,0.174825174825,0.160256410256
1,0.15873015873,0.164203612479,0.26881720430100003,0.0,0.0,0.226757369615,0.363636363636,0.0,0.0,0.30303030303,0.444444444444,0.0,0.0,0.0,0.0,0.2886002886,0.7259528130670001,0.148148148148,0.215053763441,0.21645021644999998,0.577200577201,0.0,0.0,0.226757369615,0.328407224959,0.0,0.0,0.0,0.0,0.16,0.10449320794099999,0.0,0.15873015873,0.307219662058
1,0.568181818182,0.34965034965,0.310559006211,0.0,0.0,0.258875739645,0.29274004683800003,0.341530054645,0.176366843034,0.0,0.285103349964,0.273224043716,0.0,0.0,0.447093889717,0.20604395604400003,0.0,0.26455026454999997,0.0992063492063,0.510204081633,0.0,0.273224043716,0.0,0.411522633745,0.34965034965,0.0,0.0,0.0,0.0,0.268744961032,0.0,0.0,0.18939393939399998,0.10822510822499999
1,0.21164021164000002,0.39682539682499995,0.18433179723499998,0.0,0.0,0.226757369615,0.307692307692,0.38461538461499994,0.6048387096769999,0.35555555555600005,0.10989010989,0.434243176179,0.347222222222,0.740740740741,0.213675213675,0.666666666667,0.0,0.47619047618999993,0.143369175627,1.0,0.190476190476,0.42735042735,0.0,0.29296875,0.39682539682499995,0.39682539682499995,0.0,0.0,0.0,0.221893491124,0.0,0.0,0.0,0.307219662058
1,0.0,0.2722323049,0.48840048840000005,0.0,0.0,0.34626038781199997,0.1443001443,0.183654729109,0.328407224959,0.1443001443,0.1554001554,0.0,0.0,0.0,0.606060606061,0.125313283208,0.0,0.47619047618999993,0.1443001443,0.0,0.0,0.606060606061,0.0,0.0,0.453720508167,0.23923444976100003,0.324675324675,0.0,0.0,0.275482093664,0.0,0.0,0.324675324675,0.17006802721099998
1,0.0,0.18315018315,0.34965034965,0.925925925926,0.0,0.0,0.350877192982,0.0,0.137741046832,0.0,0.17094017094,0.0,0.0,1.05263157895,0.0,0.250626566416,0.0,0.146198830409,0.0,0.0,0.181488203267,0.0,0.0,0.459136822773,0.549450549451,0.0,0.626959247649,0.328947368421,0.0,0.0,0.202429149798,0.0,0.0,0.0
1,0.17857142857099997,0.0,0.25974025974,0.0,0.0,0.127551020408,0.0,0.100806451613,0.21978021978,0.0,0.0977517106549,0.552995391705,0.769230769231,0.625,0.0,0.0,0.0,0.0,0.08928571428570001,0.617283950617,0.15873015873,0.0,0.779220779221,0.443786982249,0.0,0.0,0.0,0.0,0.0,0.208116545265,0.0,0.0,0.267857142857,0.244897959184
1,0.133333333333,0.0,0.0,0.0,0.23809523809500002,0.134372480516,0.14184397163100002,0.212765957447,0.176366843034,0.0,0.366837857667,0.315208825847,0.0,0.33333333333299997,0.0,0.43715846994499996,0.0,0.0,0.617283950617,0.0,0.533333333333,0.851063829787,0.0,0.17006802721099998,0.0,0.0,0.0,0.0,0.909090909091,0.22634676324099998,0.0,0.0,0.0,0.296296296296
1,0.222816399287,0.45454545454499995,0.260247234873,0.324675324675,0.16722408026799998,0.309917355372,0.224466891134,0.0,0.0,0.145243282498,0.17152658662099998,0.20898641588300002,0.0,0.0852514919011,0.252525252525,0.252525252525,0.0,0.11961722488,0.135226504395,0.0,0.0,0.0,0.0,0.0,0.227272727273,0.0,0.0,0.0,0.0,0.183654729109,0.0,0.0,0.17825311943,0.0
1,0.07507507507510001,0.197628458498,0.34188034188,0.404858299595,0.0,0.20661157024799998,0.146627565982,0.08718395815169999,0.119047619048,0.24570024570000001,0.16542597187799998,0.10752688172000001,0.0,0.0,0.137268359643,0.41322314049599995,0.0,0.0974658869396,0.36036036035999996,0.0,0.126262626263,0.322580645161,0.0,0.6377551020409999,0.592885375494,0.0,0.0,0.0,0.0,0.10405827263299999,0.0,0.0,0.15015015015,0.37037037037
1,0.10911074740900001,0.0,0.166875260743,0.6993006993009999,0.177304964539,0.156087408949,0.267379679144,0.18773466833500002,0.135808057945,0.0,0.20184544406,0.0938673341677,0.0,0.177304964539,0.0,0.39100684261999996,0.0,0.0,0.0905387052965,0.0,0.2331002331,0.12254901960799999,0.0,0.22634676324099998,0.0,0.12406947890799999,0.0,0.0,0.0,0.0865051903114,0.0,0.0,0.38188761593000004,0.10911074740900001
1,0.0,0.234375,0.119047619048,0.0,0.15873015873,0.29296875,0.0,0.08771929824560001,0.0,0.263157894737,0.131578947368,0.37593984962399996,0.31746031746,0.47619047618999993,0.12836970475,0.0,0.234375,0.0,0.119047619048,0.0,0.0,0.125313283208,0.0,0.222222222222,0.078125,0.26041666666700003,0.0,0.0,0.0,0.34626038781199997,0.131578947368,0.0,0.114942528736,0.0
1,0.0,0.0,0.0,0.0,0.0,0.0,0.344827586207,0.0,0.0,0.43103448275899997,0.0,0.0,0.0,0.26041666666700003,0.0,0.0,0.0,0.0,0.0,0.492610837438,0.0,0.0,0.0,0.308641975309,0.0,0.0,0.0,0.0,0.0,0.0,0.181488203267,0.0,0.0,0.0
1,0.0,0.0,0.367647058824,0.34965034965,0.649350649351,0.0,0.0,0.6048387096769999,0.568181818182,0.0,0.24509803921599999,0.390625,0.649350649351,0.0,0.271739130435,0.7352941176469999,0.0,0.0,0.0,0.0,0.328947368421,0.0,0.0,0.20661157024799998,0.0,0.0,0.47846889952200006,0.3367003367,0.510204081633,0.390625,0.0,0.0,0.33955857385399996,0.0
1,0.12422360248400001,0.39682539682499995,0.374812593703,0.0,0.0,0.694444444444,0.0,0.0,0.0,0.0,0.383141762452,0.0,0.0,0.0,0.0,0.0,0.226757369615,0.128205128205,0.372670807453,0.0,0.0,0.793650793651,0.0,0.0,0.0,0.0,0.0,0.833333333333,0.0,0.0,0.280112044818,0.0,0.745341614907,0.0
1,0.0,0.116279069767,0.11337868480699999,0.714285714286,0.569800569801,0.25,0.176366843034,0.0578703703704,0.205761316872,0.0,0.26455026454999997,0.24005486968400003,0.28490028489999997,0.48076923076899997,0.0771604938272,0.119047619048,0.37209302325599997,0.405405405405,0.0578703703704,0.0,0.24420024420000003,0.0,0.0,0.137174211248,0.174418604651,0.0,0.18315018315,0.10810810810799999,0.0,0.274348422497,0.221483942414,0.0,0.160256410256,0.18993352326699997
1,0.0,0.0,0.320512820513,0.231481481481,0.0,0.0,0.183823529412,0.24509803921599999,0.0,0.23068050749699998,0.217013888889,0.0801282051282,0.0,0.16339869281,0.284090909091,0.0,0.238948626045,0.09057971014489999,0.301659125189,0.0,0.0,0.0,0.0,0.20661157024799998,0.0,0.0,0.0,0.0,0.0,0.1953125,0.0,0.0,0.196078431373,0.17094017094
1,0.0,0.0,0.062421972534300006,0.0,0.0,0.0,0.13895321908299998,0.10695187165799999,0.108932461874,0.11930326890999998,0.14540647719799998,0.13071895424799998,0.0,0.0,0.168067226891,0.0,0.0,0.0,0.0,0.0,0.127000254001,0.168067226891,0.0,0.0384467512495,0.192307692308,0.0,0.430107526882,0.0,0.10504201680700001,0.110726643599,0.16959418534200002,0.0,0.0977517106549,0.0
1,0.219298245614,0.0,0.0,0.0,0.0,0.0,0.0,0.595238095238,0.0,0.26041666666700003,0.0,0.0,0.0,0.0,0.0,0.0,0.411522633745,0.43956043956,0.0,0.0,0.0,0.0,0.0,0.0,0.0,0.0,0.0,0.0,0.0,0.226757369615,0.0,0.7575757575759999,0.0,0.0
1,0.0,0.0,0.0,0.0,0.0,0.173611111111,0.0622665006227,0.267290344136,0.30333670374099997,0.0,0.144196106705,0.148898153663,0.0,0.0,0.0,0.18939393939399998,0.0,0.17857142857099997,0.265111346766,0.0,0.0,0.195694716243,0.36231884057999997,0.27041644132,0.0,0.0,0.0,0.0,0.0,0.319009194971,0.568181818182,0.0,0.406504065041,0.0
1,0.308641975309,0.153846153846,0.149551345962,0.0,0.0,0.295857988166,0.292682926829,0.0,0.252100840336,0.271002710027,0.135593220339,0.235294117647,0.15037593985,0.0,0.0,0.093808630394,0.133333333333,0.287081339713,0.49019607843099994,0.221729490022,0.0,0.0,0.0,0.244897959184,0.153846153846,0.0,0.0,0.0,0.0,0.32,0.14634146341499998,0.0,0.15432098765399999,0.0
1,0.0,0.0,0.357142857143,0.0,0.0,0.0,0.0,0.0,0.9523809523810001,0.0,0.0,0.0,0.0,0.0,0.9523809523810001,0.0,0.0,0.0,0.0,0.0,0.0,0.0,0.0,0.0,0.0,0.0,0.0,0.0,0.0,0.888888888889,0.0,0.0,0.0,0.0
1,0.9375,0.0,0.0,0.0,0.0,0.0,0.0,0.568181818182,0.653594771242,0.0,0.0,0.0,0.0,0.694444444444,0.505050505051,0.0,0.0,0.0,0.0,0.0,0.0,0.0,0.0,0.0,0.909090909091,0.0,0.0,0.0,0.0,0.8264462809919999,0.0,0.0,0.0,0.0
1,0.271739130435,0.0,0.0,0.0,0.0,0.567107750473,0.833333333333,0.9057971014489999,0.54347826087,0.0,0.20833333333299997,0.0,0.0,0.0,0.0,1.1594202898600001,0.0,0.0,0.0,0.0,0.0,0.0,0.0,0.0,0.0,0.0,0.0,0.0,0.0,0.694444444444,1.6666666666699999,0.0,0.0,0.0
1,0.0,1.38888888889,1.47058823529,0.0,0.0,1.21527777778,0.0,1.04166666667,0.0,0.0,0.980392156863,0.0,0.0,0.0,1.11111111111,0.347222222222,0.0,2.5,1.04166666667,0.0,0.0,0.0,0.0,4.0,0.0,0.0,8.333333333330001,0.0,0.0,0.617283950617,2.77777777778,0.0,0.0,2.77777777778
1,0.157657657658,0.183696900115,0.113668655868,0.0,0.12019230769200001,0.023668639053299998,0.18079096045200002,0.0458085203848,0.0557413600892,0.10810810810799999,0.11631771352600001,0.0982559567674,0.0,0.0844594594595,0.143636885952,0.061538461538500004,0.0772002058672,0.156985871272,0.0979240109675,0.148148148148,0.022222222222199998,0.0529661016949,0.0,0.131492439185,0.0459242250287,0.236686390533,0.0,0.105559465165,0.1875,0.08618213157139999,0.0597014925373,0.0,0.112612612613,0.0966183574879
1,0.0,0.0,0.0,0.0,0.0,0.0,0.0,0.694444444444,0.0,0.0,0.37878787878799997,0.0,0.0,0.0,0.694444444444,0.0,0.0,0.0,0.0,0.0,0.0,0.0,0.0,1.5625,0.931677018634,0.0,0.0,0.0,0.0,0.0,0.714285714286,0.0,0.0,0.0
1,0.0,0.0,0.39682539682499995,0.0,0.0,0.0,1.13636363636,0.252525252525,0.255102040816,0.0,0.7575757575759999,0.649350649351,0.0,0.0,0.0,0.0,0.0,0.840336134454,0.0,0.0,0.8928571428569999,0.0,0.0,0.765306122449,0.0,0.0,0.0,0.0,0.0,0.20661157024799998,0.0,0.0,0.0,0.0
1,0.0,0.0,0.0,0.0,0.0,0.694444444444,0.82304526749,1.1396011395999999,1.02564102564,0.0,0.694444444444,0.740740740741,0.0,0.0,1.23456790123,0.0,0.0,0.0,0.5128205128209999,0.0,0.0,0.0,0.0,0.591715976331,0.0,0.0,1.5384615384600002,0.0,0.0,0.82304526749,0.0,0.0,0.591715976331,0.5128205128209999
1,0.0,0.0,2.10526315789,1.85185185185,0.0,0.0,0.0,0.0,0.0,0.0,1.16959064327,2.22222222222,0.0,0.0,0.0,0.0,0.0,0.0,0.0,0.0,0.0,0.0,0.0,0.0,0.0,2.77777777778,0.0,0.0,0.0,0.0,0.0,0.0,0.0,0.0
1,0.16233766233799998,0.0,0.446998722861,0.0,0.0,0.0,0.0,0.40584415584399997,0.551724137931,0.0992063492063,0.16835016835,0.15673981191199998,0.0,0.274725274725,0.0,0.0,0.0,0.17825311943,0.18472906403900002,0.0,0.3367003367,0.0,0.0,0.8,0.0,0.0,0.0,0.30959752321999995,0.0,0.10330578512399999,0.505050505051,0.0,0.16233766233799998,0.20898641588300002
1,0.227272727273,0.0,0.0,0.0,0.0,0.0,0.0,0.760869565217,0.617283950617,0.20833333333299997,0.334448160535,0.24154589372,0.0,0.416666666667,0.24154589372,0.0,0.0,0.0,0.0,0.0,0.0,0.0,0.0,0.308641975309,0.0,0.0,0.0,0.0,0.0,0.189035916824,0.0,0.0,0.227272727273,0.252525252525
1,0.23809523809500002,0.0,0.15898251192399998,0.0,0.568990042674,0.295857988166,0.0,0.316820276498,0.292184075968,0.0,0.18975332068300002,0.174367916303,0.711237553343,0.0,0.24813895781599998,0.6993006993009999,0.0,0.18115942028999998,0.289575289575,0.0,0.0,0.33955857385399996,0.0,0.219138056976,0.0,0.0,0.33333333333299997,0.277777777778,0.526315789474,0.156087408949,0.0,0.0,0.119047619048,0.18018018017999998
1,0.287081339713,0.0,0.513196480938,0.0,0.625,0.0,0.34013605442199996,0.43290043289999997,0.0,0.12987012987,0.21645021644999998,0.307219662058,0.0,0.227272727273,0.39682539682499995,0.0,0.595238095238,0.0,0.234604105572,0.0,0.0,0.0,0.0,0.75,0.649350649351,0.0,0.0,0.0,0.0,0.226757369615,0.0,0.0,0.09569377990430002,0.33955857385399996
1,0.0,0.0,0.0,0.0,0.0,0.0,0.143472022956,0.45377197958000004,0.549450549451,0.13679890560900002,0.13550135501399999,0.187617260788,0.9740259740260001,0.211416490486,0.121951219512,0.0,0.0,0.12406947890799999,0.268336314848,0.0,0.0,0.665188470067,0.0,0.255102040816,0.0,0.0,0.0,0.25641025641,0.0,0.356930398572,0.0,0.0,0.0,0.43956043956
1,0.0,0.0,0.05208333333330001,0.0,0.0,0.0,0.0909090909091,0.15306122449,0.20833333333299997,0.0,0.20833333333299997,0.28571428571400004,0.0,0.0,0.15306122449,0.0606060606061,0.21186440678,0.0,0.0,0.0395256916996,0.025974025974,0.0,0.0,0.0868055555556,0.0,0.0,0.0,0.0,0.0,0.14285714285700002,0.215716486903,0.0,0.30612244898,0.0
1,0.0,0.0,0.7352941176469999,0.0,0.0,0.0,0.0,0.0,0.0,0.0,0.0,0.0,0.0,0.0,0.0,0.0,0.0,0.0,2.2058823529400002,0.0,0.0,0.0,0.0,0.0,0.0,0.0,0.0,0.0,0.0,0.0,0.0,0.0,0.0,0.980392156863
1,0.148221343874,0.05252100840340001,0.17777777777800002,0.0,0.149253731343,0.127551020408,0.14652014652,0.14985014985,0.11940298507500001,0.0909090909091,0.10989010989,0.0,0.0,0.0,0.0627943485086,0.14285714285700002,0.0,0.115740740741,0.0,0.0606060606061,0.0724637681159,0.10989010989,0.0,0.111383381599,0.15756302520999999,0.0,0.296442687747,0.0,0.0,0.132834198768,0.127450980392,0.0,0.148221343874,0.0
1,0.452488687783,0.0,0.13679890560900002,0.0,0.37878787878799997,0.390625,0.388026607539,0.286944045911,0.193798449612,0.133689839572,0.0478240076518,0.283607487238,0.0,0.133689839572,0.0,0.0,0.0,0.0,0.341997264022,0.0,0.34965034965,0.332594235033,0.0,0.0,0.0,0.8928571428569999,0.0,0.0,0.0,0.237953599048,0.534759358289,0.0,0.0,0.0
1,0.0,0.344827586207,0.0,0.0,0.0,0.23781212841899999,0.0,0.240384615385,0.0,0.0,0.0,0.0,0.0,0.0,0.201612903226,0.492610837438,0.227272727273,0.18993352326699997,0.16722408026799998,0.0,0.226757369615,0.0,0.0,0.308641975309,0.172413793103,0.0,0.0,0.0,0.769230769231,0.78125,0.23809523809500002,0.0,0.3663003663,0.207039337474
1,0.0,0.0,0.115740740741,0.0,0.0,0.390625,0.132625994695,0.287356321839,0.07122507122510001,0.160256410256,0.14367816092,0.127713920817,0.0,0.347222222222,0.0,0.240384615385,0.0,0.0,0.0771604938272,0.274725274725,0.34965034965,0.0,0.0,0.147928994083,0.0,0.0,0.0,0.0,0.0,0.118906064209,0.38461538461499994,0.0,0.0,0.08417508417510002
1,0.0492610837438,0.126823081801,0.08576329331049999,0.0,0.0,0.09233610341639999,0.07462686567160001,0.0862068965517,0.23210831721500003,0.128667009779,0.09433962264149999,0.212121212121,0.202634245187,0.0,0.0,0.13092432574,0.0645438898451,0.09838646202279999,0.0940438871473,0.0,0.08528784648189999,0.0793650793651,0.0,0.181077410593,0.0634115409004,0.389863547758,0.168067226891,0.0,0.0,0.111111111111,0.12587664089199999,0.0,0.0246305418719,0.12987012987
1,0.0,0.446428571429,0.0,0.925925925926,0.0,0.78125,0.0,0.0,0.0,0.0,0.0,0.0,0.0,0.0,0.0,1.3392857142899999,0.0,0.0,0.0,2.85714285714,0.0,0.0,0.0,0.0,0.0,0.0,0.0,1.0101010101,0.0,0.0,0.0,0.0,1.17647058824,0.0
1,0.0,0.0,0.0,0.0,0.0,0.0,0.0,0.0,0.0,0.0,0.0,0.0,0.0,1.1904761904799999,0.0,0.0,0.0,0.0,0.0,0.0,0.0,1.78571428571,0.0,0.0,0.0,0.0,0.0,2.5,0.0,0.0,0.0,0.0,0.641025641026,0.0
1,0.0,0.0,0.0,0.0,0.0,2.04081632653,0.0,1.70454545455,0.0,0.0,0.0,0.0,0.0,0.0,0.0,0.0,0.0,0.0,0.0,0.0,0.0,0.0,0.0,0.0,0.0,0.0,0.0,0.0,0.0,0.390625,0.0,0.0,0.0,0.0
1,1.0989010989,0.0,0.980392156863,0.769230769231,0.0,2.04081632653,0.0,0.7518796992479999,1.6666666666699999,0.0,0.0,1.75438596491,0.0,0.0,0.0,0.0,0.0,0.0,0.0,0.0,0.0,0.0,0.0,1.0,0.0,0.0,0.0,0.0,0.0,1.108033241,0.0,0.0,0.0,0.0
1,0.0,0.0,0.0,0.0,0.0,0.0,0.0,0.0,0.0,0.0,0.0,0.0,0.0,0.0,0.0,0.0,1.11111111111,0.0,0.0,0.0,0.0,0.0,0.0,0.0,0.0,0.0,0.0,0.0,0.0,0.0,0.0,0.0,0.0,0.0
1,0.714285714286,0.0,0.0,1.75438596491,0.0,0.0,0.0,0.0,0.0,0.0,0.0,0.0,0.0,0.0,0.0,0.0,0.0,0.0,1.42857142857,0.0,0.0,0.0,0.0,0.0,0.0,0.0,10.0,0.0,0.0,0.0,0.0,0.0,1.42857142857,0.0
1,0.0,0.0,0.0,2.38095238095,0.0,0.0,0.0,0.854700854701,0.0,0.0,0.641025641026,0.0,0.0,0.0,0.0,0.0,0.0,0.0,0.0,0.0,0.0,0.0,0.0,0.0,0.0,0.0,0.0,0.0,0.0,0.0,0.0,0.0,0.0,0.0
1,0.0,0.0,0.0,0.0,0.0,0.0,0.0,0.0,0.0,0.0,0.0,0.0,0.0,0.0,0.0,0.0,0.0,0.0,0.0,0.0,0.0,0.0,0.0,0.0,0.0,0.0,0.0,0.0,0.0,0.0,0.0,0.0,0.0,0.0
1,0.0816622810997,0.015503875969,0.0325697535555,0.0223463687151,0.0940438871473,0.222222222222,0.0463758158708,0.06511958323469999,0.0339174674958,0.04375769178180001,0.0504764981425,0.029988004798099998,0.0940438871473,0.04413062665490001,0.0413393964448,0.0281690140845,0.0387596899225,0.0,0.0159159637116,0.052816901408500004,0.0447545083586,0.0554323725055,0.0,0.038049940547000005,0.0,0.0,0.038940809968800005,0.0,0.0471520181064,0.0371802498513,0.05240746806419999,0.0,0.063515107522,0.0306419488279
1,1.0989010989,0.0,0.0,0.0,0.0,0.0,0.0,1.0714285714299998,0.0,0.0,0.625,0.0,0.0,0.0,0.5,0.0,0.0,0.0,0.649350649351,0.0,0.0,0.833333333333,0.0,0.0,0.0,0.0,0.0,0.0,0.0,0.0,0.0,0.0,0.549450549451,0.0
1,0.526315789474,0.0,0.886917960089,0.0,0.0,0.346020761246,0.649350649351,0.45454545454499995,0.0,0.0,0.0,0.8264462809919999,0.0,0.0,0.0,0.0,0.0,0.0,0.0,0.0,0.0,0.0,0.0,0.189035916824,0.0,0.0,0.0,0.0,0.0,0.0,0.0,0.0,0.0,0.0
1,0.0,1.11111111111,0.0,0.0,0.0,0.0,0.0,0.0,0.0,0.0,0.0,0.0,0.0,0.0,0.0,0.0,0.0,0.0,0.0,0.0,1.42857142857,0.0,0.0,0.0,0.0,2.0,0.0,0.0,0.0,0.8264462809919999,0.0,0.0,0.666666666667,0.0
1,0.0,0.0,0.0,0.0,0.0,0.0,0.0,0.0,1.42857142857,0.0,1.0582010581999999,1.11111111111,0.0,0.0,0.0,0.0,0.0,0.0,1.0,0.0,0.0,0.0,0.0,0.0,0.0,0.0,0.0,0.0,0.0,0.0,0.0,0.0,2.0,0.0
1,0.584795321637,0.0,0.0,0.0,0.0,0.0,0.0,0.0,0.0,0.0,0.6993006993009999,0.0,0.0,0.0,0.0,0.0,0.0,0.0,0.0,0.0,0.0,0.0,0.0,0.0,0.0,3.0303030303,0.0,0.0,0.0,0.0,0.0,0.0,0.584795321637,0.0
1,0.40064102564099996,0.0,0.244897959184,0.0,0.0,0.0,0.25641025641,0.373931623932,0.48,0.0,0.0523286237572,0.5128205128209999,0.0,0.347222222222,0.240384615385,0.0,0.28571428571400004,0.24509803921599999,0.166666666667,0.0,0.0,0.213675213675,0.0,0.32,0.0,0.0,0.0,0.166666666667,0.0,0.262984878369,0.0,0.0,0.0801282051282,0.307692307692
1,0.0,0.0,0.263736263736,0.0,0.1953125,0.624349635796,0.19342359767900003,0.303951367781,0.267857142857,0.0,0.163666121113,0.24316109422499999,0.390625,0.357142857143,0.163666121113,0.0,0.0,0.0,0.0,0.0,0.0,0.265957446809,0.0,0.29296875,0.0,0.0,0.0,0.0,0.0,0.192394748755,0.0,0.0,0.15873015873,0.31746031746
1,0.0,0.0,0.0,0.0,0.840336134454,0.274348422497,0.0,0.0,1.47058823529,0.0,0.862068965517,0.574712643678,0.0,0.0,0.574712643678,1.0840108401100002,0.0,0.0,0.0,0.0,1.06707317073,0.0,0.0,0.778546712803,0.0,0.0,0.0,0.0,0.0,0.594530321046,0.0,0.0,0.0,0.0
1,0.06761325219740001,0.0227998176015,0.0617283950617,0.0,0.0,0.10816657652799999,0.0840010338589,0.14170996693399998,0.0493827160494,0.0650618087183,0.057077625570800004,0.126839167935,0.0,0.132625994695,0.0159286396942,0.11701038467199999,0.0,0.116279069767,0.0425713069391,0.123051681706,0.0369959304477,0.105374077977,0.0649772579597,0.0888888888889,0.0227998176015,0.0407996736026,0.0,0.38461538461499994,0.0,0.10790016888699999,0.0832408435072,0.0,0.10141987829600001,0.0968288549988
1,0.334821428571,0.446428571429,0.510204081633,0.307692307692,0.0,0.390625,0.198412698413,0.191326530612,0.190476190476,0.297619047619,0.0,0.34013605442199996,0.0,0.0,0.127551020408,0.0,0.0,0.0,0.510204081633,0.0,0.173611111111,0.0,0.0,0.0,0.0,0.0,0.0,0.0,0.0,0.223214285714,0.198412698413,0.0,0.111607142857,0.0
1,0.133689839572,0.213371266003,0.120048019208,0.0,0.301659125189,0.06925207756230001,0.0,0.252100840336,0.0,0.09487666034160001,0.291545189504,0.0840336134454,0.0,0.0,0.17316017315999999,0.25466893039,0.21621621621599998,0.0,0.0,0.0,0.0,0.0,0.0,0.262984878369,0.142247510669,0.526315789474,0.284090909091,0.0,0.0,0.244897959184,0.6102877070620001,0.0,0.401069518717,0.0
1,0.0,0.0,0.0,0.0,0.0,0.0,0.0,0.740740740741,0.0,0.0,1.11111111111,0.0,0.0,0.0,0.0,0.0,0.0,0.0,0.0,0.0,0.0,0.0,0.0,0.8264462809919999,0.0,0.0,0.0,0.0,0.0,0.0,0.0,0.0,0.0,0.0
1,0.0,0.0,0.126262626263,0.0,0.20833333333299997,0.0,0.16542597187799998,0.111482720178,0.130208333333,0.42075736325400004,0.2331002331,0.0,0.0,0.0,0.0,0.153609831029,0.0,0.0,0.0,0.16129032258099998,0.230414746544,0.0,0.0,0.09765625,0.0,0.0,0.17857142857099997,0.0,0.13605442176899998,0.0657462195924,0.279569892473,0.0,0.0,0.0
1,0.339366515837,0.0974658869396,0.08417508417510002,0.10752688172000001,0.0945179584121,0.231481481481,0.0828157349896,0.0420168067227,0.211352657005,0.127877237852,0.10822510822499999,0.119047619048,0.0,0.0,0.09216589861749999,0.0805152979066,0.159489633174,0.21037868162700002,0.0816993464052,0.0966183574879,0.111482720178,0.12422360248400001,0.0,0.047258979206,0.0,0.0,0.0,0.395256916996,0.155279503106,0.224489795918,0.101703534198,0.0,0.28280542986400004,0.213675213675
1,0.2,0.37037037037,0.110741971207,0.0,0.0,0.0,0.0,0.3125,0.529100529101,0.0,0.6782945736429999,0.198412698413,0.0,0.0,0.357142857143,0.740740740741,0.0,0.0,0.0,0.0,0.0,0.0,0.0,0.0,0.0,0.0,0.33333333333299997,0.0,0.0,0.0,0.617283950617,0.0,0.3,0.380952380952
1,0.0,0.6993006993009999,0.31347962382399996,0.0,0.0,0.0,0.0,0.9375,0.37878787878799997,0.0,0.215517241379,0.0,0.0,0.0,0.0,0.854700854701,0.0,0.0,0.0,0.0,0.0,0.78125,0.0,1.38888888889,0.6993006993009999,0.0,0.0,1.28205128205,0.0,0.0,0.505050505051,0.0,0.0,0.0
1,0.03604902667630001,0.056555754548000006,0.045654282942399996,0.0352360817477,0.0240384615385,0.0471297954567,0.042229729729699995,0.0426413255361,0.019556714472,0.0395131974079,0.0368265993266,0.0573799435028,0.0,0.045687134502900004,0.009556574923549999,0.0196798740488,0.0408788962698,0.025278058645099997,0.0495589255625,0.0389812889813,0.050907071454999994,0.0325520833333,0.0,0.0710059171598,0.0,0.0,0.09220231822969999,0.0228832951945,0.06578947368419999,0.0461154513889,0.0196798740488,0.0,0.0560762637187,0.046436034362699996
1,0.357142857143,0.0,0.530303030303,0.0,0.35842293906800005,0.189035916824,0.3003003003,0.32175032175,0.0,0.0,0.3276003276,0.0,0.0,0.529100529101,0.0,0.48309178744,0.0,0.35885167464100004,0.23809523809500002,0.0,0.0,0.0,0.625,0.416233090531,0.0,0.0,0.0,0.701754385965,0.0,0.0,0.0,0.48309178744,0.23809523809500002,0.0
1,0.416666666667,0.18018018017999998,0.17857142857099997,0.0,0.0,0.146092037984,0.08771929824560001,0.0,0.0,0.164473684211,0.33333333333299997,0.05952380952380001,0.362976406534,0.219298245614,0.190476190476,0.213371266003,0.196078431373,0.24813895781599998,0.223214285714,0.0,0.06578947368419999,0.0,0.297619047619,0.0,0.09009009009010001,0.0,0.0,0.0,0.0,0.222222222222,0.175438596491,0.0,0.104166666667,0.0
1,0.12315270935999999,0.046620046619999994,0.0821018062397,0.20325203252000001,0.0,0.0,0.252312867956,0.0871080139373,0.20408163265299997,0.0923645320197,0.140173815531,0.1393728223,0.0,0.281954887218,0.032959789057400005,0.0,0.184615384615,0.0975609756098,0.22959183673500003,0.181488203267,0.08917954815700001,0.12836970475,0.23809523809500002,0.163265306122,0.046620046619999994,0.0,0.362976406534,0.0,0.0,0.0,0.106100795756,0.0,0.1539408867,0.07389162561580001
1,0.80971659919,0.0,0.8928571428569999,0.0,0.0,1.38888888889,0.49019607843099994,0.0,0.0,0.0,0.520833333333,0.0,0.0,0.0,0.0,0.49019607843099994,0.0,0.0,0.0,0.0,1.80995475113,0.0,0.0,0.0,0.0,0.0,0.0,0.0,0.0,0.0,0.0,0.0,0.404858299595,0.0
1,0.0,0.127931769723,0.135658914729,0.0,0.138888888889,0.0668300289597,0.0995024875622,0.121839780688,0.10335917312699999,0.13605442176899998,0.111940298507,0.034710170079800005,0.20833333333299997,0.191326530612,0.053304904051199996,0.132669983416,0.0549450549451,0.174367916303,0.047460844803,0.13071895424799998,0.21164021164000002,0.0466417910448,0.0,0.148148148148,0.0426439232409,0.0,0.280112044818,0.0620347394541,0.135869565217,0.0668300289597,0.0634920634921,0.213219616205,0.04859086491740001,0.110741971207
1,0.13071895424799998,0.098814229249,0.137362637363,0.20202020201999998,0.0,0.0,0.25974025974,0.0,0.0992063492063,0.20008003201299998,0.16317016317,0.09740259740260002,0.16339869281,0.346020761246,0.0713012477718,0.17746228926399998,0.068870523416,0.121212121212,0.10504201680700001,0.102040816327,0.045351473922899996,0.10695187165799999,0.0,0.15432098765399999,0.197628458498,0.0,0.33333333333299997,0.0,0.0,0.198347107438,0.139146567718,0.0,0.21786492374699998,0.23809523809500002
1,0.258064516129,0.137362637363,0.0240326844509,0.0,0.0,0.283446712018,0.0816993464052,0.0,0.140350877193,0.07407407407410001,0.120870265915,0.10319917440700001,0.25,0.25,0.0565610859729,0.176366843034,0.0,0.30303030303,0.105263157895,0.119474313023,0.0,0.0,0.0,0.12,0.137362637363,0.0,0.0,0.0,0.0,0.151384083045,0.07122507122510001,0.0,0.193548387097,0.05659309564230001
1,0.128205128205,0.0891265597148,0.0757575757576,0.0,0.0,0.0,0.123031496063,0.144230769231,0.0710227272727,0.0969109630527,0.1171875,0.09469696969699999,0.0,0.0961538461538,0.0,0.0771962328238,0.126262626263,0.117508813161,0.046620046619999994,0.14316392269099998,0.131233595801,0.0,0.0,0.1708984375,0.155971479501,0.0,0.151515151515,0.0,0.0,0.1220703125,0.09842519685039999,0.0,0.179487179487,0.0757575757576
1,0.0,2.38095238095,0.0,0.0,0.0,0.0,0.0,0.0,3.5294117647099994,0.0,0.0,1.6042780748700003,0.0,0.0,0.0,0.0,0.0,0.0,5.882352941180001,0.0,0.0,0.0,0.0,0.0,0.0,0.0,0.0,0.0,0.0,1.65289256198,0.0,0.0,0.0,0.0
1,0.37878787878799997,0.0,0.17094017094,0.213675213675,0.0,0.0,0.332225913621,0.0,0.80971659919,0.422832980973,0.31746031746,0.3663003663,0.0,0.0,0.0,0.46511627906999997,0.0,0.213675213675,0.0,0.0,0.193798449612,0.0,0.320512820513,0.277008310249,0.0,0.0,0.0,0.0,0.8928571428569999,0.0,0.30333670374099997,0.0,0.0,0.0
1,0.0154190116414,0.014148273910600001,0.0408452823699,0.0383582662064,0.021978021978,0.0519390581717,0.0464123271141,0.04446222933619999,0.041689827682,0.0442282176028,0.0438481101465,0.0473514092191,0.032967032967,0.0129282482224,0.04703115814230001,0.0500153893506,0.0,0.0175808720113,0.0490468560965,0.0,0.024142926122599998,0.01628001628,0.00505331244631,0.035714285714300006,0.014148273910600001,0.0683526999316,0.0,0.0,0.0475812846947,0.0475910528821,0.028296547821200002,0.0,0.0385475291034,0.07139542355339999
1,0.0277392510402,0.068870523416,0.034640282318300006,0.0560705741627,0.015943877551,0.055785123966899997,0.0461497890295,0.07233273056060001,0.045443278526,0.0744047619048,0.0507682935084,0.0640598575309,0.031887755102,0.0223214285714,0.06329113924049999,0.05208333333330001,0.0,0.0625,0.046269519953699996,0.0,0.0202265372168,0.029667721519,0.0193712105069,0.062473969179499995,0.09641873278239999,0.056546324488900006,0.048543689320400006,0.0,0.0,0.07610959782089999,0.06313131313130001,0.0363636363636,0.0138696255201,0.07468259895439999
1,0.24479804161600002,0.0,0.17313019390599999,0.0,0.0,0.127551020408,0.10395010395,0.377121307354,0.15479876160999997,0.0,0.177809388336,0.213371266003,0.0,0.0,0.1287001287,0.0,0.0,0.0724637681159,0.12239902080800001,0.0,0.303643724696,0.0,0.0,0.0,0.0,0.0,0.328947368421,0.212089077413,0.0,0.073046018992,0.0,0.0,0.18359853121199998,0.207756232687
1,0.0,0.0,0.0,0.0,0.0,0.0,0.0,0.657894736842,0.0,0.0,0.526315789474,0.47846889952200006,0.0,0.0,1.05263157895,0.0,0.0,0.0,0.0,0.0,0.0,0.0,0.0,0.0,0.0,0.0,0.0,0.0,0.0,0.554016620499,0.0,0.0,0.0,0.909090909091
1,0.0,0.266666666667,0.117647058824,0.0,0.555555555556,0.111111111111,0.234375,0.46875,0.0980392156863,0.09765625,0.2,0.44117647058799997,0.0,0.0,0.131578947368,0.0,0.0,0.428571428571,0.275735294118,0.0,0.37878787878799997,0.0,0.0,0.222222222222,0.0,0.0,0.0,0.0,0.0,0.125,0.25,0.0,0.0,0.17825311943
1,0.252525252525,0.0,0.282258064516,0.284090909091,0.0,0.0,0.21621621621599998,0.181818181818,0.0,0.24570024570000001,0.12903225806500002,0.1,0.0,0.0,0.32,0.20020020019999998,0.151515151515,0.262237762238,0.113636363636,0.2079002079,0.15015015015,0.0,0.3125,0.0,0.16835016835,0.0,0.0,0.0,0.0,0.16,0.24570024570000001,0.0,0.0,0.138888888889
1,0.163617432694,0.163246268657,0.112179487179,0.101214574899,0.0,0.0,0.0,0.0685871056241,0.046620046619999994,0.101194090265,0.0578703703704,0.02849002849,0.0,0.0,0.13468013468,0.102459016393,0.053304904051199996,0.07396449704139998,0.11396011396,0.447093889717,0.039502271380599994,0.0881834215168,0.0,0.0,0.0932835820896,0.0,0.0,0.0,0.0744047619048,0.137174211248,0.0734034744311,0.078125,0.11899449650499999,0.055607043558900004
1,0.110059432093,0.0343170899108,0.0598026512509,0.044296788482800005,0.0,0.135808057945,0.11392116655300001,0.0674650025299,0.0654735923178,0.0683526999316,0.11248593925799999,0.0328785138912,0.0,0.0447828034035,0.0854408749146,0.0746547219112,0.0,0.044296788482800005,0.0657570277823,0.050125313283199996,0.0892060660125,0.089565606807,0.07233273056060001,0.0297265160523,0.308853809197,0.060790273556199995,0.0,0.133928571429,0.0,0.0674650025299,0.16977928692699998,0.0,0.0880475456747,0.0858184938854
1,0.19672131147500002,0.19370460048399998,0.10582010582000001,0.196078431373,0.20833333333299997,0.229819017524,0.09497964721850001,0.07451564828610001,0.0744047619048,0.0978712992415,0.08333333333330001,0.15873015873,0.15625,0.10928961748600001,0.146627565982,0.227675183405,0.233236151603,0.0,0.0780640124902,0.0,0.11940298507500001,0.0909090909091,0.0,0.146484375,0.19370460048399998,0.0,0.0,0.185528756957,0.215053763441,0.140495867769,0.170575692964,0.154083204931,0.0983606557377,0.0952380952381
1,0.08503401360539999,0.0891265597148,0.121654501217,0.0594177064765,0.17857142857099997,0.0,0.108932461874,0.270061728395,0.0,0.0816993464052,0.0405515004055,0.102880658436,0.0,0.32552083333299997,0.0578703703704,0.17825311943,0.106564364876,0.147819660015,0.115740740741,0.280112044818,0.040016006402599995,0.0,0.0,0.0,0.0891265597148,0.0,0.145772594752,0.0706963591375,0.213068181818,0.274348422497,0.0865051903114,0.0,0.0637755102041,0.283446712018
1,0.0887311446318,0.0794912559618,0.0813008130081,0.0,0.173611111111,0.281141868512,0.16470588235300002,0.0720288115246,0.0,0.163265306122,0.127450980392,0.0573888091822,0.0,0.08503401360539999,0.0480192076831,0.0588235294118,0.05630630630630001,0.270562770563,0.149328023892,0.153846153846,0.20289855072500002,0.0490196078431,0.0,0.0434027777778,0.0,0.0,0.334448160535,0.252525252525,0.166666666667,0.13840830449799998,0.21621621621599998,0.0,0.0887311446318,0.03534817956880001
1,0.153846153846,0.121580547112,0.0726216412491,0.0,0.0,0.181077410593,0.08516074089839999,0.10822510822499999,0.0561167227834,0.10508617065999999,0.10822510822499999,0.08417508417510002,0.0,0.0,0.111957008509,0.13951866062100002,0.08928571428570001,0.0,0.09496676163339998,0.0,0.16393442622999999,0.08116883116880001,0.0,0.137741046832,0.182370820669,0.0,0.0,0.0,0.30487804878,0.11384719176899999,0.046838407494099996,0.0,0.0769230769231,0.185185185185
1,0.114379084967,0.0,0.0742115027829,0.0,0.0620347394541,0.15943877551,0.204613095238,0.175070028011,0.0987491770902,0.114889705882,0.17316017315999999,0.04859086491740001,0.12406947890799999,0.113122171946,0.14478764478800002,0.0558035714286,0.37037037037,0.0480769230769,0.0600240096038,0.0,0.104166666667,0.0457875457875,0.0,0.10405827263299999,0.0,0.0,0.0966183574879,0.0961538461538,0.0,0.04251700680269999,0.0,0.0,0.016339869280999997,0.0680272108844
1,0.0,0.0,0.320512820513,0.0,0.0,0.0,0.928792569659,0.0,0.0,0.0,0.226244343891,0.0,0.0,0.0,0.452488687783,0.0,0.0,0.595238095238,0.0,0.0,0.0,0.0,0.0,0.347222222222,0.0,0.0,0.0,0.0,0.0,0.0,0.37593984962399996,0.0,0.0,0.0
1,0.323275862069,0.126103404792,0.0677966101695,0.0,0.0,0.0,0.0503018108652,0.111607142857,0.0,0.0,0.0,0.07142857142860001,0.0,0.0,0.0,0.108342361863,0.19870839543,0.0769230769231,0.0625,0.0,0.048567265662900004,0.0,0.28571428571400004,0.0,0.126103404792,0.0,0.0,0.34965034965,0.0,0.255102040816,0.115446779035,0.0,0.10775862069,0.0
1,0.0977517106549,0.137174211248,0.110537951363,0.0,0.7352941176469999,0.0,0.115207373272,0.21645021644999998,0.0,0.0,0.18159806295400002,0.23291925465799998,0.0,0.0,0.0,0.0597371565114,0.231481481481,0.0621118012422,0.197628458498,0.12406947890799999,0.10405827263299999,0.420168067227,0.310559006211,0.78125,0.0,0.0,0.0,0.271739130435,0.0,0.0,0.119474313023,0.0,0.29325513196499997,0.280504908836
1,0.18091361374899997,0.07285974499089999,0.0608519269777,0.0,0.2,0.10749798441299999,0.08771929824560001,0.0261848651479,0.0,0.0,0.144478844169,0.120992135511,0.06666666666669999,0.0497512437811,0.033738191632900004,0.16393442622999999,0.13468013468,0.0968992248062,0.0772002058672,0.144927536232,0.05050505050509999,0.11695906432700001,0.0,0.16,0.07285974499089999,0.0,0.0,0.0,0.09009009009010001,0.215450907972,0.111111111111,0.0,0.045228403437400005,0.15673981191199998
1,0.09259259259260001,0.0,0.0431034482759,0.423728813559,0.0,0.09765625,0.127659574468,0.15,0.0,0.10638297872300001,0.103448275862,0.15,0.0,0.227272727273,0.1875,0.332446808511,0.0,0.0,0.0625,0.151975683891,0.394011032309,0.0,0.3125,0.0,0.078125,0.0,0.0,0.328407224959,0.174825174825,0.12,0.10638297872300001,0.0,0.0,0.185185185185
1,0.137268359643,0.0,0.10101010100999999,0.0,0.16722408026799998,0.262984878369,0.290275761974,0.10911074740900001,0.0966183574879,0.160578081092,0.03885003885,0.056980056980099995,0.0,0.163666121113,0.226244343891,0.19351717464899998,0.0,0.17006802721099998,0.0472813238771,0.145137880987,0.0608642726719,0.0986193293886,0.0,0.0945179584121,0.131492439185,0.0,0.0,0.0,0.192307692308,0.0,0.241896468312,0.0,0.137268359643,0.0
1,0.0384615384615,0.055886736214600004,0.07445008460239999,0.0723938223938,0.06925207756230001,0.012913223140499999,0.08250825082510001,0.0701121794872,0.0701754385965,0.08568164508760001,0.0846023688663,0.0416666666667,0.06925207756230001,0.025303643724700002,0.059865900383099996,0.0562556255626,0.052543085329999996,0.0764915859255,0.0512820512821,0.102424035507,0.049504950495,0.0548245614035,0.047619047619,0.0,0.0372578241431,0.0,0.0344827586207,0.04837929366230001,0.0,0.06510416666669999,0.0811556565493,0.0,0.115384615385,0.06666666666669999
1,0.0,0.0,0.116890707189,0.0,0.0,0.0,0.106837606838,0.26881720430100003,0.0,0.12406947890799999,0.141242937853,0.191570881226,0.0,0.0,0.282485875706,0.0,0.10141987829600001,0.0,0.0,0.240384615385,0.320512820513,0.0,0.0,0.0,0.181488203267,0.0,0.0,0.173010380623,0.0,0.15432098765399999,0.0,0.0,0.134408602151,0.287356321839
1,0.395256916996,0.350877192982,0.0,0.0,1.0101010101,0.0,0.292397660819,0.0,0.0,0.0,0.0,0.6191950464399999,0.0,0.0,0.15037593985,0.0,0.0,0.435729847495,0.0,0.0,0.0,0.0,0.0,0.617283950617,0.0,0.0,0.0,0.0,0.0,0.0,0.292397660819,0.0,0.197628458498,0.0
1,0.0639304436773,0.0162654521796,0.0378250591017,0.108873162765,0.0,0.142399430402,0.047415836889500004,0.111037086387,0.0,0.0912304709773,0.046783625731,0.0746547219112,0.0,0.115074798619,0.0370644922165,0.10198878123400001,0.0538793103448,0.08218856404839998,0.08079719903039999,0.0,0.05460005460009999,0.0797448165869,0.0,0.10749798441299999,0.04879635653869999,0.0,0.11655011655,0.0,0.08741258741260001,0.0,0.0776638707673,0.0,0.0639304436773,0.107457554266
1,0.0728862973761,0.281954887218,0.107334525939,0.0,0.0,0.0,0.0,0.16659725114499999,0.0516795865633,0.0658327847268,0.125588697017,0.189843379212,0.0,0.145772594752,0.07037297677689999,0.16977928692699998,0.115207373272,0.0,0.0,0.0,0.230414746544,0.291545189504,0.0,0.148148148148,0.37593984962399996,0.0,0.255102040816,0.0,0.357142857143,0.16659725114499999,0.345622119816,0.0,0.218658892128,0.0830564784053
1,0.0,0.420168067227,0.223214285714,1.25,0.0,0.510204081633,0.350877192982,0.328947368421,0.7518796992479999,0.0,0.164473684211,0.18796992481199998,0.0,0.0,0.0,0.0,0.0,0.0,0.8928571428569999,0.0,0.833333333333,0.0,0.0,0.0,0.0,0.0,0.0,0.0,0.0,0.484764542936,0.0,0.0,0.78125,0.0
1,0.103896103896,0.08778089887639999,0.0247954376395,0.0,0.159489633174,0.09765625,0.09018759018760002,0.0649350649351,0.04095004095,0.110192837466,0.09829619921360001,0.0723938223938,0.0797448165869,0.0,0.10302197802200001,0.06313131313130001,0.036245016310300006,0.0365497076023,0.09828009828010001,0.106326422116,0.05772005772009999,0.0,0.0,0.0229568411387,0.07022471910110001,0.111607142857,0.15037593985,0.0,0.0,0.0956632653061,0.0907955964136,0.0,0.103896103896,0.11583011582999998
1,0.0171585449554,0.047619047619,0.0395347385505,0.0301114122252,0.0355197726735,0.0525,0.0389273356401,0.042694497153699995,0.033999471119300004,0.011859582542700002,0.0377477194086,0.041199359121099996,0.0118399242245,0.0196695515342,0.031512605042,0.0404411764706,0.0496031746032,0.0520426749935,0.0376553282289,0.0,0.026074259491,0.007173601147779999,0.00949036727721,0.0659817136394,0.00793650793651,0.06504065040649999,0.0244558571778,0.0,0.060471679097,0.0795847750865,0.011671335200700001,0.0,0.0114390299703,0.0772690896045
1,0.181488203267,0.0,0.42105263157899997,0.0,0.534759358289,0.444444444444,0.0,0.287356321839,0.0,0.246305418719,0.33333333333299997,0.0,1.06951871658,0.626959247649,0.0,0.0,0.0,0.0,0.0,0.714285714286,0.37593984962399996,0.0,0.0,0.0,0.0,0.0,1.05263157895,0.0,0.0,0.0,0.0,0.0,0.181488203267,0.0
1,0.6072874493930001,0.39682539682499995,0.24509803921599999,0.980392156863,0.0,0.617283950617,0.0,0.147928994083,0.0,0.192307692308,0.226244343891,0.641025641026,0.37037037037,0.0,0.0,0.0,0.0,0.392156862745,0.320512820513,0.0,0.263157894737,0.0,0.0,0.888888888889,0.0,0.0,0.0,0.416666666667,0.0,0.147928994083,0.357142857143,0.0,0.6072874493930001,0.219298245614
1,0.8823529411759999,0.0,0.47846889952200006,0.0,0.33333333333299997,0.619834710744,0.0,0.0,0.0,0.0,0.45454545454499995,0.0,0.0,0.0,0.0,0.9740259740260001,0.0,0.0,0.0,0.0,0.420168067227,0.0,0.0,0.222222222222,0.0,0.0,0.0,0.33333333333299997,0.0,0.75,0.0,0.0,0.294117647059,0.30959752321999995
1,0.389863547758,0.185185185185,0.181488203267,0.17094017094,0.0,0.54012345679,0.0909090909091,0.16835016835,0.20283975659200001,0.148148148148,0.23923444976100003,0.07836990595610001,0.49019607843099994,1.23456790123,0.252525252525,0.0,0.0,0.0,0.255427841635,0.0,0.0,0.18939393939399998,0.459770114943,0.259515570934,0.0,0.37037037037,0.0,0.0,0.0,0.41322314049599995,0.0,0.0,0.0,0.0
1,0.0,0.0,0.367647058824,0.0,0.0,0.548696844993,0.357142857143,0.0,0.210084033613,0.0,0.23809523809500002,0.504201680672,0.0,0.0,0.0,0.0,0.0,0.0,0.326797385621,0.0,0.0,0.47619047618999993,0.0,0.510204081633,0.0,0.925925925926,0.0,0.0,0.0,0.40816326530599994,0.0,0.0,0.0,0.0
1,0.37878787878799997,0.520833333333,0.0,0.0,0.694444444444,0.0,0.0,1.11111111111,0.0,0.416666666667,0.0,0.0,0.0,0.0,0.0,0.625,0.555555555556,0.0,0.347222222222,0.0,0.45454545454499995,0.0,0.0,0.617283950617,0.0,0.0,0.0,0.606060606061,0.0,0.0,0.416666666667,0.0,0.7575757575759999,0.0
1,0.292397660819,0.0,0.190476190476,0.0,0.0,0.0,0.8928571428569999,0.0,0.0,0.328947368421,0.6122448979590001,0.0,0.0,0.0,0.510204081633,0.0,0.0,0.740740740741,0.0,0.0,0.0,0.0,0.0,0.0,0.0,0.0,0.0,0.0,0.0,0.510204081633,0.0,0.0,0.0,0.0
1,0.357142857143,0.0,0.157232704403,0.0,0.15625,0.35671819262800003,0.126262626263,0.12987012987,0.141509433962,0.0793650793651,0.09469696969699999,0.17152658662099998,0.0,0.17857142857099997,0.227272727273,0.191570881226,0.0,0.30487804878,0.0539083557951,0.925925925926,0.26041666666700003,0.142045454545,0.269541778976,0.3125,0.0,0.246305418719,0.0,0.0,0.297619047619,0.309917355372,0.0,0.0,0.17857142857099997,0.17688679245299999
1,0.30303030303,0.0,0.113122171946,0.740740740741,0.549450549451,0.555555555556,0.0680272108844,0.324675324675,0.147928994083,0.519480519481,0.210084033613,0.274725274725,0.0,0.0,0.21645021644999998,0.0952380952381,0.0,0.0,0.34965034965,0.0,0.380952380952,0.0,0.0,0.0,0.0,0.33333333333299997,0.0,0.0,0.0,0.453514739229,0.0,0.0,0.0,0.5128205128209999
1,0.185528756957,0.106326422116,0.213675213675,0.0,0.0,0.459136822773,0.161030595813,0.13309671694800002,0.0,0.0755857898715,0.09057971014489999,0.0,0.121212121212,0.0,0.12422360248400001,0.280583613917,0.0899685110211,0.23228803716600002,0.0,0.102880658436,0.0,0.08695652173910001,0.0,0.09182736455460001,0.159489633174,0.0,0.0,0.24420024420000003,0.114285714286,0.189035916824,0.0974658869396,0.0,0.185528756957,0.34965034965
1,0.297619047619,0.0,0.462962962963,0.252525252525,0.606060606061,0.0,0.0,1.25313283208,0.252525252525,0.0,0.146198830409,0.0,0.30303030303,0.0,0.0,0.0,0.0,0.0,0.0,0.0,0.0,0.0,0.0,0.20661157024799998,0.0,0.0,0.0,0.0,0.0,0.0,0.0,0.0,0.0,0.694444444444
1,0.263157894737,0.0,0.0,0.0,0.0,0.765306122449,0.20833333333299997,0.0,0.0,0.0,0.134408602151,0.416666666667,0.33333333333299997,0.0,0.18115942028999998,0.17857142857099997,0.0,0.40404040403999997,0.5,0.0,0.0,0.0,0.0,0.347222222222,0.0,0.0,0.0,0.0,0.444444444444,0.347222222222,0.0,0.0,0.526315789474,0.0
1,0.42735042735,0.0,0.267379679144,0.09569377990430002,0.0,0.0,0.0,0.360576923077,0.0,0.0,0.047348484848499996,0.183823529412,0.0,0.0,0.17857142857099997,0.692041522491,0.0,0.121212121212,0.16968325791900002,0.0,0.0,0.0,0.0,0.739644970414,0.0,0.30959752321999995,0.0,0.444444444444,0.0,0.390625,0.0,0.534759358289,0.320512820513,0.16339869281
1,0.42735042735,0.0,0.363636363636,0.37878787878799997,0.9404388714730001,0.346020761246,0.649350649351,0.34965034965,0.551724137931,0.549450549451,0.137741046832,0.0,0.626959247649,1.04895104895,0.0,0.560224089636,1.1904761904799999,0.0,0.153846153846,0.0,0.0,0.0,0.0,0.23781212841899999,0.49019607843099994,0.0,0.0,0.0,0.0,0.41322314049599995,0.0,0.0,0.641025641026,0.0
1,0.20833333333299997,0.0,0.0,0.0,0.0,0.390625,0.0,0.568181818182,0.231481481481,0.0,0.15673981191199998,0.505050505051,0.0,0.0,0.0,0.0,0.0,0.0,0.0,0.0,0.0,0.909090909091,0.0,0.78125,0.0,0.0,0.0,0.8928571428569999,0.0,0.41322314049599995,0.0,0.0,0.20833333333299997,0.555555555556
1,0.0,0.0,0.0,0.0,0.0,0.0,0.0,0.0,0.0,0.0,0.0,0.30959752321999995,0.0,0.0,0.608519269777,0.0,0.0,0.0,0.7894736842110001,0.0,0.0,0.0,0.0,0.0,0.0,0.0,0.0,0.0,0.0,0.346020761246,0.0,0.0,0.588235294118,0.0
1,0.130434782609,0.06988120195669999,0.15290519877699998,0.160256410256,0.1393728223,0.07119971520110001,0.040584415584400006,0.14285714285700002,0.13550135501399999,0.181818181818,0.14744429882,0.0330687830688,0.0,0.114285714286,0.0,0.08576329331049999,0.108932461874,0.144230769231,0.148148148148,0.0,0.148221343874,0.102040816327,0.0,0.178465199286,0.13976240391300002,0.157232704403,0.144927536232,0.14705882352900002,0.0,0.0956632653061,0.126262626263,0.0,0.130434782609,0.12077294686
1,0.0,0.168067226891,0.18292682926800002,0.0,0.0,0.0865051903114,0.0,0.215053763441,0.344827586207,0.0,0.23603461841099999,0.0806451612903,0.0,0.0,0.17921146953400002,0.367647058824,0.0985221674877,0.0,0.166666666667,0.0,0.0,0.0,0.0,0.23781212841899999,0.588235294118,0.0,0.0,0.0,0.0,0.312174817898,0.14285714285700002,0.0,0.0,0.0
1,0.166112956811,0.0561167227834,0.09218289085550001,0.0771604938272,0.0,0.09182736455460001,0.14592149423599998,0.12987012987,0.08116883116880001,0.0802568218299,0.0574646592346,0.10822510822499999,0.0,0.0649350649351,0.0763941940413,0.13619339462000002,0.034293552812099996,0.09057971014489999,0.14880952380999998,0.0,0.026130128037600002,0.05903187721369999,0.0,0.101197503795,0.0280583613917,0.0,0.0,0.0402576489533,0.17152658662099998,0.13493000506,0.0936329588015,0.40404040403999997,0.0664451827243,0.0968992248062
1,0.026881720430099995,0.0205465379084,0.03877171215880001,0.0553709856035,0.013758943313200002,0.0780437044745,0.0550660792952,0.051203277009699996,0.0547711781889,0.0568424044337,0.028801843318,0.0457875457875,0.0275178866263,0.0,0.0706214689266,0.049737103879500005,0.023161551824,0.058139534883699995,0.0206782464847,0.10310244634,0.0330396475771,0.0129399585921,0.0,0.056080756289099996,0.0102732689542,0.0,0.0,0.0,0.0823451910408,0.0744047619048,0.0420887230281,0.100806451613,0.040322580645199994,0.08413461538460001
1,0.117647058824,0.277161862528,0.130208333333,0.0,0.0,0.20661157024799998,0.0693000693001,0.15082956259400002,0.168918918919,0.317965023847,0.213675213675,0.0801282051282,0.0,0.0,0.0827129859388,0.12285012285000001,0.20325203252000001,0.09433962264149999,0.09191176470589998,0.168918918919,0.21621621621599998,0.0,0.3125,0.292184075968,0.221729490022,0.0,0.0,0.416666666667,0.0,0.0,0.0659195781147,0.0,0.235294117647,0.25
