,AA,AE,AG,AI,AK,AL,AS,AT,AV,DE,DK,DL,DS,DV,EA,ED,EE,EG,EK,EL,EQ,ER,ES,ET,EV,FL,FS,FV,GA,GE,GG,GL,GR,GS,GV,IE,II,IL,IS,IV,KE,KK,KL,KS,LA,LD,LE,LF,LG,LI,LK,LL,LN,LP,LQ,LR,LS,LT,LV,LY,NL,NS,PA,PL,PP,PS,QE,QL,QS,RA,RE,RL,RS,SA,SD,SE,SF,SG,SI,SK,SL,SN,SP,SQ,SR,SS,ST,SV,TA,TG,TK,TL,TS,TV,VA,VD,VE,VG,VI,VL,VR,VS,VV,class
0,0.00087184,0.0026155189999999997,0.001743679,0.0026155189999999997,0.003487358,0.012205754,0.0026155189999999997,0.00087184,0.003487358,0.005231037,0.001743679,0.006102877,0.005231037,0.003487358,0.006102877,0.001743679,0.005231037,0.001743679,0.006974716999999999,0.006102877,0.004359198,0.001743679,0.006102877,0.0026155189999999997,0.003487358,0.001743679,0.004359198,0.004359198,0.0026155189999999997,0.004359198,0.003487358,0.005231037,0.001743679,0.006974716999999999,0.005231037,0.003487358,0.001743679,0.0026155189999999997,0.003487358,0.003487358,0.005231037,0.005231037,0.004359198,0.003487358,0.005231037,0.0026155189999999997,0.004359198,0.001743679,0.006974716999999999,0.0026155189999999997,0.005231037,0.015693112,0.0026155189999999997,0.009590235,0.005231037,0.003487358,0.013949433,0.005231037,0.012205754,0.004359198,0.004359198,0.003487358,0.001743679,0.003487358,0.00087184,0.006102877,0.001743679,0.006102877,0.004359198,0.001743679,0.001743679,0.005231037,0.00087184,0.001743679,0.003487358,0.006102877,0.001743679,0.006102877,0.006102877,0.006102877,0.007846556,0.003487358,0.003487358,0.0026155189999999997,0.0026155189999999997,0.006102877,0.001743679,0.006974716999999999,0.00087184,0.0026155189999999997,0.003487358,0.0026155189999999997,0.0026155189999999997,0.004359198,0.005231037,0.0026155189999999997,0.005231037,0.004359198,0.003487358,0.009590235,0.005231037,0.001743679,0.007846556,1
1,0.0,0.0,0.007092199,0.010638298000000001,0.003546099,0.007092199,0.007092199,0.0,0.0,0.0,0.0,0.003546099,0.0,0.0,0.0,0.0,0.003546099,0.003546099,0.0,0.003546099,0.007092199,0.0,0.0,0.003546099,0.003546099,0.017730496000000002,0.003546099,0.003546099,0.003546099,0.0,0.010638298000000001,0.0,0.0,0.007092199,0.007092199,0.003546099,0.0,0.007092199,0.007092199,0.007092199,0.0,0.0,0.0,0.003546099,0.014184397,0.007092199,0.003546099,0.007092199,0.010638298000000001,0.010638298000000001,0.003546099,0.014184397,0.007092199,0.007092199,0.003546099,0.007092199,0.014184397,0.010638298000000001,0.010638298000000001,0.007092199,0.007092199,0.010638298000000001,0.003546099,0.010638298000000001,0.0,0.007092199,0.0,0.010638298000000001,0.003546099,0.0,0.0,0.0,0.0,0.0,0.003546099,0.007092199,0.017730496000000002,0.003546099,0.010638298000000001,0.003546099,0.024822695,0.003546099,0.0,0.0,0.0,0.007092199,0.0,0.0,0.010638298000000001,0.007092199,0.0,0.014184397,0.003546099,0.003546099,0.003546099,0.0,0.003546099,0.003546099,0.0,0.014184397,0.0,0.007092199,0.010638298000000001,1
2,0.006514658,0.003257329,0.003257329,0.001628664,0.001628664,0.006514658,0.006514658,0.001628664,0.006514658,0.0,0.0,0.008143322,0.004885993,0.003257329,0.004885993,0.003257329,0.004885993,0.001628664,0.001628664,0.008143322,0.004885993,0.006514658,0.009771987,0.0,0.0,0.003257329,0.006514658,0.004885993,0.0,0.001628664,0.001628664,0.001628664,0.006514658,0.003257329,0.0,0.004885993,0.001628664,0.003257329,0.001628664,0.001628664,0.004885993,0.004885993,0.0,0.008143322,0.006514658,0.004885993,0.008143322,0.006514658,0.006514658,0.011400651000000001,0.008143322,0.009771987,0.006514658,0.006514658,0.001628664,0.003257329,0.01465798,0.003257329,0.009771987,0.003257329,0.003257329,0.004885993,0.003257329,0.009771987,0.0,0.008143322,0.001628664,0.006514658,0.0,0.001628664,0.003257329,0.008143322,0.003257329,0.013029316,0.001628664,0.006514658,0.011400651000000001,0.003257329,0.003257329,0.001628664,0.013029316,0.003257329,0.003257329,0.001628664,0.004885993,0.01465798,0.009771987,0.001628664,0.001628664,0.0,0.0,0.008143322,0.003257329,0.0,0.004885993,0.009771987,0.0,0.001628664,0.001628664,0.003257329,0.003257329,0.001628664,0.001628664,1
3,0.006423983,0.002141328,0.004282655,0.00856531,0.006423983,0.002141328,0.010706638000000001,0.002141328,0.00856531,0.004282655,0.006423983,0.006423983,0.012847966,0.00856531,0.006423983,0.002141328,0.004282655,0.002141328,0.002141328,0.004282655,0.002141328,0.002141328,0.004282655,0.006423983,0.002141328,0.0,0.004282655,0.004282655,0.006423983,0.006423983,0.002141328,0.006423983,0.0,0.002141328,0.00856531,0.0,0.002141328,0.00856531,0.012847966,0.0,0.002141328,0.006423983,0.012847966,0.006423983,0.006423983,0.00856531,0.0,0.002141328,0.004282655,0.002141328,0.00856531,0.006423983,0.006423983,0.002141328,0.002141328,0.002141328,0.012847966,0.00856531,0.0,0.004282655,0.00856531,0.002141328,0.004282655,0.0,0.0,0.002141328,0.0,0.004282655,0.0,0.0,0.0,0.0,0.002141328,0.006423983,0.006423983,0.002141328,0.002141328,0.010706638000000001,0.012847966,0.006423983,0.002141328,0.006423983,0.002141328,0.002141328,0.002141328,0.006423983,0.017130621000000002,0.010706638000000001,0.006423983,0.004282655,0.004282655,0.004282655,0.006423983,0.010706638000000001,0.00856531,0.00856531,0.006423983,0.004282655,0.004282655,0.004282655,0.002141328,0.004282655,0.002141328,1
4,0.006514658,0.003257329,0.003257329,0.001628664,0.001628664,0.006514658,0.006514658,0.001628664,0.006514658,0.0,0.0,0.008143322,0.004885993,0.003257329,0.004885993,0.003257329,0.004885993,0.001628664,0.001628664,0.008143322,0.004885993,0.006514658,0.009771987,0.0,0.0,0.003257329,0.006514658,0.004885993,0.0,0.001628664,0.001628664,0.001628664,0.006514658,0.003257329,0.0,0.004885993,0.001628664,0.003257329,0.001628664,0.001628664,0.004885993,0.004885993,0.0,0.008143322,0.006514658,0.004885993,0.008143322,0.006514658,0.006514658,0.011400651000000001,0.008143322,0.009771987,0.006514658,0.006514658,0.001628664,0.003257329,0.01465798,0.003257329,0.009771987,0.003257329,0.003257329,0.004885993,0.003257329,0.009771987,0.0,0.008143322,0.001628664,0.006514658,0.0,0.001628664,0.003257329,0.008143322,0.003257329,0.013029316,0.001628664,0.006514658,0.011400651000000001,0.003257329,0.003257329,0.001628664,0.013029316,0.003257329,0.003257329,0.001628664,0.004885993,0.01465798,0.009771987,0.001628664,0.001628664,0.0,0.0,0.008143322,0.003257329,0.0,0.004885993,0.009771987,0.0,0.001628664,0.001628664,0.003257329,0.003257329,0.001628664,0.001628664,1
5,0.0035087720000000003,0.0,0.010526316,0.010526316,0.0035087720000000003,0.0070175440000000006,0.0035087720000000003,0.0070175440000000006,0.01754386,0.0,0.0,0.0035087720000000003,0.0,0.0035087720000000003,0.0070175440000000006,0.0,0.0,0.0035087720000000003,0.0,0.0035087720000000003,0.0,0.0035087720000000003,0.0,0.0035087720000000003,0.0,0.010526316,0.0,0.010526316,0.010526316,0.0,0.010526316,0.010526316,0.0035087720000000003,0.014035088000000001,0.010526316,0.0,0.0070175440000000006,0.0070175440000000006,0.0035087720000000003,0.0070175440000000006,0.0,0.0,0.0035087720000000003,0.0,0.010526316,0.0,0.01754386,0.0070175440000000006,0.0070175440000000006,0.0,0.0035087720000000003,0.0070175440000000006,0.0070175440000000006,0.014035088000000001,0.0035087720000000003,0.0035087720000000003,0.0035087720000000003,0.0070175440000000006,0.01754386,0.0070175440000000006,0.010526316,0.0,0.0035087720000000003,0.014035088000000001,0.0,0.0070175440000000006,0.0,0.0035087720000000003,0.0,0.0,0.0035087720000000003,0.0035087720000000003,0.0,0.0035087720000000003,0.0,0.0,0.0035087720000000003,0.0035087720000000003,0.0035087720000000003,0.0070175440000000006,0.0035087720000000003,0.0035087720000000003,0.0035087720000000003,0.0,0.0,0.0,0.0,0.0,0.0070175440000000006,0.0070175440000000006,0.0035087720000000003,0.0035087720000000003,0.0,0.0035087720000000003,0.010526316,0.0,0.0,0.010526316,0.0035087720000000003,0.014035088000000001,0.0,0.010526316,0.0,1
6,0.0,0.0,0.006622517,0.0,0.006622517,0.0,0.0,0.0,0.0,0.0,0.006622517,0.006622517,0.006622517,0.0,0.006622517,0.0,0.006622517,0.0,0.006622517,0.0,0.0,0.0,0.006622517,0.0,0.0,0.013245033,0.006622517,0.0,0.0,0.006622517,0.0,0.0,0.0,0.006622517,0.0,0.0,0.006622517,0.006622517,0.0,0.006622517,0.0,0.0,0.006622517,0.0,0.0,0.0,0.006622517,0.013245033,0.0,0.0,0.0,0.013245033,0.0,0.0,0.0,0.0,0.006622517,0.006622517,0.026490066,0.006622517,0.0,0.0,0.0,0.0,0.0,0.006622517,0.006622517,0.0,0.0,0.0,0.006622517,0.0,0.006622517,0.0,0.006622517,0.006622517,0.0,0.006622517,0.0,0.0,0.013245033,0.0,0.0,0.006622517,0.0,0.013245033,0.0,0.006622517,0.0,0.0,0.006622517,0.013245033,0.0,0.006622517,0.006622517,0.0,0.006622517,0.0,0.006622517,0.013245033,0.013245033,0.006622517,0.006622517,1
7,0.012903226,0.006451613,0.006451613,0.0,0.006451613,0.019354839,0.0,0.0,0.006451613,0.0,0.0,0.0,0.0,0.0,0.0,0.0,0.006451613,0.0,0.006451613,0.006451613,0.0,0.006451613,0.0,0.012903226,0.006451613,0.019354839,0.0,0.0,0.0,0.0,0.019354839,0.012903226,0.006451613,0.006451613,0.006451613,0.0,0.0,0.0,0.0,0.006451613,0.0,0.006451613,0.0,0.012903226,0.012903226,0.006451613,0.019354839,0.0,0.012903226,0.0,0.012903226,0.025806452,0.0,0.006451613,0.0,0.0,0.019354839,0.006451613,0.006451613,0.0,0.006451613,0.0,0.006451613,0.006451613,0.012903226,0.0,0.012903226,0.012903226,0.0,0.012903226,0.006451613,0.0,0.0,0.006451613,0.0,0.0,0.0,0.006451613,0.0,0.0,0.019354839,0.006451613,0.0,0.0,0.0,0.0,0.0,0.0,0.012903226,0.006451613,0.0,0.006451613,0.0,0.0,0.0,0.0,0.0,0.0,0.0,0.012903226,0.0,0.012903226,0.006451613,1
8,0.0,0.002557545,0.00511509,0.00511509,0.0,0.010230179,0.002557545,0.00511509,0.002557545,0.007672634,0.002557545,0.010230179,0.00511509,0.002557545,0.007672634,0.002557545,0.0,0.007672634,0.00511509,0.002557545,0.0,0.002557545,0.010230179,0.0,0.007672634,0.010230179,0.010230179,0.002557545,0.0,0.0,0.002557545,0.007672634,0.002557545,0.00511509,0.002557545,0.002557545,0.002557545,0.002557545,0.00511509,0.0,0.00511509,0.007672634,0.00511509,0.002557545,0.002557545,0.017902813,0.007672634,0.012787723999999999,0.010230179,0.00511509,0.015345269,0.012787723999999999,0.002557545,0.0,0.002557545,0.0,0.015345269,0.0,0.00511509,0.00511509,0.007672634,0.0,0.010230179,0.00511509,0.0,0.0,0.0,0.00511509,0.0,0.0,0.0,0.010230179,0.002557545,0.00511509,0.007672634,0.002557545,0.00511509,0.0,0.007672634,0.007672634,0.007672634,0.00511509,0.002557545,0.002557545,0.0,0.0,0.00511509,0.00511509,0.0,0.002557545,0.002557545,0.00511509,0.0,0.007672634,0.002557545,0.007672634,0.002557545,0.007672634,0.0,0.007672634,0.0,0.007672634,0.002557545,1
9,0.004098361,0.0,0.008196721,0.008196721,0.0,0.0,0.004098361,0.0,0.008196721,0.0,0.0,0.0,0.0,0.0,0.0,0.0,0.0,0.004098361,0.004098361,0.0,0.0,0.0,0.0,0.004098361,0.0,0.008196721,0.028688525,0.004098361,0.004098361,0.004098361,0.016393443,0.012295081999999999,0.004098361,0.0,0.0,0.0,0.020491803,0.008196721,0.016393443,0.016393443,0.0,0.0,0.012295081999999999,0.008196721,0.012295081999999999,0.0,0.004098361,0.008196721,0.008196721,0.016393443,0.004098361,0.008196721,0.0,0.008196721,0.008196721,0.004098361,0.008196721,0.008196721,0.0,0.004098361,0.004098361,0.0,0.0,0.004098361,0.004098361,0.004098361,0.0,0.004098361,0.004098361,0.0,0.004098361,0.0,0.0,0.004098361,0.0,0.0,0.004098361,0.004098361,0.016393443,0.012295081999999999,0.028688525,0.008196721,0.0,0.0,0.0,0.008196721,0.0,0.004098361,0.0,0.008196721,0.0,0.008196721,0.008196721,0.004098361,0.0,0.0,0.0,0.004098361,0.0,0.004098361,0.0,0.012295081999999999,0.004098361,1
10,0.0,0.0,0.007575758,0.007575758,0.022727273,0.007575758,0.0,0.007575758,0.0,0.007575758,0.0,0.007575758,0.0,0.0,0.0,0.0,0.0,0.007575758,0.007575758,0.007575758,0.0,0.007575758,0.007575758,0.0,0.0,0.007575758,0.007575758,0.007575758,0.0,0.007575758,0.0,0.0,0.0,0.0,0.0,0.0,0.0,0.015151515,0.007575758,0.007575758,0.0,0.0,0.0,0.015151515,0.0,0.007575758,0.007575758,0.007575758,0.0,0.007575758,0.0,0.015151515,0.007575758,0.007575758,0.007575758,0.0,0.015151515,0.007575758,0.0,0.007575758,0.0,0.0,0.0,0.007575758,0.007575758,0.0,0.007575758,0.007575758,0.007575758,0.0,0.0,0.007575758,0.007575758,0.0,0.007575758,0.0,0.007575758,0.0,0.015151515,0.0,0.0,0.0,0.0,0.015151515,0.007575758,0.0,0.007575758,0.007575758,0.007575758,0.0,0.0,0.0,0.0,0.0,0.007575758,0.0,0.007575758,0.0,0.0,0.007575758,0.0,0.0,0.0,1
11,0.038043478,0.010869565,0.005434783,0.0,0.010869565,0.005434783,0.005434783,0.010869565,0.005434783,0.005434783,0.0,0.0,0.0,0.0,0.010869565,0.005434783,0.0,0.0,0.0,0.02173913,0.0,0.010869565,0.005434783,0.010869565,0.0,0.0,0.0,0.016304348,0.005434783,0.005434783,0.005434783,0.010869565,0.0,0.0,0.0,0.010869565,0.005434783,0.0,0.0,0.005434783,0.0,0.005434783,0.010869565,0.0,0.010869565,0.0,0.016304348,0.005434783,0.016304348,0.0,0.005434783,0.02173913,0.005434783,0.0,0.0,0.005434783,0.005434783,0.0,0.010869565,0.005434783,0.0,0.005434783,0.0,0.0,0.0,0.005434783,0.0,0.0,0.005434783,0.02173913,0.005434783,0.010869565,0.005434783,0.005434783,0.0,0.010869565,0.005434783,0.005434783,0.0,0.0,0.005434783,0.0,0.0,0.005434783,0.0,0.0,0.005434783,0.0,0.005434783,0.005434783,0.005434783,0.010869565,0.005434783,0.010869565,0.010869565,0.005434783,0.0,0.0,0.0,0.02173913,0.0,0.005434783,0.010869565,1
12,0.003745318,0.0,0.0,0.0,0.0,0.007490637,0.011235955,0.0,0.007490637,0.007490637,0.003745318,0.0,0.0,0.0,0.007490637,0.007490637,0.0,0.003745318,0.0,0.003745318,0.003745318,0.003745318,0.003745318,0.003745318,0.003745318,0.018726592,0.003745318,0.003745318,0.0,0.0,0.02247191,0.0,0.003745318,0.007490637,0.007490637,0.003745318,0.003745318,0.018726592,0.011235955,0.003745318,0.003745318,0.0,0.003745318,0.0,0.02247191,0.011235955,0.003745318,0.011235955,0.007490637,0.007490637,0.0,0.014981273,0.011235955,0.003745318,0.0,0.0,0.02247191,0.007490637,0.014981273,0.003745318,0.011235955,0.0,0.0,0.02247191,0.003745318,0.0,0.0,0.0,0.0,0.0,0.0,0.0,0.003745318,0.0,0.0,0.0,0.011235955,0.007490637,0.0,0.003745318,0.02247191,0.003745318,0.003745318,0.0,0.0,0.0,0.011235955,0.003745318,0.007490637,0.003745318,0.0,0.011235955,0.003745318,0.0,0.0,0.0,0.003745318,0.003745318,0.014981273,0.011235955,0.007490637,0.007490637,0.007490637,1
13,0.008196721,0.0032786890000000004,0.0032786890000000004,0.004918033,0.001639344,0.006557377,0.0,0.0,0.006557377,0.004918033,0.0032786890000000004,0.008196721,0.01147541,0.006557377,0.0032786890000000004,0.006557377,0.008196721,0.001639344,0.006557377,0.006557377,0.0,0.001639344,0.001639344,0.004918033,0.001639344,0.0,0.0032786890000000004,0.001639344,0.004918033,0.004918033,0.008196721,0.006557377,0.0032786890000000004,0.013114754,0.004918033,0.008196721,0.0032786890000000004,0.0032786890000000004,0.0032786890000000004,0.001639344,0.004918033,0.0,0.0,0.0032786890000000004,0.006557377,0.004918033,0.0032786890000000004,0.001639344,0.014754098,0.0032786890000000004,0.004918033,0.013114754,0.004918033,0.004918033,0.006557377,0.006557377,0.0032786890000000004,0.0032786890000000004,0.0032786890000000004,0.0,0.0032786890000000004,0.0,0.0,0.001639344,0.0032786890000000004,0.008196721,0.0032786890000000004,0.001639344,0.001639344,0.001639344,0.001639344,0.001639344,0.0032786890000000004,0.001639344,0.006557377,0.001639344,0.001639344,0.009836066,0.0,0.004918033,0.008196721,0.0032786890000000004,0.004918033,0.004918033,0.001639344,0.01147541,0.001639344,0.001639344,0.001639344,0.0032786890000000004,0.004918033,0.0032786890000000004,0.0,0.0032786890000000004,0.001639344,0.004918033,0.001639344,0.0032786890000000004,0.001639344,0.008196721,0.0032786890000000004,0.001639344,0.001639344,0
14,0.012804097,0.005121639,0.010243278,0.00128041,0.00128041,0.005121639,0.006402049,0.0025608189999999998,0.006402049,0.005121639,0.00128041,0.0025608189999999998,0.0038412290000000003,0.0025608189999999998,0.0025608189999999998,0.0025608189999999998,0.005121639,0.0038412290000000003,0.0,0.0076824580000000005,0.0038412290000000003,0.00128041,0.005121639,0.0025608189999999998,0.005121639,0.0,0.00128041,0.0,0.010243278,0.005121639,0.008962868,0.016645326999999998,0.0025608189999999998,0.005121639,0.006402049,0.0,0.0,0.00128041,0.00128041,0.0025608189999999998,0.0038412290000000003,0.00128041,0.0025608189999999998,0.0025608189999999998,0.010243278,0.006402049,0.005121639,0.005121639,0.010243278,0.0,0.005121639,0.008962868,0.00128041,0.006402049,0.00128041,0.0025608189999999998,0.0025608189999999998,0.0025608189999999998,0.010243278,0.00128041,0.0025608189999999998,0.0025608189999999998,0.00128041,0.00128041,0.006402049,0.006402049,0.00128041,0.006402049,0.005121639,0.0025608189999999998,0.010243278,0.005121639,0.005121639,0.0038412290000000003,0.0076824580000000005,0.0,0.0,0.008962868,0.00128041,0.005121639,0.0076824580000000005,0.0038412290000000003,0.006402049,0.00128041,0.0,0.0038412290000000003,0.0025608189999999998,0.0076824580000000005,0.0025608189999999998,0.006402049,0.0,0.0076824580000000005,0.0038412290000000003,0.010243278,0.005121639,0.0076824580000000005,0.0,0.010243278,0.0038412290000000003,0.005121639,0.005121639,0.008962868,0.008962868,0
15,0.0,0.0,0.008928571,0.0,0.0,0.008928571,0.008928571,0.008928571,0.0,0.0,0.0,0.0,0.0,0.0,0.0,0.0,0.0,0.0,0.008928571,0.0,0.008928571,0.008928571,0.0,0.0,0.0,0.008928571,0.008928571,0.0,0.008928571,0.017857143,0.008928571,0.0,0.0,0.0,0.008928571,0.0,0.008928571,0.017857143,0.0,0.017857143,0.008928571,0.0,0.008928571,0.0,0.0,0.0,0.0,0.008928571,0.008928571,0.008928571,0.008928571,0.026785714,0.0,0.0,0.017857143,0.0,0.035714286,0.0,0.008928571,0.0,0.0,0.0,0.0,0.0,0.0,0.0,0.008928571,0.0,0.008928571,0.008928571,0.0,0.017857143,0.0,0.0,0.0,0.0,0.0,0.0,0.0,0.008928571,0.008928571,0.017857143,0.008928571,0.0,0.008928571,0.017857143,0.008928571,0.0,0.008928571,0.008928571,0.0,0.008928571,0.0,0.0,0.0,0.0,0.008928571,0.008928571,0.008928571,0.017857143,0.0,0.0,0.026785714,0
16,0.0037664779999999998,0.0018832389999999999,0.005649718000000001,0.007532957,0.0018832389999999999,0.005649718000000001,0.005649718000000001,0.0037664779999999998,0.011299435,0.0037664779999999998,0.0,0.0037664779999999998,0.0,0.0037664779999999998,0.0,0.0037664779999999998,0.0037664779999999998,0.0018832389999999999,0.0,0.0037664779999999998,0.0037664779999999998,0.0018832389999999999,0.007532957,0.0,0.0018832389999999999,0.015065913,0.005649718000000001,0.007532957,0.009416196,0.0037664779999999998,0.005649718000000001,0.007532957,0.0037664779999999998,0.0037664779999999998,0.0018832389999999999,0.0018832389999999999,0.005649718000000001,0.007532957,0.0037664779999999998,0.005649718000000001,0.0,0.0,0.0037664779999999998,0.005649718000000001,0.005649718000000001,0.0,0.007532957,0.013182673999999998,0.013182673999999998,0.009416196,0.0018832389999999999,0.016949153,0.0018832389999999999,0.005649718000000001,0.0018832389999999999,0.0,0.011299435,0.0018832389999999999,0.009416196,0.0037664779999999998,0.0037664779999999998,0.0018832389999999999,0.0018832389999999999,0.0018832389999999999,0.0,0.0018832389999999999,0.0018832389999999999,0.0018832389999999999,0.005649718000000001,0.0037664779999999998,0.0,0.0037664779999999998,0.0037664779999999998,0.007532957,0.0037664779999999998,0.005649718000000001,0.007532957,0.015065913,0.005649718000000001,0.0018832389999999999,0.011299435,0.0018832389999999999,0.0018832389999999999,0.0037664779999999998,0.0,0.005649718000000001,0.013182673999999998,0.0018832389999999999,0.007532957,0.0018832389999999999,0.0,0.007532957,0.005649718000000001,0.007532957,0.007532957,0.0,0.0018832389999999999,0.005649718000000001,0.0,0.005649718000000001,0.0037664779999999998,0.011299435,0.009416196,0
17,0.004366812,0.004366812,0.0,0.0,0.008733624,0.0,0.013100437,0.004366812,0.004366812,0.004366812,0.0,0.0,0.008733624,0.0,0.004366812,0.0,0.004366812,0.008733624,0.004366812,0.008733624,0.004366812,0.004366812,0.008733624,0.0,0.0,0.004366812,0.0,0.004366812,0.0,0.004366812,0.0,0.008733624,0.0,0.004366812,0.008733624,0.0,0.004366812,0.0,0.004366812,0.008733624,0.0,0.004366812,0.013100437,0.013100437,0.0,0.013100437,0.013100437,0.0,0.008733624,0.008733624,0.0,0.030567686,0.008733624,0.004366812,0.008733624,0.0,0.004366812,0.008733624,0.013100437,0.004366812,0.008733624,0.008733624,0.0,0.0,0.0,0.0,0.008733624,0.004366812,0.004366812,0.004366812,0.008733624,0.004366812,0.004366812,0.004366812,0.0,0.0,0.0,0.008733624,0.008733624,0.004366812,0.004366812,0.013100437,0.004366812,0.004366812,0.008733624,0.004366812,0.004366812,0.0,0.013100437,0.0,0.0,0.004366812,0.004366812,0.0,0.0,0.008733624,0.004366812,0.004366812,0.0,0.021834061000000002,0.008733624,0.0,0.004366812,0
18,0.002229299,0.002866242,0.002547771,0.004140127,0.002229299,0.00477707,0.00477707,0.0019108279999999998,0.0015923570000000002,0.0050955409999999994,0.004458599000000001,0.007961783,0.0054140130000000005,0.002866242,0.004140127,0.006050955,0.007006369,0.0019108279999999998,0.0050955409999999994,0.008598726,0.003184713,0.003503185,0.006687898,0.005732484,0.004458599000000001,0.004140127,0.003184713,0.0019108279999999998,0.001273885,0.004140127,0.002547771,0.00477707,0.0015923570000000002,0.003503185,0.002866242,0.00477707,0.004458599000000001,0.008280255,0.0063694269999999996,0.0050955409999999994,0.00477707,0.0063694269999999996,0.008598726,0.008598726,0.004458599000000001,0.005732484,0.007643311999999999,0.004140127,0.004140127,0.00955414,0.006687898,0.007643311999999999,0.006687898,0.0038216559999999997,0.004140127,0.0054140130000000005,0.012738853999999999,0.0050955409999999994,0.007006369,0.0019108279999999998,0.0054140130000000005,0.0063694269999999996,0.002547771,0.0054140130000000005,0.0015923570000000002,0.002547771,0.0019108279999999998,0.00477707,0.002866242,0.0015923570000000002,0.003503185,0.00477707,0.002547771,0.002866242,0.005732484,0.009235669,0.0054140130000000005,0.004140127,0.0073248409999999995,0.008280255,0.007643311999999999,0.008280255,0.004140127,0.003503185,0.002229299,0.009235669,0.00477707,0.002866242,0.001273885,0.0015923570000000002,0.0054140130000000005,0.005732484,0.0054140130000000005,0.002866242,0.0019108279999999998,0.002866242,0.003503185,0.002866242,0.004140127,0.0050955409999999994,0.0019108279999999998,0.0054140130000000005,0.002229299,0
19,0.009000000000000001,0.005,0.004,0.004,0.004,0.004,0.006999999999999999,0.002,0.009000000000000001,0.001,0.006,0.005,0.002,0.004,0.002,0.008,0.005,0.004,0.004,0.003,0.0,0.002,0.006999999999999999,0.004,0.006,0.005,0.006,0.0,0.006,0.005,0.005,0.006,0.003,0.006999999999999999,0.006,0.006999999999999999,0.005,0.011000000000000001,0.006,0.008,0.003,0.005,0.006999999999999999,0.005,0.004,0.006999999999999999,0.006999999999999999,0.003,0.009000000000000001,0.011000000000000001,0.006999999999999999,0.005,0.004,0.001,0.002,0.002,0.006999999999999999,0.008,0.006,0.002,0.004,0.001,0.002,0.002,0.001,0.003,0.0,0.003,0.003,0.0,0.004,0.002,0.0,0.003,0.002,0.005,0.004,0.005,0.009000000000000001,0.004,0.008,0.005,0.005,0.003,0.003,0.006999999999999999,0.003,0.009000000000000001,0.004,0.002,0.004,0.005,0.003,0.006999999999999999,0.003,0.002,0.005,0.008,0.005,0.006,0.0,0.008,0.011000000000000001,0
20,0.007656968,0.007656968,0.004594181,0.001531394,0.003062787,0.004594181,0.007656968,0.006125574,0.009188360999999999,0.009188360999999999,0.004594181,0.003062787,0.004594181,0.006125574,0.003062787,0.004594181,0.004594181,0.004594181,0.001531394,0.001531394,0.007656968,0.003062787,0.006125574,0.0,0.003062787,0.001531394,0.0,0.001531394,0.010719755,0.007656968,0.006125574,0.015313936,0.003062787,0.007656968,0.006125574,0.001531394,0.004594181,0.001531394,0.004594181,0.001531394,0.003062787,0.001531394,0.001531394,0.004594181,0.010719755,0.001531394,0.004594181,0.001531394,0.010719755,0.003062787,0.004594181,0.007656968,0.003062787,0.001531394,0.001531394,0.009188360999999999,0.006125574,0.004594181,0.007656968,0.001531394,0.001531394,0.0,0.006125574,0.006125574,0.003062787,0.004594181,0.007656968,0.0,0.0,0.003062787,0.001531394,0.004594181,0.003062787,0.006125574,0.0,0.006125574,0.0,0.007656968,0.003062787,0.003062787,0.004594181,0.004594181,0.006125574,0.001531394,0.0,0.0,0.007656968,0.004594181,0.004594181,0.007656968,0.001531394,0.004594181,0.007656968,0.003062787,0.010719755,0.006125574,0.001531394,0.007656968,0.004594181,0.006125574,0.007656968,0.001531394,0.001531394,0
21,0.007722008000000001,0.0038610040000000003,0.005791506,0.011583012,0.0038610040000000003,0.0038610040000000003,0.0019305020000000002,0.0,0.00965251,0.005791506,0.0,0.0038610040000000003,0.005791506,0.0019305020000000002,0.005791506,0.0038610040000000003,0.0038610040000000003,0.0019305020000000002,0.0019305020000000002,0.013513513999999999,0.0,0.0,0.007722008000000001,0.0019305020000000002,0.0038610040000000003,0.0038610040000000003,0.0019305020000000002,0.0019305020000000002,0.007722008000000001,0.005791506,0.0019305020000000002,0.005791506,0.0019305020000000002,0.00965251,0.0,0.0038610040000000003,0.0019305020000000002,0.0038610040000000003,0.013513513999999999,0.005791506,0.0038610040000000003,0.0,0.0,0.0038610040000000003,0.011583012,0.007722008000000001,0.007722008000000001,0.0038610040000000003,0.007722008000000001,0.0019305020000000002,0.0,0.019305019,0.005791506,0.005791506,0.007722008000000001,0.0019305020000000002,0.011583012,0.0038610040000000003,0.007722008000000001,0.0038610040000000003,0.0019305020000000002,0.0038610040000000003,0.0019305020000000002,0.0019305020000000002,0.0038610040000000003,0.0019305020000000002,0.0,0.0038610040000000003,0.0019305020000000002,0.0038610040000000003,0.0019305020000000002,0.005791506,0.0019305020000000002,0.005791506,0.0019305020000000002,0.00965251,0.0,0.007722008000000001,0.007722008000000001,0.0038610040000000003,0.00965251,0.007722008000000001,0.0019305020000000002,0.0019305020000000002,0.0019305020000000002,0.011583012,0.005791506,0.007722008000000001,0.0038610040000000003,0.0019305020000000002,0.0,0.005791506,0.005791506,0.0,0.0019305020000000002,0.0038610040000000003,0.0019305020000000002,0.0019305020000000002,0.0019305020000000002,0.0038610040000000003,0.0038610040000000003,0.005791506,0.0,0
22,0.005571031,0.005571031,0.0,0.002785515,0.011142061000000002,0.002785515,0.011142061000000002,0.002785515,0.005571031,0.008356546,0.013927577,0.005571031,0.013927577,0.0,0.002785515,0.002785515,0.005571031,0.016713092,0.011142061000000002,0.005571031,0.005571031,0.0,0.002785515,0.016713092,0.002785515,0.005571031,0.0,0.002785515,0.011142061000000002,0.002785515,0.013927577,0.0,0.002785515,0.005571031,0.0,0.0,0.0,0.002785515,0.0,0.0,0.005571031,0.008356546,0.0,0.008356546,0.008356546,0.002785515,0.0,0.0,0.0,0.0,0.002785515,0.005571031,0.005571031,0.0,0.0,0.005571031,0.013927577,0.005571031,0.005571031,0.005571031,0.0,0.002785515,0.002785515,0.0,0.002785515,0.011142061000000002,0.002785515,0.011142061000000002,0.002785515,0.008356546,0.002785515,0.0,0.005571031,0.005571031,0.008356546,0.016713092,0.002785515,0.0,0.0,0.005571031,0.008356546,0.002785515,0.013927577,0.005571031,0.005571031,0.025069637999999998,0.025069637999999998,0.002785515,0.002785515,0.005571031,0.011142061000000002,0.013927577,0.019498607,0.002785515,0.005571031,0.002785515,0.005571031,0.0,0.0,0.008356546,0.005571031,0.002785515,0.005571031,0
23,0.008363202,0.005973716,0.002389486,0.009557945,0.0035842290000000004,0.005973716,0.008363202,0.002389486,0.010752688,0.002389486,0.0035842290000000004,0.004778973,0.002389486,0.004778973,0.005973716,0.0035842290000000004,0.007168459,0.001194743,0.0035842290000000004,0.005973716,0.001194743,0.002389486,0.009557945,0.0,0.0035842290000000004,0.0035842290000000004,0.001194743,0.004778973,0.002389486,0.0,0.0,0.007168459,0.001194743,0.007168459,0.001194743,0.002389486,0.0,0.007168459,0.004778973,0.002389486,0.004778973,0.0035842290000000004,0.009557945,0.007168459,0.010752688,0.005973716,0.002389486,0.001194743,0.004778973,0.004778973,0.004778973,0.014336918,0.007168459,0.0035842290000000004,0.002389486,0.005973716,0.004778973,0.004778973,0.007168459,0.0035842290000000004,0.001194743,0.0035842290000000004,0.005973716,0.005973716,0.002389486,0.007168459,0.002389486,0.0035842290000000004,0.005973716,0.001194743,0.002389486,0.0035842290000000004,0.002389486,0.004778973,0.009557945,0.010752688,0.001194743,0.007168459,0.009557945,0.004778973,0.007168459,0.001194743,0.007168459,0.005973716,0.001194743,0.005973716,0.008363202,0.004778973,0.002389486,0.0,0.004778973,0.005973716,0.005973716,0.0035842290000000004,0.008363202,0.002389486,0.002389486,0.002389486,0.0035842290000000004,0.010752688,0.0,0.005973716,0.007168459,0
24,0.004716980999999999,0.002358491,0.002358491,0.004716980999999999,0.007075471999999999,0.007075471999999999,0.0,0.004716980999999999,0.009433961999999999,0.002358491,0.004716980999999999,0.0,0.007075471999999999,0.002358491,0.002358491,0.007075471999999999,0.009433961999999999,0.002358491,0.004716980999999999,0.011792453,0.002358491,0.007075471999999999,0.002358491,0.004716980999999999,0.002358491,0.0,0.009433961999999999,0.007075471999999999,0.002358491,0.009433961999999999,0.002358491,0.009433961999999999,0.004716980999999999,0.002358491,0.0,0.002358491,0.002358491,0.004716980999999999,0.002358491,0.011792453,0.011792453,0.014150943000000001,0.007075471999999999,0.004716980999999999,0.007075471999999999,0.004716980999999999,0.011792453,0.0,0.0,0.014150943000000001,0.007075471999999999,0.002358491,0.004716980999999999,0.004716980999999999,0.0,0.004716980999999999,0.007075471999999999,0.002358491,0.002358491,0.004716980999999999,0.011792453,0.002358491,0.004716980999999999,0.002358491,0.002358491,0.0,0.0,0.004716980999999999,0.002358491,0.002358491,0.0,0.004716980999999999,0.0,0.004716980999999999,0.0,0.009433961999999999,0.0,0.009433961999999999,0.0,0.004716980999999999,0.004716980999999999,0.009433961999999999,0.004716980999999999,0.002358491,0.002358491,0.002358491,0.002358491,0.007075471999999999,0.004716980999999999,0.0,0.002358491,0.002358491,0.007075471999999999,0.0,0.004716980999999999,0.002358491,0.004716980999999999,0.004716980999999999,0.007075471999999999,0.002358491,0.002358491,0.007075471999999999,0.009433961999999999,0
25,0.007494646999999999,0.003211991,0.003211991,0.006423983,0.003211991,0.006423983,0.006423983,0.007494646999999999,0.002141328,0.004282655,0.006423983,0.007494646999999999,0.011777302,0.004282655,0.003211991,0.007494646999999999,0.002141328,0.003211991,0.004282655,0.010706638000000001,0.003211991,0.003211991,0.0053533190000000005,0.002141328,0.003211991,0.003211991,0.004282655,0.001070664,0.007494646999999999,0.001070664,0.002141328,0.003211991,0.002141328,0.00856531,0.002141328,0.004282655,0.006423983,0.012847966,0.002141328,0.006423983,0.003211991,0.001070664,0.0053533190000000005,0.010706638000000001,0.014989293,0.00856531,0.0053533190000000005,0.006423983,0.00856531,0.00856531,0.0053533190000000005,0.007494646999999999,0.002141328,0.002141328,0.002141328,0.002141328,0.011777302,0.0053533190000000005,0.002141328,0.002141328,0.002141328,0.0,0.0,0.00856531,0.0053533190000000005,0.00856531,0.006423983,0.003211991,0.0053533190000000005,0.0,0.00856531,0.003211991,0.0053533190000000005,0.003211991,0.0053533190000000005,0.00856531,0.002141328,0.010706638000000001,0.007494646999999999,0.010706638000000001,0.009635974,0.006423983,0.006423983,0.007494646999999999,0.002141328,0.007494646999999999,0.004282655,0.007494646999999999,0.006423983,0.0,0.002141328,0.0053533190000000005,0.007494646999999999,0.002141328,0.006423983,0.0,0.003211991,0.002141328,0.001070664,0.010706638000000001,0.003211991,0.003211991,0.007494646999999999,0
26,0.0037807179999999998,0.007561437,0.0018903589999999999,0.0018903589999999999,0.011342155,0.009451796,0.009451796,0.005671078,0.005671078,0.007561437,0.0037807179999999998,0.013232513999999999,0.0018903589999999999,0.0037807179999999998,0.007561437,0.0,0.011342155,0.0,0.005671078,0.005671078,0.0037807179999999998,0.009451796,0.013232513999999999,0.0037807179999999998,0.0037807179999999998,0.005671078,0.0018903589999999999,0.0018903589999999999,0.0018903589999999999,0.005671078,0.0,0.0018903589999999999,0.0037807179999999998,0.0037807179999999998,0.0,0.0037807179999999998,0.007561437,0.0037807179999999998,0.0018903589999999999,0.0018903589999999999,0.005671078,0.009451796,0.005671078,0.0,0.0037807179999999998,0.015122873,0.009451796,0.007561437,0.005671078,0.009451796,0.0037807179999999998,0.013232513999999999,0.0018903589999999999,0.0018903589999999999,0.005671078,0.0018903589999999999,0.015122873,0.009451796,0.007561437,0.0037807179999999998,0.007561437,0.005671078,0.005671078,0.0018903589999999999,0.0018903589999999999,0.005671078,0.005671078,0.009451796,0.0018903589999999999,0.005671078,0.0018903589999999999,0.0037807179999999998,0.0037807179999999998,0.007561437,0.0037807179999999998,0.0037807179999999998,0.0037807179999999998,0.0,0.0,0.005671078,0.011342155,0.005671078,0.009451796,0.0037807179999999998,0.0037807179999999998,0.015122873,0.013232513999999999,0.009451796,0.007561437,0.0,0.0037807179999999998,0.013232513999999999,0.0018903589999999999,0.005671078,0.009451796,0.0037807179999999998,0.0,0.0018903589999999999,0.0018903589999999999,0.007561437,0.0,0.007561437,0.0,0
27,0.007763975,0.00310559,0.004658385,0.00310559,0.00310559,0.00310559,0.007763975,0.004658385,0.00621118,0.00310559,0.001552795,0.001552795,0.001552795,0.00310559,0.001552795,0.001552795,0.0,0.00621118,0.007763975,0.00310559,0.0,0.001552795,0.007763975,0.004658385,0.0,0.00621118,0.00310559,0.00310559,0.004658385,0.004658385,0.00621118,0.00621118,0.001552795,0.004658385,0.0,0.001552795,0.00310559,0.00621118,0.004658385,0.0,0.004658385,0.001552795,0.004658385,0.00310559,0.004658385,0.007763975,0.004658385,0.004658385,0.010869565,0.004658385,0.001552795,0.01552795,0.004658385,0.010869565,0.001552795,0.001552795,0.00621118,0.004658385,0.004658385,0.001552795,0.004658385,0.0,0.00310559,0.00621118,0.001552795,0.007763975,0.0,0.004658385,0.004658385,0.0,0.001552795,0.00310559,0.00621118,0.00310559,0.004658385,0.004658385,0.00621118,0.004658385,0.00310559,0.004658385,0.007763975,0.001552795,0.004658385,0.00931677,0.004658385,0.013975155,0.01242236,0.007763975,0.00310559,0.00310559,0.004658385,0.00621118,0.010869565,0.00931677,0.004658385,0.00621118,0.001552795,0.00310559,0.001552795,0.004658385,0.001552795,0.004658385,0.00310559,0
28,0.0,0.0,0.0,0.006578947,0.0,0.006578947,0.0,0.006578947,0.0,0.006578947,0.006578947,0.006578947,0.0,0.006578947,0.0,0.0,0.0,0.0,0.0,0.0,0.0,0.0,0.0,0.0,0.006578947,0.006578947,0.013157895,0.006578947,0.0,0.0,0.0,0.0,0.0,0.0,0.0,0.006578947,0.0,0.006578947,0.0,0.019736842,0.0,0.006578947,0.019736842,0.026315789,0.0,0.0,0.013157895,0.013157895,0.0,0.013157895,0.013157895,0.006578947,0.0,0.0,0.006578947,0.0,0.0,0.0,0.013157895,0.0,0.006578947,0.006578947,0.0,0.0,0.0,0.0,0.0,0.0,0.0,0.0,0.0,0.0,0.0,0.006578947,0.0,0.006578947,0.013157895,0.0,0.006578947,0.006578947,0.0,0.006578947,0.0,0.0,0.006578947,0.006578947,0.006578947,0.006578947,0.0,0.0,0.006578947,0.0,0.019736842,0.006578947,0.013157895,0.006578947,0.0,0.0,0.006578947,0.019736842,0.0,0.0,0.019736842,0
29,0.009433961999999999,0.0013477089999999999,0.0026954179999999998,0.0026954179999999998,0.0026954179999999998,0.010781671000000001,0.0053908359999999995,0.0053908359999999995,0.0026954179999999998,0.006738544,0.0013477089999999999,0.0026954179999999998,0.0026954179999999998,0.0040431270000000005,0.0026954179999999998,0.0053908359999999995,0.0040431270000000005,0.0013477089999999999,0.0040431270000000005,0.014824798,0.0026954179999999998,0.0040431270000000005,0.006738544,0.0,0.0040431270000000005,0.0040431270000000005,0.0,0.0013477089999999999,0.0013477089999999999,0.0013477089999999999,0.0013477089999999999,0.0026954179999999998,0.0026954179999999998,0.0026954179999999998,0.0013477089999999999,0.0040431270000000005,0.006738544,0.006738544,0.0053908359999999995,0.0026954179999999998,0.008086253,0.0040431270000000005,0.0040431270000000005,0.0013477089999999999,0.006738544,0.0053908359999999995,0.0040431270000000005,0.008086253,0.0,0.009433961999999999,0.0040431270000000005,0.010781671000000001,0.008086253,0.0053908359999999995,0.0053908359999999995,0.006738544,0.008086253,0.006738544,0.01212938,0.0040431270000000005,0.0040431270000000005,0.010781671000000001,0.0026954179999999998,0.0053908359999999995,0.0,0.0026954179999999998,0.0013477089999999999,0.008086253,0.0040431270000000005,0.0013477089999999999,0.0040431270000000005,0.008086253,0.0026954179999999998,0.006738544,0.0026954179999999998,0.0053908359999999995,0.0040431270000000005,0.0,0.0026954179999999998,0.0013477089999999999,0.006738544,0.008086253,0.0053908359999999995,0.0040431270000000005,0.0040431270000000005,0.009433961999999999,0.0,0.009433961999999999,0.0040431270000000005,0.0040431270000000005,0.0,0.0040431270000000005,0.0026954179999999998,0.0,0.0013477089999999999,0.0040431270000000005,0.006738544,0.006738544,0.008086253,0.0026954179999999998,0.0026954179999999998,0.0026954179999999998,0.008086253,0
30,0.008888889,0.006666666999999999,0.0044444440000000005,0.005555556,0.0022222220000000003,0.008888889,0.007777778000000001,0.003333333,0.0044444440000000005,0.0044444440000000005,0.003333333,0.0022222220000000003,0.006666666999999999,0.008888889,0.003333333,0.003333333,0.003333333,0.0044444440000000005,0.003333333,0.0011111110000000001,0.003333333,0.0011111110000000001,0.0044444440000000005,0.0,0.008888889,0.006666666999999999,0.0044444440000000005,0.0044444440000000005,0.0044444440000000005,0.0044444440000000005,0.005555556,0.005555556,0.0011111110000000001,0.0044444440000000005,0.011111111000000002,0.0044444440000000005,0.007777778000000001,0.011111111000000002,0.0044444440000000005,0.005555556,0.0022222220000000003,0.003333333,0.005555556,0.01,0.008888889,0.006666666999999999,0.003333333,0.0044444440000000005,0.007777778000000001,0.006666666999999999,0.005555556,0.007777778000000001,0.003333333,0.003333333,0.0022222220000000003,0.005555556,0.005555556,0.007777778000000001,0.008888889,0.003333333,0.006666666999999999,0.0022222220000000003,0.0044444440000000005,0.0011111110000000001,0.0,0.0044444440000000005,0.0011111110000000001,0.0022222220000000003,0.0044444440000000005,0.0011111110000000001,0.0,0.0044444440000000005,0.005555556,0.011111111000000002,0.006666666999999999,0.007777778000000001,0.003333333,0.007777778000000001,0.01,0.0022222220000000003,0.005555556,0.0022222220000000003,0.003333333,0.0044444440000000005,0.003333333,0.018888889,0.0022222220000000003,0.01,0.003333333,0.0022222220000000003,0.0011111110000000001,0.01,0.005555556,0.007777778000000001,0.0044444440000000005,0.0011111110000000001,0.0044444440000000005,0.0044444440000000005,0.007777778000000001,0.007777778000000001,0.0044444440000000005,0.013333333000000001,0.01,0
31,0.010088271999999999,0.005044135999999999,0.01261034,0.0025220679999999997,0.0025220679999999997,0.01261034,0.0012610339999999999,0.008827238000000001,0.007566204,0.00630517,0.003783102,0.0025220679999999997,0.005044135999999999,0.0012610339999999999,0.005044135999999999,0.0012610339999999999,0.007566204,0.005044135999999999,0.0025220679999999997,0.0025220679999999997,0.0025220679999999997,0.003783102,0.005044135999999999,0.005044135999999999,0.0025220679999999997,0.0012610339999999999,0.0025220679999999997,0.003783102,0.010088271999999999,0.005044135999999999,0.0025220679999999997,0.01261034,0.00630517,0.005044135999999999,0.005044135999999999,0.0012610339999999999,0.0012610339999999999,0.0025220679999999997,0.008827238000000001,0.0012610339999999999,0.0,0.0025220679999999997,0.0025220679999999997,0.005044135999999999,0.007566204,0.003783102,0.0025220679999999997,0.005044135999999999,0.0025220679999999997,0.0025220679999999997,0.005044135999999999,0.00630517,0.0025220679999999997,0.005044135999999999,0.003783102,0.005044135999999999,0.005044135999999999,0.005044135999999999,0.00630517,0.005044135999999999,0.0025220679999999997,0.0,0.007566204,0.0012610339999999999,0.010088271999999999,0.003783102,0.0025220679999999997,0.0025220679999999997,0.0025220679999999997,0.003783102,0.0025220679999999997,0.005044135999999999,0.00630517,0.003783102,0.005044135999999999,0.005044135999999999,0.003783102,0.00630517,0.0012610339999999999,0.0025220679999999997,0.005044135999999999,0.005044135999999999,0.0025220679999999997,0.00630517,0.003783102,0.0025220679999999997,0.003783102,0.005044135999999999,0.008827238000000001,0.007566204,0.0012610339999999999,0.007566204,0.00630517,0.0025220679999999997,0.00630517,0.00630517,0.003783102,0.008827238000000001,0.0,0.007566204,0.007566204,0.00630517,0.007566204,0
32,0.009259259,0.013888889,0.00462963,0.0,0.009259259,0.009259259,0.00462963,0.00462963,0.0,0.009259259,0.0,0.0,0.00462963,0.0,0.009259259,0.009259259,0.0,0.0,0.0,0.013888889,0.009259259,0.00462963,0.0,0.0,0.00462963,0.00462963,0.009259259,0.0,0.0,0.009259259,0.0,0.009259259,0.00462963,0.0,0.00462963,0.00462963,0.013888889,0.00462963,0.00462963,0.018518519,0.009259259,0.00462963,0.009259259,0.00462963,0.00462963,0.00462963,0.00462963,0.00462963,0.0,0.018518519,0.009259259,0.00462963,0.0,0.00462963,0.0,0.00462963,0.009259259,0.00462963,0.00462963,0.0,0.0,0.009259259,0.0,0.0,0.0,0.0,0.0,0.00462963,0.0,0.00462963,0.0,0.018518519,0.0,0.013888889,0.0,0.0,0.00462963,0.009259259,0.00462963,0.013888889,0.0,0.00462963,0.0,0.0,0.0,0.00462963,0.00462963,0.0,0.00462963,0.00462963,0.00462963,0.009259259,0.00462963,0.009259259,0.0,0.00462963,0.0,0.009259259,0.013888889,0.0,0.0,0.0,0.00462963,0
33,0.0020519839999999998,0.0020519839999999998,0.001367989,0.002735978,0.001367989,0.006155951,0.004103967,0.000683995,0.0020519839999999998,0.006839945,0.006155951,0.004787962,0.011627907,0.005471956,0.0020519839999999998,0.004787962,0.004103967,0.002735978,0.0034199729999999998,0.002735978,0.001367989,0.001367989,0.006155951,0.002735978,0.008891929,0.008207934,0.005471956,0.0020519839999999998,0.004103967,0.0020519839999999998,0.002735978,0.006839945,0.001367989,0.005471956,0.002735978,0.0020519839999999998,0.004103967,0.005471956,0.005471956,0.0034199729999999998,0.0020519839999999998,0.004787962,0.005471956,0.004787962,0.0020519839999999998,0.006839945,0.00752394,0.002735978,0.006839945,0.00752394,0.001367989,0.006155951,0.005471956,0.002735978,0.0034199729999999998,0.0,0.011627907,0.004787962,0.00752394,0.001367989,0.004103967,0.005471956,0.0020519839999999998,0.002735978,0.001367989,0.0034199729999999998,0.000683995,0.002735978,0.004103967,0.0,0.0020519839999999998,0.0020519839999999998,0.004103967,0.006839945,0.006839945,0.002735978,0.008891929,0.010259918,0.005471956,0.004103967,0.006155951,0.002735978,0.005471956,0.0020519839999999998,0.002735978,0.010943912,0.004103967,0.009575923,0.001367989,0.006155951,0.0020519839999999998,0.004103967,0.006839945,0.002735978,0.001367989,0.002735978,0.006155951,0.004103967,0.004103967,0.006155951,0.0020519839999999998,0.004787962,0.006155951,0
34,0.002244669,0.003367003,0.0,0.012345678999999998,0.001122334,0.006734006999999999,0.005611672,0.006734006999999999,0.0,0.002244669,0.002244669,0.004489338,0.008978676,0.002244669,0.002244669,0.001122334,0.002244669,0.003367003,0.002244669,0.004489338,0.001122334,0.003367003,0.003367003,0.002244669,0.003367003,0.002244669,0.001122334,0.002244669,0.0,0.001122334,0.0,0.005611672,0.0,0.004489338,0.001122334,0.003367003,0.006734006999999999,0.011223345,0.005611672,0.004489338,0.001122334,0.0,0.012345678999999998,0.007856341,0.006734006999999999,0.008978676,0.003367003,0.004489338,0.006734006999999999,0.008978676,0.005611672,0.014590348000000001,0.006734006999999999,0.006734006999999999,0.005611672,0.003367003,0.007856341,0.007856341,0.007856341,0.003367003,0.005611672,0.003367003,0.001122334,0.003367003,0.003367003,0.007856341,0.004489338,0.011223345,0.004489338,0.002244669,0.0,0.005611672,0.002244669,0.006734006999999999,0.006734006999999999,0.003367003,0.001122334,0.004489338,0.006734006999999999,0.003367003,0.007856341,0.007856341,0.006734006999999999,0.006734006999999999,0.005611672,0.007856341,0.002244669,0.004489338,0.004489338,0.001122334,0.003367003,0.005611672,0.006734006999999999,0.002244669,0.005611672,0.001122334,0.001122334,0.0,0.003367003,0.007856341,0.002244669,0.003367003,0.003367003,0
35,0.0007080480000000001,0.0014160960000000002,0.001888128,0.002124144,0.00118008,0.0028321929999999998,0.0028321929999999998,0.0014160960000000002,0.000944064,0.003068209,0.0047203209999999995,0.004012273,0.0059004009999999996,0.004956337,0.00118008,0.003068209,0.003068209,0.0014160960000000002,0.005664385,0.0037762570000000003,0.001652112,0.00236016,0.005664385,0.0028321929999999998,0.003540241,0.004956337,0.004956337,0.003304225,0.001888128,0.001652112,0.0028321929999999998,0.003068209,0.0014160960000000002,0.005192353,0.00118008,0.0037762570000000003,0.009440641999999999,0.009440641999999999,0.008260561999999999,0.004484305,0.006608449000000001,0.00778853,0.004248289000000001,0.006136417,0.001652112,0.0059004009999999996,0.004012273,0.004956337,0.002124144,0.008260561999999999,0.006608449000000001,0.007316498,0.004956337,0.005664385,0.006136417,0.0025961770000000003,0.006844465,0.005192353,0.003304225,0.004248289000000001,0.007316498,0.008496578000000001,0.001652112,0.0037762570000000003,0.004484305,0.004484305,0.0028321929999999998,0.003304225,0.004956337,0.00118008,0.001652112,0.002124144,0.0028321929999999998,0.003540241,0.006608449000000001,0.004484305,0.004484305,0.0037762570000000003,0.006844465,0.00778853,0.008260561999999999,0.010384706,0.004248289000000001,0.003540241,0.0028321929999999998,0.010856738000000001,0.005428369000000001,0.0025961770000000003,0.0007080480000000001,0.0028321929999999998,0.002124144,0.004248289000000001,0.004484305,0.003540241,0.00118008,0.00236016,0.00236016,0.0028321929999999998,0.0047203209999999995,0.004248289000000001,0.001652112,0.004012273,0.0014160960000000002,0
36,0.000650195,0.004551365,0.003250975,0.000650195,0.00260078,0.005851756,0.005851756,0.00390117,0.00260078,0.007152146,0.005851756,0.007152146,0.007152146,0.007152146,0.000650195,0.004551365,0.004551365,0.003250975,0.004551365,0.009102731,0.00130039,0.00260078,0.006501951,0.00130039,0.00390117,0.009102731,0.006501951,0.004551365,0.003250975,0.00390117,0.003250975,0.00520156,0.00260078,0.004551365,0.00520156,0.00520156,0.004551365,0.00260078,0.007152146,0.003250975,0.00260078,0.004551365,0.00390117,0.007152146,0.00520156,0.007152146,0.009752926,0.001950585,0.005851756,0.005851756,0.007152146,0.006501951,0.006501951,0.00260078,0.003250975,0.00260078,0.009102731,0.005851756,0.005851756,0.005851756,0.005851756,0.00520156,0.0,0.00260078,0.00260078,0.003250975,0.00130039,0.00260078,0.00260078,0.00390117,0.00260078,0.00390117,0.00260078,0.00390117,0.007152146,0.00520156,0.008452536,0.010403121,0.007802341,0.00390117,0.009752926,0.00260078,0.000650195,0.00260078,0.004551365,0.007152146,0.001950585,0.006501951,0.003250975,0.004551365,0.003250975,0.003250975,0.007152146,0.004551365,0.00260078,0.007152146,0.001950585,0.006501951,0.00390117,0.00520156,0.00260078,0.003250975,0.00520156,0
37,0.0,0.016835017,0.0,0.01010101,0.006734006999999999,0.013468013000000001,0.006734006999999999,0.0,0.003367003,0.006734006999999999,0.0,0.01010101,0.006734006999999999,0.0,0.013468013000000001,0.013468013000000001,0.01010101,0.0,0.003367003,0.016835017,0.003367003,0.003367003,0.003367003,0.0,0.003367003,0.01010101,0.0,0.0,0.0,0.003367003,0.0,0.006734006999999999,0.0,0.003367003,0.0,0.003367003,0.013468013000000001,0.003367003,0.006734006999999999,0.003367003,0.003367003,0.01010101,0.003367003,0.003367003,0.006734006999999999,0.006734006999999999,0.003367003,0.006734006999999999,0.003367003,0.016835017,0.003367003,0.01010101,0.006734006999999999,0.0,0.01010101,0.01010101,0.003367003,0.006734006999999999,0.006734006999999999,0.003367003,0.006734006999999999,0.003367003,0.0,0.0,0.0,0.0,0.003367003,0.01010101,0.0,0.006734006999999999,0.003367003,0.006734006999999999,0.01010101,0.0,0.0,0.01010101,0.0,0.0,0.006734006999999999,0.01010101,0.0,0.006734006999999999,0.003367003,0.006734006999999999,0.003367003,0.01010101,0.003367003,0.0,0.006734006999999999,0.0,0.003367003,0.0,0.003367003,0.006734006999999999,0.006734006999999999,0.006734006999999999,0.006734006999999999,0.006734006999999999,0.006734006999999999,0.003367003,0.0,0.003367003,0.003367003,0
38,0.001480385,0.00296077,0.006661731999999999,0.00592154,0.004441155,0.001480385,0.005181347,0.002220577,0.004441155,0.00592154,0.006661731999999999,0.009622502,0.00296077,0.002220577,0.004441155,0.005181347,0.007401925,0.0,0.00296077,0.007401925,0.003700962,0.00296077,0.004441155,0.004441155,0.002220577,0.004441155,0.004441155,0.002220577,0.002220577,0.003700962,0.00296077,0.005181347,0.003700962,0.004441155,0.00296077,0.002220577,0.005181347,0.007401925,0.003700962,0.005181347,0.00296077,0.00296077,0.008882309,0.004441155,0.008882309,0.006661731999999999,0.004441155,0.003700962,0.008882309,0.006661731999999999,0.002220577,0.008882309,0.005181347,0.00296077,0.004441155,0.000740192,0.004441155,0.006661731999999999,0.004441155,0.006661731999999999,0.004441155,0.006661731999999999,0.002220577,0.00296077,0.001480385,0.001480385,0.001480385,0.00296077,0.003700962,0.004441155,0.006661731999999999,0.005181347,0.003700962,0.005181347,0.00296077,0.00592154,0.004441155,0.00296077,0.005181347,0.000740192,0.007401925,0.006661731999999999,0.00296077,0.00296077,0.00296077,0.00592154,0.00296077,0.003700962,0.00296077,0.003700962,0.003700962,0.006661731999999999,0.001480385,0.004441155,0.002220577,0.001480385,0.003700962,0.00296077,0.004441155,0.00592154,0.001480385,0.004441155,0.001480385,0
39,0.0,0.0,0.004545455,0.0,0.0,0.0,0.0,0.0,0.0,0.018181818,0.004545455,0.004545455,0.009090909,0.0,0.0,0.013636364,0.013636364,0.013636364,0.004545455,0.004545455,0.018181818,0.009090909,0.0,0.004545455,0.009090909,0.0,0.0,0.004545455,0.0,0.004545455,0.0,0.004545455,0.0,0.0,0.009090909,0.004545455,0.013636364,0.009090909,0.0,0.009090909,0.009090909,0.004545455,0.0,0.0,0.013636364,0.009090909,0.004545455,0.009090909,0.004545455,0.004545455,0.004545455,0.009090909,0.004545455,0.0,0.0,0.009090909,0.0,0.0,0.009090909,0.004545455,0.004545455,0.004545455,0.0,0.0,0.0,0.0,0.004545455,0.018181818,0.0,0.004545455,0.013636364,0.0,0.004545455,0.004545455,0.0,0.0,0.004545455,0.0,0.0,0.0,0.0,0.004545455,0.0,0.004545455,0.0,0.0,0.009090909,0.0,0.0,0.0,0.0,0.018181818,0.009090909,0.0,0.004545455,0.004545455,0.004545455,0.004545455,0.009090909,0.013636364,0.004545455,0.0,0.004545455,0
40,0.007874016,0.004593176,0.00656168,0.00328084,0.002624672,0.00656168,0.001968504,0.004593176,0.005249344,0.003937008,0.007874016,0.003937008,0.005249344,0.00328084,0.004593176,0.005249344,0.00656168,0.00328084,0.005905512,0.007217848000000001,0.001968504,0.002624672,0.00328084,0.001968504,0.002624672,0.002624672,0.001968504,0.002624672,0.005249344,0.004593176,0.010498688,0.005249344,0.005249344,0.007217848000000001,0.008530184,0.00328084,0.001968504,0.001312336,0.001968504,0.003937008,0.00656168,0.009186352,0.00656168,0.003937008,0.007217848000000001,0.005905512,0.004593176,0.000656168,0.007217848000000001,0.001312336,0.004593176,0.005249344,0.00328084,0.004593176,0.001312336,0.00328084,0.001968504,0.005249344,0.003937008,0.000656168,0.002624672,0.002624672,0.001968504,0.00328084,0.001312336,0.001968504,0.0,0.004593176,0.000656168,0.003937008,0.001312336,0.00328084,0.005249344,0.003937008,0.002624672,0.003937008,0.005249344,0.007874016,0.005249344,0.004593176,0.00328084,0.000656168,0.002624672,0.001312336,0.00328084,0.003937008,0.001312336,0.003937008,0.002624672,0.007217848000000001,0.005249344,0.001312336,0.007217848000000001,0.002624672,0.005249344,0.00656168,0.002624672,0.005905512,0.001312336,0.00328084,0.000656168,0.00328084,0.004593176,0
41,0.005442176999999999,0.005442176999999999,0.001360544,0.006802720999999999,0.004081633,0.006802720999999999,0.001360544,0.005442176999999999,0.005442176999999999,0.002721088,0.004081633,0.006802720999999999,0.001360544,0.004081633,0.010884353999999999,0.005442176999999999,0.006802720999999999,0.005442176999999999,0.005442176999999999,0.006802720999999999,0.008163265,0.0,0.002721088,0.001360544,0.004081633,0.004081633,0.001360544,0.004081633,0.002721088,0.002721088,0.001360544,0.008163265,0.001360544,0.004081633,0.005442176999999999,0.002721088,0.002721088,0.004081633,0.0,0.002721088,0.0,0.001360544,0.006802720999999999,0.006802720999999999,0.008163265,0.008163265,0.012244898,0.004081633,0.008163265,0.004081633,0.005442176999999999,0.021768707,0.005442176999999999,0.005442176999999999,0.006802720999999999,0.006802720999999999,0.006802720999999999,0.002721088,0.005442176999999999,0.005442176999999999,0.0,0.006802720999999999,0.004081633,0.004081633,0.002721088,0.004081633,0.006802720999999999,0.005442176999999999,0.004081633,0.0,0.001360544,0.008163265,0.006802720999999999,0.002721088,0.005442176999999999,0.004081633,0.0,0.004081633,0.004081633,0.004081633,0.004081633,0.0,0.006802720999999999,0.002721088,0.002721088,0.006802720999999999,0.004081633,0.006802720999999999,0.002721088,0.001360544,0.0,0.00952381,0.001360544,0.008163265,0.00952381,0.0,0.002721088,0.004081633,0.001360544,0.020408163,0.004081633,0.0,0.008163265,0
42,0.026022305,0.014869888000000001,0.0037174720000000003,0.0,0.0,0.026022305,0.011152416,0.0037174720000000003,0.0037174720000000003,0.0,0.0,0.007434944000000001,0.007434944000000001,0.0037174720000000003,0.0037174720000000003,0.0,0.0,0.0,0.0,0.0037174720000000003,0.0,0.0037174720000000003,0.0,0.0037174720000000003,0.0037174720000000003,0.0037174720000000003,0.0037174720000000003,0.0037174720000000003,0.007434944000000001,0.0,0.0037174720000000003,0.0,0.0037174720000000003,0.011152416,0.0037174720000000003,0.0,0.0037174720000000003,0.0,0.007434944000000001,0.0,0.0,0.0,0.007434944000000001,0.0037174720000000003,0.029739777000000002,0.0037174720000000003,0.0,0.0037174720000000003,0.0037174720000000003,0.0,0.0,0.022304833,0.0,0.007434944000000001,0.0,0.007434944000000001,0.007434944000000001,0.0037174720000000003,0.011152416,0.0037174720000000003,0.0037174720000000003,0.0,0.014869888000000001,0.007434944000000001,0.011152416,0.0,0.0,0.011152416,0.0,0.026022305,0.0,0.007434944000000001,0.0037174720000000003,0.0037174720000000003,0.0037174720000000003,0.0037174720000000003,0.0037174720000000003,0.007434944000000001,0.0037174720000000003,0.0,0.0037174720000000003,0.0,0.0037174720000000003,0.0,0.007434944000000001,0.0037174720000000003,0.0,0.007434944000000001,0.0037174720000000003,0.007434944000000001,0.0,0.0037174720000000003,0.0037174720000000003,0.007434944000000001,0.0037174720000000003,0.0037174720000000003,0.0,0.007434944000000001,0.0,0.0,0.011152416,0.007434944000000001,0.0037174720000000003,0
43,0.010893246,0.002178649,0.008714597,0.0,0.002178649,0.010893246,0.006535948000000001,0.0,0.010893246,0.013071895,0.004357298,0.006535948000000001,0.0,0.004357298,0.004357298,0.008714597,0.013071895,0.006535948000000001,0.006535948000000001,0.008714597,0.004357298,0.008714597,0.002178649,0.004357298,0.008714597,0.0,0.0,0.0,0.010893246,0.002178649,0.013071895,0.008714597,0.004357298,0.006535948000000001,0.002178649,0.002178649,0.0,0.006535948000000001,0.0,0.002178649,0.006535948000000001,0.006535948000000001,0.006535948000000001,0.004357298,0.006535948000000001,0.008714597,0.013071895,0.004357298,0.004357298,0.010893246,0.008714597,0.010893246,0.004357298,0.0,0.006535948000000001,0.004357298,0.004357298,0.002178649,0.008714597,0.002178649,0.002178649,0.002178649,0.002178649,0.0,0.002178649,0.010893246,0.004357298,0.008714597,0.004357298,0.006535948000000001,0.008714597,0.006535948000000001,0.0,0.002178649,0.002178649,0.002178649,0.0,0.013071895,0.0,0.006535948000000001,0.002178649,0.002178649,0.004357298,0.004357298,0.0,0.004357298,0.0,0.006535948000000001,0.006535948000000001,0.0,0.004357298,0.002178649,0.002178649,0.002178649,0.004357298,0.006535948000000001,0.010893246,0.004357298,0.004357298,0.006535948000000001,0.010893246,0.004357298,0.002178649,0
44,0.0014970060000000002,0.002245509,0.002245509,0.003742515,0.003742515,0.005988024000000001,0.0029940120000000003,0.0007485030000000001,0.0007485030000000001,0.004491018,0.0029940120000000003,0.006736527,0.005988024000000001,0.004491018,0.0,0.002245509,0.0029940120000000003,0.002245509,0.003742515,0.009730539,0.002245509,0.0029940120000000003,0.003742515,0.004491018,0.004491018,0.003742515,0.003742515,0.004491018,0.002245509,0.002245509,0.0029940120000000003,0.002245509,0.003742515,0.008233533000000001,0.0014970060000000002,0.004491018,0.008233533000000001,0.011976048000000001,0.00748503,0.0029940120000000003,0.0007485030000000001,0.005239521,0.00748503,0.003742515,0.006736527,0.00748503,0.008233533000000001,0.005239521,0.006736527,0.009730539,0.006736527,0.011976048000000001,0.006736527,0.004491018,0.005239521,0.005988024000000001,0.009730539,0.006736527,0.011976048000000001,0.0014970060000000002,0.006736527,0.005988024000000001,0.002245509,0.004491018,0.005239521,0.005239521,0.002245509,0.005988024000000001,0.0014970060000000002,0.0014970060000000002,0.0029940120000000003,0.004491018,0.005239521,0.0029940120000000003,0.00748503,0.005988024000000001,0.003742515,0.0029940120000000003,0.011976048000000001,0.006736527,0.013473054,0.002245509,0.004491018,0.0014970060000000002,0.002245509,0.00748503,0.00748503,0.006736527,0.0029940120000000003,0.0014970060000000002,0.0029940120000000003,0.006736527,0.005988024000000001,0.005239521,0.0014970060000000002,0.003742515,0.004491018,0.0029940120000000003,0.002245509,0.005988024000000001,0.0029940120000000003,0.008982036,0.002245509,0
45,0.006329114,0.0,0.0,0.0,0.0,0.012658228,0.012658228,0.0,0.0,0.012658228,0.0,0.0,0.0,0.0,0.006329114,0.0,0.006329114,0.0,0.006329114,0.012658228,0.0,0.006329114,0.012658228,0.0,0.012658228,0.0,0.0,0.006329114,0.0,0.012658228,0.0,0.006329114,0.0,0.0,0.006329114,0.0,0.006329114,0.018987342,0.006329114,0.006329114,0.006329114,0.012658228,0.0,0.012658228,0.006329114,0.0,0.012658228,0.018987342,0.006329114,0.006329114,0.0,0.006329114,0.0,0.006329114,0.006329114,0.006329114,0.006329114,0.0,0.006329114,0.006329114,0.0,0.0,0.0,0.0,0.0,0.0,0.006329114,0.0,0.006329114,0.006329114,0.0,0.012658228,0.006329114,0.006329114,0.0,0.0,0.0,0.0,0.006329114,0.006329114,0.012658228,0.006329114,0.0,0.012658228,0.006329114,0.0,0.006329114,0.006329114,0.0,0.0,0.0,0.0,0.006329114,0.0,0.0,0.012658228,0.006329114,0.012658228,0.012658228,0.006329114,0.012658228,0.006329114,0.0,0
46,0.005928854,0.009881423,0.0,0.003952569,0.003952569,0.011857708,0.003952569,0.001976285,0.005928854,0.005928854,0.001976285,0.009881423,0.003952569,0.003952569,0.011857708,0.003952569,0.007905138,0.001976285,0.0,0.007905138,0.003952569,0.003952569,0.005928854,0.0,0.003952569,0.0,0.005928854,0.001976285,0.001976285,0.001976285,0.0,0.001976285,0.005928854,0.001976285,0.001976285,0.005928854,0.001976285,0.003952569,0.001976285,0.003952569,0.001976285,0.003952569,0.007905138,0.005928854,0.0,0.007905138,0.001976285,0.0,0.005928854,0.009881423,0.005928854,0.011857708,0.011857708,0.003952569,0.007905138,0.005928854,0.007905138,0.011857708,0.011857708,0.0,0.0,0.02173913,0.003952569,0.005928854,0.001976285,0.007905138,0.003952569,0.007905138,0.001976285,0.003952569,0.007905138,0.003952569,0.001976285,0.007905138,0.005928854,0.001976285,0.001976285,0.003952569,0.005928854,0.005928854,0.02173913,0.009881423,0.005928854,0.003952569,0.001976285,0.02173913,0.007905138,0.003952569,0.011857708,0.0,0.001976285,0.005928854,0.009881423,0.001976285,0.003952569,0.0,0.003952569,0.001976285,0.001976285,0.005928854,0.0,0.007905138,0.007905138,0
47,0.005928854,0.009881423,0.0,0.003952569,0.003952569,0.011857708,0.003952569,0.001976285,0.005928854,0.005928854,0.001976285,0.009881423,0.003952569,0.003952569,0.011857708,0.003952569,0.007905138,0.001976285,0.0,0.007905138,0.003952569,0.003952569,0.005928854,0.0,0.003952569,0.0,0.005928854,0.001976285,0.001976285,0.001976285,0.0,0.001976285,0.005928854,0.001976285,0.001976285,0.005928854,0.001976285,0.003952569,0.001976285,0.003952569,0.001976285,0.003952569,0.007905138,0.005928854,0.0,0.007905138,0.001976285,0.0,0.005928854,0.009881423,0.005928854,0.011857708,0.011857708,0.003952569,0.007905138,0.005928854,0.007905138,0.011857708,0.011857708,0.0,0.0,0.02173913,0.003952569,0.005928854,0.001976285,0.007905138,0.003952569,0.007905138,0.001976285,0.003952569,0.007905138,0.003952569,0.001976285,0.007905138,0.005928854,0.001976285,0.001976285,0.003952569,0.005928854,0.005928854,0.02173913,0.009881423,0.005928854,0.003952569,0.001976285,0.02173913,0.007905138,0.003952569,0.011857708,0.0,0.001976285,0.005928854,0.009881423,0.001976285,0.003952569,0.0,0.003952569,0.001976285,0.001976285,0.005928854,0.0,0.007905138,0.007905138,0
48,0.001330229,0.001995344,0.001330229,0.003658131,0.0033255740000000004,0.004323245999999999,0.00498836,0.0033255740000000004,0.0033255740000000004,0.00498836,0.0033255740000000004,0.006651147,0.0033255740000000004,0.003990688,0.003658131,0.003658131,0.003658131,0.0016627870000000002,0.004323245999999999,0.006651147,0.0033255740000000004,0.002327902,0.006651147,0.0033255740000000004,0.002993016,0.00631859,0.005320918000000001,0.003990688,0.000997672,0.002327902,0.0026604590000000004,0.003658131,0.000665115,0.003658131,0.0026604590000000004,0.005986033000000001,0.005653475,0.005986033000000001,0.007648819,0.003658131,0.0033255740000000004,0.004655803,0.006983705,0.004655803,0.003990688,0.007316262,0.006983705,0.006983705,0.001995344,0.008646491999999999,0.006983705,0.007981377,0.004655803,0.006651147,0.003658131,0.006983705,0.005653475,0.006983705,0.00631859,0.002993016,0.00631859,0.005653475,0.0026604590000000004,0.0026604590000000004,0.001330229,0.003658131,0.0026604590000000004,0.002327902,0.001995344,0.001995344,0.003990688,0.005320918000000001,0.003990688,0.0026604590000000004,0.004323245999999999,0.003658131,0.003990688,0.005653475,0.007981377,0.004655803,0.008646491999999999,0.005653475,0.004323245999999999,0.0016627870000000002,0.004655803,0.005986033000000001,0.004323245999999999,0.005320918000000001,0.0026604590000000004,0.001330229,0.001995344,0.006983705,0.006651147,0.003658131,0.0026604590000000004,0.006983705,0.0033255740000000004,0.0016627870000000002,0.003990688,0.00631859,0.0033255740000000004,0.005653475,0.002327902,0
49,0.006622517,0.0,0.0,0.0,0.0,0.006622517,0.0,0.006622517,0.0,0.013245033,0.013245033,0.0,0.006622517,0.0,0.0,0.0,0.0,0.0,0.013245033,0.0,0.0,0.0,0.0,0.0,0.006622517,0.006622517,0.0,0.006622517,0.0,0.0,0.0,0.0,0.0,0.0,0.0,0.0,0.006622517,0.013245033,0.013245033,0.013245033,0.0,0.026490066,0.006622517,0.013245033,0.0,0.0,0.006622517,0.0,0.0,0.01986755,0.0,0.013245033,0.006622517,0.0,0.0,0.006622517,0.0,0.006622517,0.006622517,0.0,0.0,0.0,0.0,0.0,0.0,0.0,0.006622517,0.0,0.006622517,0.0,0.0,0.006622517,0.006622517,0.0,0.0,0.0,0.006622517,0.0,0.0,0.0,0.006622517,0.013245033,0.006622517,0.0,0.0,0.006622517,0.006622517,0.013245033,0.0,0.0,0.0,0.006622517,0.006622517,0.0,0.0,0.0,0.006622517,0.0,0.013245033,0.006622517,0.0,0.0,0.0,0
50,0.0,0.0,0.0,0.00284495,0.001422475,0.007112376,0.007112376,0.001422475,0.0,0.007112376,0.0056898999999999995,0.0056898999999999995,0.0056898999999999995,0.009957325999999999,0.00284495,0.012802276000000001,0.008534851,0.007112376,0.011379801,0.001422475,0.0,0.0,0.008534851,0.004267425,0.00284495,0.001422475,0.00284495,0.001422475,0.001422475,0.004267425,0.004267425,0.00284495,0.00284495,0.007112376,0.001422475,0.008534851,0.007112376,0.007112376,0.0056898999999999995,0.00284495,0.007112376,0.008534851,0.001422475,0.0056898999999999995,0.0056898999999999995,0.004267425,0.007112376,0.00284495,0.007112376,0.007112376,0.004267425,0.0056898999999999995,0.00284495,0.008534851,0.00284495,0.00284495,0.0056898999999999995,0.001422475,0.00284495,0.004267425,0.00284495,0.0056898999999999995,0.001422475,0.001422475,0.00284495,0.008534851,0.001422475,0.0,0.00284495,0.004267425,0.0,0.004267425,0.004267425,0.001422475,0.001422475,0.012802276000000001,0.004267425,0.004267425,0.007112376,0.011379801,0.004267425,0.001422475,0.0056898999999999995,0.0056898999999999995,0.004267425,0.00284495,0.00284495,0.004267425,0.0,0.0056898999999999995,0.0,0.00284495,0.0056898999999999995,0.0,0.00284495,0.00284495,0.00284495,0.0,0.004267425,0.014224751,0.0,0.0,0.0,0
51,0.006514658,0.003257329,0.006514658,0.004885993,0.006514658,0.006514658,0.003257329,0.0,0.008143322,0.004885993,0.003257329,0.0,0.0,0.004885993,0.003257329,0.0,0.008143322,0.008143322,0.003257329,0.004885993,0.001628664,0.001628664,0.006514658,0.004885993,0.001628664,0.001628664,0.004885993,0.001628664,0.006514658,0.011400651000000001,0.006514658,0.006514658,0.001628664,0.008143322,0.006514658,0.001628664,0.008143322,0.004885993,0.008143322,0.003257329,0.004885993,0.0,0.001628664,0.001628664,0.006514658,0.006514658,0.003257329,0.0,0.004885993,0.001628664,0.003257329,0.011400651000000001,0.003257329,0.004885993,0.001628664,0.003257329,0.009771987,0.003257329,0.004885993,0.004885993,0.003257329,0.003257329,0.006514658,0.003257329,0.004885993,0.006514658,0.001628664,0.003257329,0.0,0.001628664,0.003257329,0.003257329,0.006514658,0.004885993,0.003257329,0.001628664,0.003257329,0.013029316,0.003257329,0.006514658,0.008143322,0.003257329,0.006514658,0.001628664,0.001628664,0.0,0.008143322,0.004885993,0.003257329,0.003257329,0.0,0.0,0.004885993,0.003257329,0.006514658,0.004885993,0.001628664,0.006514658,0.003257329,0.008143322,0.004885993,0.003257329,0.003257329,0
52,0.0,0.006726457,0.004484305,0.0022421520000000003,0.0022421520000000003,0.0022421520000000003,0.004484305,0.006726457,0.0,0.0022421520000000003,0.006726457,0.0022421520000000003,0.004484305,0.0022421520000000003,0.004484305,0.004484305,0.013452915,0.00896861,0.011210761999999999,0.006726457,0.015695067,0.004484305,0.004484305,0.00896861,0.004484305,0.0,0.0022421520000000003,0.004484305,0.0,0.004484305,0.0022421520000000003,0.0022421520000000003,0.0022421520000000003,0.00896861,0.004484305,0.0022421520000000003,0.0,0.0,0.0022421520000000003,0.0022421520000000003,0.011210761999999999,0.0022421520000000003,0.00896861,0.0022421520000000003,0.011210761999999999,0.004484305,0.013452915,0.0022421520000000003,0.006726457,0.0,0.004484305,0.022421525,0.004484305,0.004484305,0.006726457,0.004484305,0.004484305,0.006726457,0.0,0.0,0.00896861,0.0022421520000000003,0.0,0.0,0.0,0.0022421520000000003,0.013452915,0.011210761999999999,0.004484305,0.0022421520000000003,0.011210761999999999,0.0022421520000000003,0.0,0.0022421520000000003,0.0022421520000000003,0.0022421520000000003,0.0022421520000000003,0.0022421520000000003,0.004484305,0.00896861,0.0022421520000000003,0.004484305,0.004484305,0.00896861,0.004484305,0.0022421520000000003,0.004484305,0.0022421520000000003,0.0022421520000000003,0.0022421520000000003,0.00896861,0.013452915,0.006726457,0.0022421520000000003,0.0022421520000000003,0.0022421520000000003,0.00896861,0.0,0.0,0.006726457,0.0022421520000000003,0.0,0.0,0
53,0.006329114,0.0,0.0,0.0,0.0,0.0,0.012658228,0.0,0.0,0.0,0.0,0.006329114,0.0,0.006329114,0.0,0.0,0.0,0.0,0.0,0.006329114,0.0,0.0,0.006329114,0.0,0.006329114,0.0,0.006329114,0.006329114,0.0,0.0,0.0,0.0,0.0,0.0,0.006329114,0.006329114,0.0,0.018987342,0.006329114,0.0,0.012658228,0.03164557,0.006329114,0.006329114,0.0,0.0,0.006329114,0.006329114,0.0,0.018987342,0.0,0.025316456,0.006329114,0.006329114,0.0,0.0,0.006329114,0.006329114,0.006329114,0.012658228,0.0,0.0,0.0,0.006329114,0.0,0.0,0.0,0.0,0.0,0.006329114,0.0,0.0,0.006329114,0.0,0.0,0.0,0.0,0.0,0.0,0.006329114,0.006329114,0.012658228,0.0,0.0,0.0,0.0,0.006329114,0.006329114,0.0,0.0,0.0,0.0,0.0,0.012658228,0.0,0.0,0.0,0.0,0.018987342,0.012658228,0.0,0.0,0.0,0
54,0.004716980999999999,0.0,0.004716980999999999,0.004716980999999999,0.004716980999999999,0.014150943000000001,0.0,0.004716980999999999,0.004716980999999999,0.004716980999999999,0.004716980999999999,0.004716980999999999,0.0,0.0,0.014150943000000001,0.009433961999999999,0.0,0.0,0.004716980999999999,0.0,0.0,0.0,0.004716980999999999,0.0,0.004716980999999999,0.004716980999999999,0.018867925,0.0,0.0,0.004716980999999999,0.0,0.0,0.0,0.004716980999999999,0.004716980999999999,0.014150943000000001,0.004716980999999999,0.009433961999999999,0.004716980999999999,0.014150943000000001,0.0,0.0,0.009433961999999999,0.004716980999999999,0.0,0.0,0.0,0.004716980999999999,0.0,0.028301887,0.018867925,0.009433961999999999,0.004716980999999999,0.0,0.004716980999999999,0.004716980999999999,0.004716980999999999,0.0,0.004716980999999999,0.0,0.014150943000000001,0.0,0.0,0.004716980999999999,0.0,0.0,0.004716980999999999,0.009433961999999999,0.004716980999999999,0.0,0.009433961999999999,0.0,0.0,0.004716980999999999,0.0,0.0,0.0,0.004716980999999999,0.004716980999999999,0.009433961999999999,0.004716980999999999,0.014150943000000001,0.004716980999999999,0.004716980999999999,0.0,0.014150943000000001,0.004716980999999999,0.009433961999999999,0.0,0.004716980999999999,0.0,0.004716980999999999,0.0,0.0,0.004716980999999999,0.0,0.009433961999999999,0.004716980999999999,0.009433961999999999,0.004716980999999999,0.009433961999999999,0.004716980999999999,0.004716980999999999,0
55,0.0,0.0,0.0,0.004950495,0.0,0.004950495,0.004950495,0.0,0.014851485,0.00990099,0.0,0.004950495,0.004950495,0.014851485,0.004950495,0.00990099,0.01980198,0.0,0.0,0.004950495,0.0,0.0,0.0,0.004950495,0.014851485,0.0,0.0,0.0,0.0,0.0,0.004950495,0.004950495,0.0,0.0,0.00990099,0.014851485,0.00990099,0.0,0.004950495,0.004950495,0.004950495,0.014851485,0.0,0.004950495,0.0,0.0,0.00990099,0.0,0.004950495,0.004950495,0.0,0.0,0.0,0.0,0.0,0.004950495,0.014851485,0.004950495,0.004950495,0.004950495,0.0,0.0,0.0,0.0,0.0,0.004950495,0.0,0.0,0.0,0.0,0.0,0.0,0.0,0.0,0.0,0.0,0.004950495,0.004950495,0.004950495,0.00990099,0.004950495,0.004950495,0.0,0.0,0.0,0.004950495,0.0,0.004950495,0.00990099,0.0,0.00990099,0.004950495,0.0,0.004950495,0.014851485,0.024752475,0.014851485,0.004950495,0.004950495,0.004950495,0.0,0.00990099,0.004950495,0
56,0.002928258,0.010248901999999999,0.005856515,0.005856515,0.0,0.004392387,0.007320644,0.002928258,0.002928258,0.007320644,0.0,0.002928258,0.005856515,0.005856515,0.010248901999999999,0.002928258,0.004392387,0.010248901999999999,0.007320644,0.002928258,0.001464129,0.001464129,0.005856515,0.001464129,0.007320644,0.005856515,0.001464129,0.004392387,0.008784773000000001,0.010248901999999999,0.011713031,0.005856515,0.005856515,0.008784773000000001,0.002928258,0.005856515,0.001464129,0.001464129,0.002928258,0.001464129,0.004392387,0.002928258,0.004392387,0.001464129,0.008784773000000001,0.007320644,0.004392387,0.004392387,0.010248901999999999,0.004392387,0.002928258,0.001464129,0.0,0.004392387,0.002928258,0.004392387,0.005856515,0.0,0.004392387,0.004392387,0.001464129,0.002928258,0.002928258,0.002928258,0.002928258,0.004392387,0.001464129,0.001464129,0.001464129,0.002928258,0.004392387,0.002928258,0.004392387,0.007320644,0.002928258,0.005856515,0.0,0.007320644,0.002928258,0.001464129,0.007320644,0.001464129,0.004392387,0.004392387,0.002928258,0.007320644,0.007320644,0.005856515,0.005856515,0.001464129,0.0,0.004392387,0.004392387,0.004392387,0.0,0.002928258,0.002928258,0.004392387,0.0,0.014641288,0.002928258,0.001464129,0.004392387,0
57,0.0033244679999999997,0.0033244679999999997,0.0033244679999999997,0.001994681,0.004654255,0.003989362,0.0059840430000000005,0.002659574,0.0053191490000000004,0.006648935999999999,0.0053191490000000004,0.009973404,0.006648935999999999,0.003989362,0.001994681,0.003989362,0.002659574,0.0053191490000000004,0.0033244679999999997,0.006648935999999999,0.0033244679999999997,0.0033244679999999997,0.0059840430000000005,0.002659574,0.002659574,0.002659574,0.001994681,0.003989362,0.0059840430000000005,0.00731383,0.0033244679999999997,0.008643617,0.0033244679999999997,0.0053191490000000004,0.0053191490000000004,0.002659574,0.003989362,0.001329787,0.0033244679999999997,0.0053191490000000004,0.004654255,0.003989362,0.001994681,0.0059840430000000005,0.0033244679999999997,0.009973404,0.0053191490000000004,0.001994681,0.009973404,0.002659574,0.0053191490000000004,0.004654255,0.0033244679999999997,0.001994681,0.0033244679999999997,0.0033244679999999997,0.004654255,0.002659574,0.0053191490000000004,0.0053191490000000004,0.002659574,0.001994681,0.001994681,0.001329787,0.001994681,0.003989362,0.0,0.001994681,0.004654255,0.002659574,0.003989362,0.0053191490000000004,0.0053191490000000004,0.004654255,0.0053191490000000004,0.002659574,0.0059840430000000005,0.010638298000000001,0.002659574,0.0033244679999999997,0.009973404,0.0033244679999999997,0.003989362,0.003989362,0.003989362,0.003989362,0.001329787,0.002659574,0.001329787,0.0059840430000000005,0.000664894,0.0033244679999999997,0.0033244679999999997,0.0059840430000000005,0.003989362,0.006648935999999999,0.0059840430000000005,0.00731383,0.002659574,0.003989362,0.004654255,0.004654255,0.002659574,0
58,0.002528445,0.002528445,0.000632111,0.002528445,0.00505689,0.001896334,0.001896334,0.005689001,0.0031605559999999997,0.008217446,0.005689001,0.00505689,0.003792668,0.00505689,0.001896334,0.0031605559999999997,0.006321113000000001,0.004424779,0.001264223,0.004424779,0.001896334,0.003792668,0.00505689,0.001896334,0.004424779,0.00505689,0.003792668,0.003792668,0.003792668,0.00505689,0.005689001,0.006321113000000001,0.002528445,0.003792668,0.004424779,0.007585335,0.005689001,0.000632111,0.003792668,0.006953224,0.00505689,0.005689001,0.00505689,0.00505689,0.0031605559999999997,0.006953224,0.001896334,0.001264223,0.00505689,0.005689001,0.004424779,0.0031605559999999997,0.008217446,0.002528445,0.001896334,0.001264223,0.004424779,0.00505689,0.006321113000000001,0.0031605559999999997,0.007585335,0.0031605559999999997,0.001264223,0.0031605559999999997,0.001896334,0.0031605559999999997,0.0031605559999999997,0.001896334,0.0031605559999999997,0.001896334,0.001896334,0.001896334,0.0031605559999999997,0.0031605559999999997,0.002528445,0.005689001,0.003792668,0.008217446,0.005689001,0.006321113000000001,0.00505689,0.0031605559999999997,0.001264223,0.000632111,0.002528445,0.00505689,0.002528445,0.003792668,0.001264223,0.00505689,0.004424779,0.005689001,0.0031605559999999997,0.005689001,0.002528445,0.007585335,0.004424779,0.007585335,0.005689001,0.004424779,0.002528445,0.0031605559999999997,0.0031605559999999997,0
59,0.0,0.0034246579999999997,0.0034246579999999997,0.0034246579999999997,0.0,0.006849315,0.0,0.0034246579999999997,0.0034246579999999997,0.006849315,0.0,0.006849315,0.0034246579999999997,0.0,0.0034246579999999997,0.0,0.0034246579999999997,0.0034246579999999997,0.0,0.006849315,0.0,0.0,0.006849315,0.0,0.0,0.0034246579999999997,0.0034246579999999997,0.0,0.0,0.0,0.0034246579999999997,0.0,0.0,0.006849315,0.006849315,0.006849315,0.0,0.006849315,0.010273973,0.0034246579999999997,0.0,0.0,0.0034246579999999997,0.006849315,0.006849315,0.0,0.0,0.0034246579999999997,0.006849315,0.023972603,0.0,0.010273973,0.006849315,0.006849315,0.0,0.0034246579999999997,0.01369863,0.010273973,0.006849315,0.0,0.0034246579999999997,0.0,0.0,0.0034246579999999997,0.0034246579999999997,0.0,0.0034246579999999997,0.0034246579999999997,0.0,0.0,0.0,0.010273973,0.0034246579999999997,0.0034246579999999997,0.0034246579999999997,0.0,0.006849315,0.0,0.010273973,0.0034246579999999997,0.0034246579999999997,0.006849315,0.006849315,0.0,0.01369863,0.01369863,0.0,0.0,0.0,0.006849315,0.0,0.0,0.0,0.010273973,0.0034246579999999997,0.01369863,0.0,0.0,0.0,0.01369863,0.0034246579999999997,0.0034246579999999997,0.01369863,0
60,0.00620155,0.00620155,0.004651163,0.009302326,0.001550388,0.003100775,0.00620155,0.003100775,0.003100775,0.001550388,0.001550388,0.00620155,0.007751938000000001,0.003100775,0.007751938000000001,0.003100775,0.003100775,0.00620155,0.004651163,0.004651163,0.004651163,0.0,0.004651163,0.001550388,0.00620155,0.003100775,0.001550388,0.003100775,0.00620155,0.009302326,0.012403101000000001,0.009302326,0.001550388,0.009302326,0.00620155,0.004651163,0.001550388,0.001550388,0.004651163,0.0,0.003100775,0.004651163,0.004651163,0.00620155,0.00620155,0.001550388,0.00620155,0.001550388,0.00620155,0.00620155,0.00620155,0.007751938000000001,0.004651163,0.004651163,0.0,0.001550388,0.003100775,0.00620155,0.001550388,0.003100775,0.004651163,0.00620155,0.003100775,0.003100775,0.003100775,0.007751938000000001,0.004651163,0.001550388,0.004651163,0.00620155,0.00620155,0.003100775,0.004651163,0.012403101000000001,0.007751938000000001,0.0,0.001550388,0.007751938000000001,0.004651163,0.0,0.004651163,0.003100775,0.003100775,0.010852713,0.001550388,0.003100775,0.004651163,0.001550388,0.00620155,0.009302326,0.0,0.004651163,0.001550388,0.001550388,0.00620155,0.004651163,0.001550388,0.004651163,0.003100775,0.004651163,0.001550388,0.001550388,0.004651163,0
61,0.00148412,0.00148412,0.001187296,0.0032650640000000002,0.002671416,0.00445236,0.0038587120000000003,0.002671416,0.002671416,0.003561888,0.0077174240000000005,0.004749184,0.00593648,0.001780944,0.002077768,0.003561888,0.005046008,0.000593648,0.00296824,0.005342832,0.003561888,0.001187296,0.006233304,0.00296824,0.002077768,0.006233304,0.005639656,0.00296824,0.002374592,0.002671416,0.003561888,0.00445236,0.001187296,0.006826952,0.002077768,0.0038587120000000003,0.008014248,0.008607896,0.0074206,0.0038587120000000003,0.006826952,0.008014248,0.008014248,0.009498366999999999,0.002671416,0.005639656,0.0077174240000000005,0.002374592,0.00296824,0.006233304,0.00593648,0.010388839,0.009498366999999999,0.006233304,0.00593648,0.0032650640000000002,0.005639656,0.0065301280000000005,0.009201543000000001,0.002374592,0.008014248,0.00890472,0.00148412,0.004749184,0.001780944,0.006233304,0.003561888,0.003561888,0.005342832,0.001187296,0.00148412,0.00296824,0.0032650640000000002,0.00296824,0.005639656,0.00593648,0.006826952,0.005046008,0.008311072,0.010092015,0.006826952,0.007123776,0.0038587120000000003,0.007123776,0.002077768,0.012763431,0.00593648,0.005342832,0.002374592,0.003561888,0.005046008,0.005342832,0.006233304,0.005342832,0.002671416,0.003561888,0.002374592,0.002374592,0.0038587120000000003,0.005342832,0.002077768,0.005046008,0.004749184,0
62,0.0027548209999999997,0.004132231,0.0027548209999999997,0.004132231,0.0027548209999999997,0.006198347,0.004820937,0.0027548209999999997,0.006887051999999999,0.004132231,0.00137741,0.004820937,0.011019283999999999,0.004132231,0.004820937,0.0055096419999999995,0.0027548209999999997,0.004132231,0.0027548209999999997,0.008953168000000001,0.0020661160000000002,0.0034435259999999997,0.004820937,0.004820937,0.004132231,0.0027548209999999997,0.0034435259999999997,0.000688705,0.0034435259999999997,0.0034435259999999997,0.00137741,0.004820937,0.0027548209999999997,0.0027548209999999997,0.006887051999999999,0.004820937,0.0027548209999999997,0.004132231,0.006198347,0.0055096419999999995,0.004132231,0.000688705,0.0055096419999999995,0.006198347,0.004132231,0.008953168000000001,0.007575758,0.0027548209999999997,0.004132231,0.006198347,0.0055096419999999995,0.0055096419999999995,0.004132231,0.004132231,0.00137741,0.006198347,0.009641873,0.004820937,0.009641873,0.00137741,0.006198347,0.0034435259999999997,0.00137741,0.0027548209999999997,0.00137741,0.006198347,0.00137741,0.00137741,0.0027548209999999997,0.0027548209999999997,0.0020661160000000002,0.006198347,0.004132231,0.008264463,0.004820937,0.0055096419999999995,0.0020661160000000002,0.013085399,0.0055096419999999995,0.0034435259999999997,0.012396694,0.0034435259999999997,0.0034435259999999997,0.0020661160000000002,0.0034435259999999997,0.007575758,0.004820937,0.004820937,0.0034435259999999997,0.004132231,0.004820937,0.004820937,0.008264463,0.0034435259999999997,0.004820937,0.004820937,0.006887051999999999,0.004132231,0.0027548209999999997,0.006198347,0.0020661160000000002,0.007575758,0.006887051999999999,0
63,0.00137741,0.0027548209999999997,0.0,0.009641873,0.004132231,0.0,0.00137741,0.0,0.00137741,0.020661157,0.006887051999999999,0.008264463,0.011019283999999999,0.004132231,0.0027548209999999997,0.017906336000000002,0.015151515,0.009641873,0.0027548209999999997,0.0027548209999999997,0.0027548209999999997,0.0,0.004132231,0.004132231,0.004132231,0.004132231,0.00137741,0.00137741,0.0027548209999999997,0.0055096419999999995,0.0027548209999999997,0.009641873,0.0,0.009641873,0.0027548209999999997,0.004132231,0.0027548209999999997,0.008264463,0.0027548209999999997,0.004132231,0.006887051999999999,0.015151515,0.004132231,0.0055096419999999995,0.0055096419999999995,0.004132231,0.004132231,0.004132231,0.008264463,0.004132231,0.008264463,0.006887051999999999,0.0055096419999999995,0.004132231,0.0027548209999999997,0.004132231,0.0027548209999999997,0.0055096419999999995,0.006887051999999999,0.0027548209999999997,0.0,0.004132231,0.0027548209999999997,0.004132231,0.0,0.0027548209999999997,0.004132231,0.0,0.0,0.0,0.00137741,0.006887051999999999,0.004132231,0.006887051999999999,0.004132231,0.008264463,0.00137741,0.006887051999999999,0.004132231,0.004132231,0.004132231,0.0055096419999999995,0.00137741,0.00137741,0.00137741,0.009641873,0.00137741,0.0,0.0,0.0027548209999999997,0.0027548209999999997,0.00137741,0.00137741,0.00137741,0.0,0.011019283999999999,0.00137741,0.004132231,0.0027548209999999997,0.0055096419999999995,0.00137741,0.0027548209999999997,0.00137741,0
