FI,SF,NT,PT,EL,MY,SI,IL,AE,RA,EE,LE,FP,GY,EK,YF,SP,RT,VS,SG,VA,EQ,AG,GG,RS,TV,TG,TP,LA,HN,LG,KF,LS,KY,RR,DG,RG,GD,CS,DD,RD,NG,GN,GT,AV,IC,GE,PD,DC,GK,KG,DE,RY,CE,DR,NY,QG,CD,AY,GR,AD,YA,EC,GS,RA,EG,RK,NC,CK,VD,VR,PAAC14,PAAC4,PAAC25,PAAC26,PAAC11,PAAC19,PAAC22,PAAC52,PAAC5,PAAC32,PAAC12,PAAC51,class
0.03968254,0.048840049,0.120433561,0.125786164,0.075954861,0,0.137362637,0.041852679,0.067204301,0.065832785,0.115740741,0.054253472,0.148148148,0,0.154320988,0.054200542,0.073260073,0.115517905,0.02313476,0.11148272,0.101867572,0.124007937,0.046750818,0.084015963,0.022426553,0.099304866,0.082034454,0.031446541,0.075604839,0,0.09057971,0.12345679,0.137362637,0.067750678,3.256213628,2.218750959,2.289315565,4.657577349,2.524149307,2.298053045,1.936957912,3.247922366,2.339473292,3.377917447,4.799788981,1.556360715,4.336711923,3.287559936,1.155624187,3.349375622,2.302268128,2.487604292,2.333423832,1.784762711,2.325640207,1.397098577,2.649668672,0.72696597,1.158627872,3.158282712,3.287352473,1.599773128,1.800281923,4.764221149,3.052677318,4.547063738,3.929936345,1.049239899,1.07925556,3.409212126,3.678365616,0.766,1.05,1.819,1.721,2.132,0.683,1.735,1.74,0.433,1.715,1.199,1.718,0
0.241545894,0.836120401,0,0.619195046,0.227272727,0,0.641025641,0.277777778,0,0,0.826446281,0.227272727,0.511508951,0.37593985,0,0,0,1.503759398,0.34965035,0.20242915,0.252525253,2.02020202,0.584795322,0.831024931,0,0.23923445,0.55401662,0.309597523,0.555555556,1.538461538,0.394736842,0.483091787,0.384615385,0.793650794,0.745261685,0.398378718,0.910913767,0.449691752,0.277621988,0.211516406,0.312203861,0.635067398,0.684719613,1.948015169,1.505119972,0.354752583,0.622246992,0.512206432,0.067868369,0.40805076,0.443112388,0.2660005,0.392448015,0.112631635,0.329750089,0.237436912,0.529104757,0.04627883,0.750364395,1.314042361,0.346205968,0.621193793,0.147624109,2.32460662,0.743567231,0.778239229,0.334422516,0.104044316,0.058311162,0.368299779,0.662302598,1.732,0.301,1.66,1.697,3.088,1.054,1.642,1.614,0.226,1.745,0.678,1.753,0
0.252525253,0.336700337,0,0,0.173611111,0.378787879,0.132275132,0.115740741,0.106382979,0.062578223,0.1875,0.173611111,0.091827365,0.378787879,0.092592593,0.091827365,0.096200096,0.352941176,0.052910053,0.132275132,0.212765957,0.441176471,0.177304965,0.173611111,0.093370682,0,0,0.363636364,0.11820331,0.526315789,0.231481481,0,0.198412698,0.224466891,3.258986869,1.589345584,2.592931513,2.212384911,0.616771119,2.703354014,2.902521687,1.544556424,1.333889761,1.713978682,3.079974372,0.36161136,1.868607059,1.739856946,0.310799171,1.589191593,2.12408796,2.361548262,1.05096964,0.365320978,1.232384019,0.792308935,1.366108664,0.26555497,1.45379943,2.12026429,2.929862612,2.632034091,0.280197564,4.028743003,2.81925205,1.35583241,3.45390276,0.231035068,0.223164841,1.662010738,2.632020507,0.983,0.834,1.799,1.733,2.144,0.983,1.887,1.742,0.328,1.625,0.804,1.824,0
0.114416476,0.094517958,0.158730159,0.714285714,0.245700246,1.020408163,0.343249428,0.284495021,0.151515152,0,0.41322314,0,0,0.255102041,0.110864745,0.621118012,0.217391304,0.238095238,0.124223602,0.388198758,0.380952381,0.568181818,0.238095238,0.12755102,0.217391304,0.340136054,0.170068027,0.238095238,0.27027027,0,0.193050193,0.212089077,0.352526439,0.174216028,0.853177902,1.824794657,0.872963569,1.288627373,0.382541732,2.001917336,0.915358965,1.217213186,1.479520756,1.752725896,3.217964353,0.286691616,1.675472136,1.862852438,0.230580696,1.759907045,1.637121579,1.966662416,0.480333291,0.133732584,0.761209163,0.405461182,0.724351058,0.19489358,1.091283353,1.215107401,2.024130801,0.971653901,0.117255564,2.811594912,1.2460292,1.3192468,1.308268931,0.230332479,0.188056501,1.888047986,1.438475588,0.981,1.407,1.769,1.588,1.578,0.597,1.683,1.717,0.128,1.606,1.749,1.812,0
0.252525253,0.336700337,0,0,0.173611111,0.378787879,0.132275132,0.115740741,0.106382979,0.062578223,0.1875,0.173611111,0.091827365,0.378787879,0.092592593,0.091827365,0.096200096,0.352941176,0.052910053,0.132275132,0.212765957,0.441176471,0.177304965,0.173611111,0.093370682,0,0,0.363636364,0.11820331,0.526315789,0.231481481,0,0.198412698,0.224466891,3.258986869,1.589345584,2.592931513,2.212384911,0.616771119,2.703354014,2.902521687,1.544556424,1.333889761,1.713978682,3.079974372,0.36161136,1.868607059,1.739856946,0.310799171,1.589191593,2.12408796,2.361548262,1.05096964,0.365320978,1.232384019,0.792308935,1.366108664,0.26555497,1.45379943,2.12026429,2.929862612,2.632034091,0.280197564,4.028743003,2.81925205,1.35583241,3.45390276,0.231035068,0.223164841,1.662010738,2.632020507,0.983,0.834,1.799,1.733,2.144,0.983,1.887,1.742,0.328,1.625,0.804,1.824,0
0,0.438596491,0,0.833333333,0.317460317,0,0.438596491,0.30075188,0,0,0,1.587301587,0.584795322,0,0,0.526315789,0.462962963,0,1,0.297619048,0.48,0,0.428571429,0.382653061,0,0.2,0.357142857,0.555555556,0.342857143,1.785714286,0.204081633,0,0.238095238,0,0.689518159,0.401957528,0.789939831,0.463709125,0.258920782,0.190785501,0.265268907,0.536970576,0.693159204,1.716270621,1.522447573,0.355360073,0.749059612,0.473863407,0.060735051,0.449112081,0.310544849,0.257110548,0.445163295,0.082342663,0.309988617,0.254764714,0.616444266,0.085435134,0.750526027,1.262086163,0.373465565,0.616871326,0.164204754,1.980103821,0.862620064,0.93045914,0.319894096,0.125663982,0.084992342,0.503927094,0.743922497,1.306,0.275,1.706,1.625,2.475,0.688,1.676,1.689,0.138,1.916,0.756,1.812,0
0,0,1.19047619,0,0,0,0,0.694444444,0,0,1,0.833333333,3.333333333,0,1.111111111,1.111111111,0,0.892857143,0.909090909,3.333333333,2.272727273,0,8.333333333,0,1.25,0.649350649,0,1.19047619,0,0,0,0,0.833333333,2.469135802,0.225592274,0.438795897,0.442874717,0.285690145,0.096786227,0.682221465,0.473868196,0.316456656,0.283264799,0.62546623,0.307898588,0.05887785,0.412630997,0.354878753,0.083345573,0.340107625,0.28310989,0.835172934,0.263806556,0.139598137,0.899547601,0.265790113,0.236406594,0.039122601,0.305858308,0.267317662,0.21874012,0.325005514,0.184829199,0.540377498,0.293171105,0.414972942,0.463716671,0.130535154,0.076691379,0.438043755,0.916536924,1.369,0.871,1.807,2.041,1.618,1.12,1.87,1.569,0.498,1.713,1.12,1.561,0
10,0,6.25,0,0.363636364,0,0,0,0.699300699,2.564102564,0.826446281,1.090909091,0,0,1.298701299,0,0,0,1.020408163,1.19047619,0,0,0.641025641,2.083333333,0,0,1.041666667,0,0.615384615,0,0.666666667,1.428571429,1.714285714,0,0.117289566,0.310671973,1.161461723,0.28143419,0.066765797,0.407224957,0.594587783,0.212037682,0.15828084,0.704378602,0.591102941,0.437390035,0.549891707,0.243477626,0.114267534,0.479450755,0.224116862,1.00678069,0.107573362,0.029683589,0.243449417,0.084149175,0.933720072,0.017755746,0.260058356,0.167472681,0.998762108,0.256193649,0.097643821,0.315510362,0.273166621,0.543578396,0.248867867,0.052630174,1.210327094,0.416140157,0.376052454,1.191,0.834,1.702,1.843,2.978,0.357,1.884,1.646,0.357,1.771,0.834,1.87,0
0.461538462,0.256410256,0,0,0.096711799,0.694444444,0.4,0.085106383,0.20661157,0,0,0.290135397,0,0.284090909,0.313479624,0,0.37037037,0,0.384615385,0,0.174825175,0,0.41322314,0.20661157,0.222222222,0.887573964,0.34965035,0,0.096711799,0,0.386847195,0.132625995,0.425531915,0.215517241,0.468352159,2.053390252,0.807772525,1.156391342,0.55253988,1.461491789,0.613859259,1.190631077,1.046782187,1.573977791,2.60508691,0.34247876,1.50684633,1.629361632,0.271658502,1.795970603,1.554046436,1.233820622,0.519925477,0.143501312,0.660209609,0.702641222,0.597405111,0.20750304,0.831061985,1.051991234,1.61106629,0.818292512,0.143694433,2.561638966,0.957642889,1.072159933,1.153883245,0.30356079,0.260880419,1.465021617,1.411673172,1.195,1.379,1.833,1.716,2.206,0.781,1.675,1.774,0.414,1.693,1.333,1.827,0
0,0.19047619,0,0.549450549,0,0,0.571428571,0.238095238,0,0,0,0.833333333,0.340136054,0,2.5,0.865800866,0,0,0.857142857,0.266666667,0,0,0.888888889,1.777777778,0,0.549450549,0.512820513,0.549450549,0.666666667,3.125,0.444444444,0,0.266666667,0.909090909,0.46087311,0.290017963,0.393649668,0.174264428,0.118827308,0.063940381,0.124833688,0.377598087,0.48595136,1.471540235,1.56825782,0.212389488,0.392715472,0.215745466,0.043704701,0.482433994,0.273125699,0.157959447,0.478364394,0.018052592,0.169564007,0.183870074,0.302458864,0.012211983,0.415886973,1.401884294,0.125037355,0.708234268,0.084624027,1.866874031,0.533321922,0.6110753,0.271125267,0.041223248,0.067283966,0.454693357,0.516066683,1.861,0.266,1.664,1.724,2.747,0.975,1.724,1.619,0.354,1.725,0.886,1.488,0
0,1.136363636,0,0,1.282051282,1.785714286,1.652892562,1.398601399,0,0,0,1.282051282,0,0,2.777777778,0,0,0,0,0,2.5,0,6.25,0,2.272727273,0,0,5.555555556,0,0,0,0,1.398601399,0,0.213806032,0.483342096,0.063757024,0.203686557,0.02770226,0.603536913,0.198865481,0.192457457,0.288520941,0.430235378,0.229928773,0.023738553,0.179628305,0.120183254,0.068751076,0.628966837,0.239403826,0.671975502,0.180913042,0.020155546,0.454354237,0.115314097,0.110109695,0.037885639,0.394620657,0.395115774,0.219049963,0.188207447,0.044146225,0.379417837,0.227968915,0.237521933,0.622500385,0.046042273,0.053575858,1.156305801,0.506906578,1.191,1.043,1.762,1.947,2.085,1.191,1.995,1.707,0,1.463,0.894,1.337,0
1.428571429,1.111111111,0,4.166666667,1.26984127,0,0,0,0.476190476,0.892857143,0,0.952380952,0,0,0,0,0,0,0.740740741,1.01010101,0.476190476,0,0.324675325,0.826446281,0.694444444,1.111111111,0.757575758,0,0.340136054,0,1.298701299,0,0.529100529,0,0.714897094,0.476169356,0.565178483,0.053209085,0.165398627,0.546179787,0.721269933,0.31416687,0.169170789,0.772977486,0.979898517,0.053476058,0.292710756,0.175206161,0.034301992,1.398327091,1.153825853,0.818483731,0.349075509,0.06878154,0.92290415,0.092651432,0.291069074,0.078864023,0.369755276,1.007063969,1.22653477,0.367103125,0.032570857,0.537380461,0.518399066,0.56675877,0.355280368,0.802966514,0.095070108,0.339211921,0.48844939,0.872,0.436,1.682,1.712,1.919,0.174,1.864,1.64,0.174,1.819,0.959,1.879,0
0.226244344,0.524475524,0.512820513,0.740740741,0.203252033,0,0,0.717360115,0,0,0,0.203252033,0.213675214,0.454545455,0,0,0.252525253,0,0.454545455,0.454545455,0,4.166666667,0,1.5,0.649350649,0,0.333333333,1.481481481,1.045296167,1.282051282,0.243902439,0,0.66518847,0,0.58409053,0.395183074,0.553290314,0.405662002,0.20989064,0.181630542,0.211209604,0.621271412,0.611246184,2.139948893,1.473608423,0.227931411,0.593583997,0.479108356,0.040183755,0.490510501,0.445004284,0.217606639,0.409517299,0.063938193,0.289692564,0.346171399,0.496881661,0.022949751,0.768559469,0.98151013,0.368382805,0.668561061,0.093510772,2.158981464,0.420523644,0.606797048,0.508646798,0.07114543,0.051287666,0.463503101,0.5351722,2.006,0.386,1.67,1.601,3.24,0.849,1.658,1.7,0.077,1.747,0.771,1.66,0
0.344827586,0.111111111,0.137741047,0.189393939,0.166112957,0.222222222,0,0.123152709,0.132890365,0.10989011,0.270416441,0.083056478,0.625,0,0.310077519,0.166666667,0.277777778,0.174825175,0.069444444,0.256410256,0.089285714,0,0.10989011,0.184911243,0.170940171,0.284090909,0.174825175,0,0.204081633,0.275482094,0.309065934,0,0.079365079,0,2.707070748,3.222206287,1.596263581,2.878391857,1.043664906,3.488203439,2.288024303,4.583520002,2.527581273,3.627787176,2.406802563,1.197632342,3.705139399,2.366206156,0.21244477,1.868837518,2.854263071,3.531351894,0.626026301,0.964519078,2.102048324,0.798955001,0.996604807,0.262899551,1.710461678,1.488441245,2.974401339,2.519843531,1.496705354,3.490941636,1.867122734,2.494746917,1.588979785,0.110392689,0.14764218,3.096143901,1.58367284,0.579,1.68,1.873,1.74,1.622,0.869,1.813,1.859,0.29,1.784,0.869,1.812,1
0.187969925,0,0.230414747,0,0.179802218,0.595238095,0.067385445,0.050301811,0.144248107,0.075329567,0.181077411,0.119868145,0.111982083,0,0,0,0.200722601,0.211640212,0.209643606,0.176100629,0.107613667,0.199468085,0.18079096,0.124444444,0.167714885,0.302343159,0.158730159,0.050658561,0.190976367,0.111234705,0.150234742,0,0.053149083,0,3.962281123,6.034472414,3.914406893,2.8016522,1.7762313,3.518781543,2.230526893,3.273495755,2.933525854,4.520601237,6.73050504,1.031245754,4.565376106,4.675716508,0.632194476,3.507901474,2.072085853,2.46298992,0.700202881,0.3549833,1.58623853,1.382975279,2.599392725,0.585329818,1.331071268,4.390605516,2.788181107,2.028297967,0.952968858,5.775965892,2.718570648,3.580166505,1.641898466,1.162116138,0.308778577,2.83934969,3.520050612,0.445,1.076,1.706,1.814,1.661,0.491,1.775,1.853,0.398,1.771,0.515,1.891,1
0,0,0,0,0,0,0,1.785714286,0,2.040816327,0,0,0,0,2.857142857,0,5.555555556,0,0,0,0,1.428571429,2.040816327,2.040816327,0,0,2.857142857,0,0,0,1.020408163,0,3.174603175,0,0.069325588,0.726895584,0.062633847,0.852821304,0.05338388,0.213822436,0.89929437,0.068001967,0.235525587,0.412064016,0.473862743,0.111693045,0.220919368,0.089449754,0.012121212,1.057068323,0.076603726,0.835832172,0.021838473,0.030557909,0.313722726,0.077744089,0.19206672,0,0.076105265,0.135466536,1.039686988,0.041106798,0.006060606,0.709631202,0.652732766,0.171730173,0.469340603,0.175075758,0.133330693,0.799211793,0.068134896,0.488,0.651,1.824,1.634,2.278,0.163,1.646,1.555,0.488,1.729,0.814,1.745,1
0.2,0.16,0.175438596,0,0.128205128,0.277777778,0.2,0.205128205,0.119047619,0.285714286,0.347222222,0.256410256,0.470588235,0.126262626,0,0.333333333,0.117647059,0.5,0.3,0.363636364,0.285714286,0.490196078,0.194805195,0.154958678,0.2,0.333333333,0.075757576,0,0.131868132,0,0.20979021,0.2,0.184615385,1.111111111,1.572855534,0.919915246,2.012571487,1.044022413,0.400842276,0.894059702,0.382349659,0.792359506,0.861346441,2.497240081,2.753985236,0.374948701,2.024532033,0.612459126,0.139691092,0.971190086,1.105127057,1.566223697,0.473257663,0.268059864,0.832358163,0.687587947,0.447004727,0.075780917,1.536209199,1.046854178,0.883719389,1.40617308,0.943973108,3.708487296,1.464413333,2.23733999,1.350143652,0.080580528,0.077592631,1.299739554,1.152689361,1.938,0.736,1.719,1.704,2.52,0.698,1.701,1.758,0.155,1.761,0.388,1.731,1
0,0,0.769230769,0,0.530503979,0,0.790513834,0,0.549450549,0.396825397,0.591715976,0.795755968,0,0,0.591715976,0,1.086956522,0.555555556,0,0.668896321,0,0.769230769,0,0,0.241545894,0,0,2.5,0,0,0.530503979,0,0.149925037,0,2.32873184,0.432608949,0.639857192,0.580468475,0.307527167,1.486001081,0.772688141,0.422525321,0.561013976,0.508124424,1.160209779,0.052266593,0.774885519,0.400963116,0.073834292,0.403100789,0.510107845,1.600961983,0.162162469,0.080111418,1.019156927,0.228358989,0.3898604,0.049453085,0.173140428,0.46312498,0.814404678,0.16974077,0.136766464,0.872063961,0.786682297,0.679406367,0.967995288,0.052571771,0.135963993,1.271799643,0.472217367,0.23,1.301,1.848,1.755,2.296,0.23,1.82,1.797,0.153,1.827,1.071,1.854,1
0.032375795,0.04206359,0.037370372,0.018876829,0.036824375,0.024987506,0.031437944,0.032457805,0.028118849,0.027703901,0.042694405,0.032732778,0.044918585,0.008297378,0.030381285,0.063471914,0.033898305,0.019171779,0.035354061,0.033639539,0.026106252,0.033886818,0.043311136,0.04661733,0.021186441,0.033874064,0.023415913,0.042472865,0.03074018,0.008905513,0.030723418,0.034608608,0.041979325,0.014055472,8.342420995,11.65783498,5.840374815,9.099016176,0.907470224,14.03864653,8.601424597,6.297794929,8.044343673,7.584417809,12.58493445,0.880133283,10.68267507,7.313338509,0.812452989,9.430813277,10.67255744,14.72702685,4.911997996,1.050246182,8.999582903,3.961239813,7.302092922,0.991041402,3.84544367,5.548849847,13.48116463,5.190746742,0.709994109,15.80984166,10.09771158,14.99623919,9.298779233,0.648833838,1.046917219,15.3164854,10.88408842,0.825,1.252,1.754,1.814,1.951,0.554,1.725,1.777,0.126,1.701,1.397,1.787,1
0.162037037,0.108401084,0.157894737,0.181488203,0.056179775,0.147928994,0.114329268,0.128745318,0.132275132,0,0.138888889,0.131086142,0,0.16722408,0.111111111,0,0.210260723,0.052631579,0.117543344,0.088370449,0.057372347,0,0.092017483,0.105019954,0,0.110970197,0.038138825,0.090744102,0.071339397,0,0.146555936,0.222222222,0.09591669,0.064102564,2.76392798,4.309630711,2.989665493,5.718694636,1.662598681,1.854847684,1.80460911,2.974293184,2.230008192,7.149963901,7.19676144,0.719567899,3.646028433,1.567047449,0.491723111,4.963932761,4.663225897,2.477559306,1.060321406,0.334181362,1.719621731,0.768293295,1.773199535,0.240417181,1.603030271,3.192390969,5.422989305,1.428131073,0.467899066,5.016513664,5.103783394,3.546728815,1.795585155,0.265463729,0.239525567,2.778961613,2.770783269,0.913,1.035,1.722,1.674,1.826,0.527,1.819,1.681,0.568,1.696,1.217,1.705,1
0,0,0.21978022,0,0.043290043,0.680272109,0.152439024,0.056818182,0.205254516,0.098522167,0.170068027,0.12987013,0.347222222,0.140056022,0.079365079,0,0.27100271,0.244897959,0.051894136,0.179340029,0.2567865,0.595238095,0.076064909,0.08650519,0.139372822,0.121580547,0.210084034,0.158730159,0.219435737,0,0.187165775,0.208333333,0.177383592,0,3.286452173,3.55596655,2.145171121,3.274597899,1.125679219,3.668227197,2.382921184,5.035546928,2.833597074,3.843739483,2.514661305,1.14877983,4.024747562,2.416927014,0.254238495,2.213683497,3.325453599,3.786941718,0.640883515,0.992253022,2.348270071,0.751676975,1.171133272,0.299949405,1.822908902,1.884934933,3.317915865,2.6842935,1.523452075,3.877033312,2.273314226,2.69780638,1.840684906,0.119400973,0.16320566,3.476629284,1.735054247,0.438,1.124,1.751,1.744,1.507,0.576,1.794,1.872,0.192,1.838,0.822,1.743,1
0,0,0.162337662,0.865800866,0.378787879,0,0.274348422,0.132275132,0.14781966,0.286944046,0.183654729,0.216450216,0.288600289,0.104166667,0.252525253,0,0.088183422,0.267379679,0.198412698,0.231481481,0.087108014,0,0.228658537,0.09765625,0.108932462,0,0.142045455,0.432900433,0.261324042,0.324675325,0.223214286,0.252525253,0.198412698,0,2.125499033,2.610766118,1.088753682,1.828449128,1.266515342,1.82869337,1.681123631,4.516775607,2.285024482,2.984086449,2.043559758,1.149172933,2.434280478,2.0897289,0.190065457,1.335176604,2.39606114,1.73243935,0.537363598,0.915240002,1.50649256,0.743283511,0.784848145,0.253253555,1.271782477,0.838948243,2.313442321,2.43244562,1.473255026,2.463014156,1.299281121,1.548017322,1.227125314,0.098869766,0.127047154,2.824551809,1.337259506,1.216,1.069,1.758,1.765,2.063,1.105,1.834,1.763,0.295,1.788,0.442,1.755,1
0,0.362318841,0.534759358,0.210084034,0.27173913,0,0,0.869565217,0.25,1,0.1953125,0,0.595238095,0,0.3125,0,0.388198758,0.245098039,0.135869565,0,0.5,0.446428571,0,0.73964497,0.362318841,0.183823529,0.226244344,0.105042017,0.52173913,0,0,0.416666667,0.472589792,0.833333333,1.793107364,2.139897296,0.791140406,2.237019263,0.099107028,2.37837943,0.600499226,1.939296088,1.954647098,2.16687972,1.383798531,0.086752961,2.303521226,2.211850941,0.132108604,2.24176549,2.176892947,2.54574991,0.093580738,0.027708308,0.578097563,0.40268162,1.696444452,0.015477053,0.934642324,1.17882145,1.850535971,0.337242919,0.044347917,2.887938333,0.474491977,2.759097641,1.278066957,0.018825812,0.05119885,1.133331378,0.268877449,0.364,1.882,1.672,1.732,1.517,0.364,1.601,1.615,0,1.632,2.428,1.684,1
0.067934783,0.038109756,0.159489633,0.062656642,0.107204117,0.505050505,0.212089077,0.148221344,0.124131082,0.048732943,0.213599146,0.042881647,0.074404762,0,0.117924528,0,0.174216028,0.097465887,0.103348491,0.22172949,0.156110616,0.043878894,0.079744817,0,0.090334237,0.133809099,0,0.125313283,0.134569378,0,0.137741047,0.130208333,0.055432373,0.252525253,1.344089068,1.563805669,2.125302936,2.33646737,1.169504433,3.047838539,2.616929531,1.589996365,1.71803593,2.321155013,7.217215481,0.597525375,4.158557442,3.41956738,1.299650401,1.986933393,2.160354415,4.286682655,0.810459285,1.086923306,2.693487825,1.790554971,1.521424382,0.135734671,1.538743338,1.580931277,4.345590587,3.296579958,0.909637435,3.305564966,4.30238494,1.825217488,2.795503681,0.977811872,0.53546677,3.702851886,3.951941677,0.782,1.114,1.751,1.777,2.086,0.782,1.726,1.775,0.379,1.843,1.138,1.757,1
0.142857143,0,0.292397661,0.4784689,0.396825397,0.37593985,0,0.163265306,0.111111111,0.222222222,0.308641975,0.396825397,0,0.20242915,0.154320988,0,0.324675325,0.292397661,0.334821429,0.549450549,0.25,0.277777778,0.153846154,0.147928994,0,0,0,0.23923445,0.342857143,0,0,0.138888889,0.306122449,0,0.916778717,1.523792856,1.281383792,1.933234087,0.194243221,0.498911117,1.219545891,1.561787447,0.98973129,0.642636345,3.45753495,0.291407042,1.326338443,1.457746464,0.037596833,2.904943418,1.793714197,1.415158321,2.333958111,0.216695704,1.223379541,0.982329264,0.337141309,0.033308505,0.132694738,1.164072529,1.151164273,0.441750421,0.142498298,1.61244202,1.223472385,2.397308651,1.131899837,0.071103964,0.198110059,0.627036309,3.801060024,0.874,0.75,1.869,1.792,1.457,0.791,1.738,1.655,0.208,1.737,1.499,1.635,1
0.068965517,0.081632653,0.219941349,0.139146568,0.15625,0,0.123152709,0.206896552,0.067934783,0,0.048828125,0.078125,0,0.130208333,0.100806452,0,0.124947938,0.056818182,0.057758953,0.212585034,0.164068909,0.126689189,0.09057971,0.086805556,0.12755102,0.085763293,0,0.278293135,0.202898551,0.153609831,0.166666667,0.193548387,0.112244898,0.151209677,2.131346924,2.153709228,1.354170075,2.453254767,0.96155484,3.049288652,2.173985091,1.732758499,2.077848013,2.127617576,6.063432731,0.999674771,3.606325072,3.1335938,0.804119503,2.754608733,2.710669275,2.910782399,0.839140104,1.381747406,1.996766612,1.02958037,1.766778282,1.33636255,1.976324178,1.902622313,3.356416724,2.56544194,1.649901463,4.860459432,3.11845481,2.784151843,3.762479684,0.396992688,0.69884549,3.543122367,3.260789299,0.516,1.364,1.746,1.825,2.087,0.661,1.836,1.744,0.269,1.702,1.281,1.731,1
0.27173913,0.227272727,0.322580645,0.289855072,0.116550117,0,0,0.131752306,0.238521169,0.290697674,0.394477318,0.194250194,0.815217391,0,0.213675214,0,0.395256917,0.138888889,0.227272727,0,0.363372093,0.213675214,0.136798906,0,0.151515152,0.3125,0,0.434782609,0.070472163,0,0.267379679,0.347222222,0.220385675,0.438596491,2.133351731,1.176865718,1.545548795,2.459057596,0.379325032,2.186241109,1.78351326,1.59825463,1.872308001,1.878305962,2.696925321,1.064838649,1.773373525,1.666276097,0.024740429,1.015054595,2.846516457,1.641621756,1.461765428,0.424403746,0.978826805,0.556840058,1.862643288,0.536366408,0.65229889,1.020406324,2.115735619,0.621835012,0.044962123,2.669158429,1.929788231,1.033423878,1.169521512,0.818772641,0.375922552,1.10023101,1.849136766,0.592,1.147,1.914,1.796,2.48,0.703,1.887,1.79,0.148,1.771,1.332,1.707,1
0,0.253968254,0,0.24691358,0.115207373,0,0.105820106,0.215053763,0.162337662,0,0,0.17281106,0.355555556,0,0.615763547,0.173913043,0.105820106,0,0.128700129,0.122100122,0.184275184,0,0.174825175,0.262984878,0.253968254,0.36036036,0.113960114,0.098765432,0.109970674,0.151515152,0.289495451,0.137931034,0.102406554,0,4.028066946,2.940847936,1.930289006,2.606904263,1.128768105,3.152765108,2.453654177,4.204993238,2.614602976,3.703862095,2.370800973,1.138768885,3.61990422,2.298271535,0.227005121,1.747891778,2.486978974,3.186073922,0.704207697,0.970095511,2.357616149,0.793994257,1.388614622,0.257932114,1.832100909,1.654121812,3.220732134,2.663044829,1.464017592,3.655801161,2.424981743,2.669657249,1.639673251,0.090626148,0.132036011,3.369413725,1.691131557,0.777,1.213,1.757,1.82,1.959,0.715,1.774,1.723,0.218,1.784,0.902,1.757,1
0,1.020408163,1.234567901,0,0,0,0.476190476,0.512820513,0,0,0,3.076923077,0,0,0,0,0,3.703703704,0,0,2.857142857,0,0,0,0,0.793650794,0,0,0,0,0,0,0,1.19047619,0.596745742,0.268128777,0.23301499,0.633688775,0.777284434,0.30680235,0.255150318,0.167224627,0.170167601,0.433836115,0.720467584,2.194469429,0.491769672,0.103078033,0.292693647,0.22996072,0.370484408,0.449174746,0.198034715,1.173242881,0.265924422,0.200347526,0.12831705,0.314978419,0.276512122,0.172545175,0.291040973,0.276035077,0.535323962,0.857863457,0.351531507,0.472613988,0.814697935,0.27418904,1.37037902,0.260277769,0.398976986,1.73,1.112,1.736,1.768,1.606,0.741,1.54,1.8,1.359,1.789,1.853,1.658,1
0.06385696,0.175336061,0.166666667,0.078125,0.265060241,0.421052632,0.062774639,0.11155734,0.043478261,0.065876153,0.12,0.072289157,0.107758621,0.380952381,0.171428571,0,0.211864407,0.075757576,0.069180214,0,0.044365572,0.129032258,0.207039337,0.22675737,0.102722137,0,0.357142857,0.15625,0.130958617,0,0,0,0.122523994,0.228571429,1.715133458,1.881325114,1.812023062,1.934231426,0.696481696,2.377589175,1.715698919,1.57386348,1.364563543,2.937433105,3.741635551,0.39115341,2.909740935,2.380860093,0.345230788,1.93539642,2.209624011,3.604780532,1.134729862,0.836373904,1.505342043,1.587799429,1.644356862,0.609105873,3.336656066,1.36272735,2.886175579,1.798721689,0.55769336,3.680632647,2.781046894,2.641512414,2.165407873,0.498390998,0.353900059,3.491017981,2.689739596,0.758,1.072,1.824,1.84,2.17,0.68,1.846,1.749,0.445,1.816,0.915,1.721,1
0.130081301,0.07390983,0.086956522,0.18115942,0.025826446,0,0.121212121,0.151515152,0.19206146,0.045433894,0.154958678,0.077479339,0.135501355,0.095785441,0.158562368,0.135501355,0.084175084,0,0.140944327,0.121908743,0.065509335,0.219941349,0.097134531,0.14863258,0.162919518,0.176946411,0.074962519,0,0.128040973,0.285714286,0.137147335,0.170164492,0.057392103,0,2.658811259,3.819700976,2.216001246,5.307741916,1.450124496,1.471295374,1.482750049,2.802088363,1.888167923,7.009825925,6.075980035,0.446841324,3.203367555,1.396359502,0.201991617,4.780371724,4.44469894,2.231106231,1.074499221,0.195709148,1.288897266,0.660223993,1.62195821,0.246005953,1.456354456,3.095828077,4.91531602,1.182936921,0.365608014,4.350863561,3.963841514,2.592531751,1.651940978,0.239709381,0.182847729,2.446391954,2.822025098,0.908,1.085,1.754,1.674,1.949,0.399,1.815,1.755,0.332,1.701,0.953,1.757,1
0,0.232919255,0.275482094,0.071301248,0.070546737,0,0.066137566,0.117577895,0.12345679,0.088652482,0.296296296,0.070546737,0.085251492,0.13986014,0.177777778,0,0.070028011,0.116054159,0.156641604,0.137362637,0.121832359,0.126984127,0.213675214,0.047337278,0.189969605,0.063795853,0.167832168,0.106951872,0.132275132,0.324675325,0.048840049,0,0.113378685,0.181818182,3.294022784,6.215471139,5.055364566,2.522416522,2.284701328,3.274039642,3.05094022,4.024023049,2.47731314,6.432306826,4.196447352,1.034645296,3.731425172,3.422288495,0.695073987,2.546651725,2.769785218,2.343592792,1.385051642,0.575072737,1.106541845,1.547223615,2.970790001,1.20286806,1.60921083,4.906590086,1.72135519,0.841144613,0.938090431,3.637106727,2.413076511,2.353406937,2.509974808,1.991311086,0.66500858,2.140732388,4.369242626,0.546,1.02,1.604,1.769,1.519,0.522,1.732,1.802,0.522,1.809,0.593,1.773,1
0.909090909,0.649350649,1.111111111,0,1.136363636,0,0.357142857,0.227272727,1.5625,0.568181818,0,0.378787879,0,0,0,0,0,0.606060606,0,1.428571429,0,2.083333333,0.625,0,0,0.952380952,0.666666667,0,0.284090909,1.666666667,0,0,0.649350649,0,1.642561617,0.443497195,2.202936205,0.573609222,0.210522891,1.249443933,0.220632261,0.306026284,1.106149681,0.603879435,1.161033673,0.319306586,1.305100089,0.217328254,0.046971434,0.489487718,0.370922047,0.939084391,0.482752299,0.159785134,1.407874257,0.355107514,0.533750864,0.037028796,0.829743789,1.065007255,1.09105514,1.45400893,0.031547443,0.617373132,0.954669541,0.089743388,0.70063076,0.200371982,0.054468704,1.093185224,0.744620107,0.924,0.756,1.757,1.88,1.848,0.588,1.724,1.709,0.504,1.647,1.26,1.768,1
0.067613252,0.082760377,0.032175032,0.071073205,0.037250885,0.096153846,0.059710405,0.077927138,0.04995005,0,0.072455018,0.102439933,0.087796313,0.068376068,0.076312576,0.030165913,0.077534406,0.151975684,0.048355899,0.108225108,0.032237266,0.054945055,0.033670034,0.049382716,0.082895828,0.050658561,0.119047619,0.053304904,0.038520801,0.09009009,0.094161959,0.068082789,0.093550517,0.128205128,5.827826718,11.64919631,5.408386572,8.28432234,2.996760652,11.35530107,6.394155518,5.982043794,6.241799686,7.009406017,6.575412056,0.928669427,6.91902564,5.844736035,3.284772532,8.63294485,5.868896245,8.860561696,1.791887963,3.47507819,5.236245854,2.470757721,4.872266851,3.451072392,4.588879567,6.608555732,6.200535407,2.774152339,4.215619468,9.140393103,4.389530852,7.727920104,6.630549968,2.69325214,2.862466555,7.326664869,3.70476018,1.331,1.383,1.779,1.776,1.54,0.848,1.801,1.715,0.496,1.762,0.939,1.818,1
0,0.069252078,0.087912088,0.088888889,0.102197241,0.324675325,0.111193477,0.136742787,0.161117078,0.116618076,0.138504155,0.076647931,0.233918129,0,0.114416476,0.4784689,0.175438596,0.228571429,0.085812357,0.138504155,0.221827862,0.03869969,0,0,0.07518797,0.086956522,0.052631579,0.177777778,0.118882504,0,0.153295861,0,0.089422586,0.098814229,2.526148938,1.81860186,1.353834418,3.241732964,1.235513059,1.741764868,3.553944407,2.220022775,4.370429478,2.364480471,7.237007196,1.486865564,2.720097611,3.155838844,0.597189368,1.98327499,1.64253513,3.310674822,1.334750092,0.494097805,0.981982263,0.833977685,1.975021658,0.118270983,1.699023601,1.302100639,4.807591554,2.130695316,2.64681694,4.254296552,6.335314698,1.321810825,3.16587116,0.191248338,0.947952256,2.73121468,4.442188152,0.48,0.984,1.823,1.666,2.471,0.528,1.807,1.703,0.336,1.68,1.104,1.675,1
0.025459722,0.021493213,0.017920391,0.025220192,0.02092488,0.048076923,0.018542199,0.028898811,0.027233115,0.037136067,0.027863512,0.022232685,0.01699488,0.025495338,0.034188034,0.029005685,0.021126761,0.028174305,0.020631068,0.022727273,0.023795926,0.013849319,0.04456328,0.038739669,0.022727273,0.030089064,0.028174305,0.029100221,0.019386286,0.018896447,0.0144453,0.020884093,0.020480226,0.039447732,10.0364874,13.56059027,8.038112027,11.35733708,2.243295885,15.33260726,10.54660164,9.325731759,10.63744527,11.3394959,15.92914331,2.041690198,12.20341717,10.76664548,1.77308389,12.03049145,13.56539562,17.11782711,7.287381941,1.863034666,10.69852547,6.118922049,10.82633598,1.823121594,5.798744348,7.592416195,15.53184061,6.939655595,1.684394316,19.3909447,10.99529481,16.98888121,12.69754995,1.214077011,1.645744266,17.39506852,13.73411627,1.047,1.161,1.739,1.765,1.677,0.739,1.674,1.742,0.189,1.669,1.54,1.742,1
0.01156738,0.102040816,0.086515882,0,0.097902098,0,0.090225564,0.02944424,0.093333333,0.126984127,0.07,0.104895105,0.043094161,0.090073861,0.068627451,0.090073861,0.014005602,0.085338795,0.036818851,0.125588697,0.054982818,0.058823529,0.073260073,0.060379181,0.045351474,0.077596719,0.082712986,0,0.074592075,0.049975012,0.069161608,0.107735402,0.06993007,0.032144005,5.830033137,12.68551178,5.330575709,9.190949766,3.293601471,13.73753259,6.473073915,6.426569731,6.677060621,7.242947238,6.989039201,1.056202085,7.784381268,6.134537879,3.362454883,9.451234405,6.083088418,10.88512832,1.820316022,3.41296256,5.665281132,2.507536068,4.893826313,3.187044363,4.772432144,6.129279492,7.065838407,2.926074767,4.135271531,9.353099297,4.390225743,8.328037825,6.448676867,2.809553536,2.936943536,7.542629541,3.615777021,1.094,1.605,1.795,1.755,1.7,0.725,1.773,1.791,0.392,1.724,1.213,1.8,1
0,0,0.904977376,1.470588235,0.588235294,0,0.4,0.117647059,0.869565217,0.483091787,0.48,0.117647059,0,0,0.210526316,0,1.25,0,0.294117647,0,0.511508951,0.148148148,0,0,0.833333333,0.692041522,0,0,0.255754476,0,0.294117647,0,0.147058824,1.052631579,1.781917717,0.743905956,0.857202589,0.928318992,0.079746362,1.739876721,1.856274815,0.387065183,0.333306977,1.352880773,1.040584927,0.073857345,0.648272812,0.311563308,0.115429756,0.538663578,0.84804184,2.139631718,0.34589753,0.033309422,2.538332141,0.419439301,1.881379912,0.003642792,0.468839746,0.46883858,1.782388395,0.47652917,0.095826012,0.855088095,0.987091748,0.784533042,2.175193881,0.050823706,0.20229276,1.636494475,0.465964409,0.55,0.917,1.769,1.824,2.14,0.306,1.766,1.709,0.122,1.886,1.223,1.819,1
0.106837607,0.080128205,0.087108014,0.079365079,0.089174246,0,0.067515432,0.073486185,0.051659563,0.118906064,0.126246686,0.053504548,0.085470085,0.101214575,0.057620282,0.147928994,0.092592593,0.041050903,0.083333333,0.054824561,0.045977011,0.119531437,0.136116152,0.069252078,0.089798851,0.095238095,0.078320802,0.026455026,0.109469075,0.045167118,0.125313283,0.06574622,0.049603175,0.049309665,2.937682701,8.391671151,4.544553005,6.290539811,1.057451057,5.082405076,3.405818641,3.811166885,3.144502502,4.709769781,6.602488111,1.838836505,4.956373938,5.496049501,0.132881437,4.392115334,3.031638241,4.465711532,2.987944256,1.084798818,4.202495903,1.369588542,2.428867317,0.174089529,2.814093107,3.360040688,6.617952663,5.415847908,0.225869883,5.660353886,3.85226755,6.622363047,5.456616388,0.164007323,2.514489736,2.384162791,3.839076853,1.096,1.18,1.725,1.772,1.749,0.722,1.849,1.78,0.18,1.755,1.082,1.769,1
2.083333333,4.761904762,0.462962963,2.777777778,0.197628458,0,0,0.568181818,0,1.388888889,0.56710775,0.197628458,0,0,0.362318841,0,0,0,0,0,1.041666667,0.915331808,1.515151515,0,1.19047619,0,0,0,1.515151515,0,0.41322314,0,0,0,1.698217951,0.893208289,0.624632565,0.820993786,0.034415022,1.727827783,0.828150036,0.445681828,0.708591845,0.707454136,1.039521212,0.153675686,0.92676389,0.34473869,0.099419989,0.525988434,0.351689872,1.929521347,0.170401904,0.072985126,1.169341322,0.192403309,0.680585103,0.022454041,0.183543649,1.047435239,1.439241477,0.264900449,0.029265454,0.848946835,0.819233258,0.540049467,1.145851589,0.082826837,0.009637378,1.021236797,0.846143959,0.341,1.874,1.845,1.978,1.874,0.256,1.807,1.838,0.17,1.766,1.022,1.908,1
0.018615041,0.112517581,0.071199715,0.076080341,0.111245955,0,0.130718954,0.028555111,0.072916667,0.083333333,0.108506944,0.07079288,0.06124949,0.10051935,0.076219512,0.053864799,0.071684588,0.065513627,0.061728395,0.104986877,0.088888889,0.084459459,0.078740157,0.099200198,0.12345679,0.041928721,0.081711484,0.045648205,0.106796117,0,0.08409143,0.030873726,0.03236246,0.034596091,5.851739016,12.26446646,5.586795935,8.704508564,3.248848404,11.48574396,6.584434588,6.317535785,6.461772947,7.436295773,7.117671191,0.90562855,7.31007022,5.924241155,3.452880575,9.756694743,6.261431833,10.06603976,1.915068988,3.376943891,5.315775294,2.51023137,5.25435995,3.289990995,4.7520968,6.727829263,6.899070879,3.079089051,4.256904087,9.680645863,4.587236688,8.437105824,6.884707363,2.603043549,3.039867913,7.64006153,3.952158389,0.895,1.552,1.856,1.829,1.167,0.532,1.758,1.797,0.351,1.755,1.393,1.86,1
0,0,0.268817204,0.089605735,0.098039216,0,0.205902539,0.096774194,0.153787005,0,0.192233756,0.176470588,0.132275132,0.233100233,0.186741363,0.216450216,0.295508274,0.104058273,0,0.163666121,0.204858063,0.273597811,0.050276521,0.06574622,0.343170899,0.28887819,0.082712986,0,0.117647059,0.219298246,0.153846154,0.113378685,0.106382979,0.108225108,1.618280214,1.369241491,1.448291375,1.421300432,1.485241432,2.206910116,3.078713936,1.036596853,1.056782425,1.516366498,5.182848584,0.736880134,2.888535977,2.72810894,0.817836889,1.84162633,1.501093039,3.617925515,1.339062394,0.928988405,2.171108178,0.666616543,1.339125432,0.631981337,1.712898998,1.470810085,2.78920263,2.003442327,1.026947432,2.427299367,3.156438205,2.325212443,1.971919509,0.907256477,0.696746699,2.781620386,3.669736533,0.549,0.916,1.821,1.878,2.616,0.576,1.854,1.828,0.576,1.788,1.099,1.697,1
0,0.555555556,0.952380952,0,0.446428571,0,0.793650794,0,1.465201465,0.530503979,0,0,0,0.694444444,0,1.25,0.264550265,0.689655172,0.653594771,0.617283951,0.150829563,0,0.142450142,0.308641975,0.191570881,0.784313725,0.740740741,0,0.641025641,0,0.173611111,0,0.347222222,0,1.575848016,1.042308999,2.118485681,0.975335647,0.796400856,1.106703652,0.964285636,0.989740865,0.964364116,1.28135337,1.233316149,0.766303858,0.818275763,0.770090972,0.606499026,1.0811719,0.859919175,1.57570516,0.440010486,0.36483202,0.868388034,0.790487019,0.551782606,0.977442376,0.986451293,1.599660076,0.748858528,0.689073333,0.396206423,2.349607292,0.797496742,0.757543987,0.713202545,0.164540864,0.262103557,0.580928226,0.880435304,0.612,0.857,1.742,1.864,1.959,0.49,1.782,1.877,0.49,1.671,0.245,1.882,1
0,0,0.699300699,0.480769231,0.178253119,1.785714286,0,0.346020761,0.055432373,0.304878049,0.309917355,0.267379679,0,0,0.213068182,0,0.431034483,0.641025641,0.202839757,0.481154771,0.143472023,0.181818182,0.22688599,0.32449973,0,0.226244344,0,0,0.143472023,0,0.09119927,0,0.135226504,0,1.269481886,1.276590403,1.194932946,2.055439704,0.916812658,1.867144564,1.320486953,1.828470112,0.96991716,1.2665305,2.465921593,0.218857531,2.121545948,1.405475584,0.238595344,1.76016751,1.352629113,2.141170227,0.550008527,0.534599497,1.171848958,0.410780886,1.123638695,0.284362819,0.74023236,2.057871123,1.745822778,0.493708383,0.490100582,2.510463143,2.035773019,2.007443205,1.733504891,0.217261158,0.333526236,2.032388602,1.363885416,0.198,1.148,1.697,1.809,2.019,0.356,1.694,1.739,0.277,1.779,1.346,1.807,1
0.086943921,0.058761312,0.147411093,0.039192632,0.101626016,0.069444444,0.122314808,0.094719394,0.073964497,0.065189048,0.06574622,0.085991245,0.023691068,0.032552083,0.084345479,0.093283582,0.074990626,0.041849759,0.108607114,0.049212598,0.044208665,0.103950104,0.090144231,0.09765625,0.093420526,0.09933305,0.038580247,0.039192632,0.105534709,0.102933608,0.085746951,0.17674784,0.062415978,0.082236842,4.542074385,4.393518587,3.633418663,3.694056312,1.005161665,4.69884857,3.787660682,2.880021695,2.643910507,5.642603851,5.424773622,1.045789539,3.84040625,4.253942902,1.16611355,3.210181449,3.421589892,5.364635788,2.33243685,0.72223263,6.394141365,1.074774205,2.466205933,0.939850577,2.387353521,3.964098818,6.431520198,2.813671244,0.668813057,7.503675846,6.551666701,3.396923172,3.245384416,0.561023831,0.697120201,4.125167004,6.861645698,0.947,1.06,1.812,1.782,2.319,0.679,1.78,1.736,0.212,1.695,1.089,1.784,1
1.111111111,0,0,0,0.784313725,0,0.555555556,1.176470588,0,1.234567901,0.444444444,0.784313725,0,0,0.606060606,0,0,0,0.595238095,0,0,0,0,0,0.925925926,0,0,0,0.653594771,0,0.980392157,1.515151515,0.490196078,0,0.303989584,0.020586316,0.862349972,0.075036591,0.216592394,0.528210725,0.214613156,0.038998568,0.339108133,0.103616785,0.275330761,0.068820844,0.969196008,0.113758757,0.007710697,1.058380282,0.230451759,1.191725088,1.801386523,0.953377967,0.745175249,0.001276088,1.027827552,0.01012922,1.105437263,0.060715729,0.19965778,1.055013337,0.016822468,0.835172845,0.492026113,0.05654841,0.540100957,0.003310382,0.045403736,0.206150579,0.729277772,0.625,0.625,1.91,1.926,1.77,1.041,1.985,1.597,0.416,1.899,1.145,1.812,1
0.248138958,0.128205128,0.245700246,0.189393939,0.184672207,0,0.161290323,0.113186191,0.328947368,0.227272727,0.27700831,0.046168052,0.641025641,0.595238095,0,1.282051282,0.208333333,0.20661157,0.215053763,0.238095238,0.161290323,0.228832952,0,0,0.075757576,0.146627566,0,0,0,0.491400491,0.37593985,0.307692308,0.116959064,0.333333333,2.17555923,1.203000551,1.422784912,1.872141128,0.3686523,2.32484921,1.785175837,1.611630951,1.810451101,2.017342458,2.661095393,1.05814508,1.569921993,1.538148909,0.024704492,1.084695053,2.734027132,1.52822395,1.438220923,0.387537618,0.916498598,0.539103785,1.691226669,0.545161271,0.619149371,1.010166933,2.004352835,0.661421279,0.047819831,2.519724902,1.946799225,1.049619382,1.162677549,0.866027259,0.378486359,1.039497202,1.783274926,0.525,0.97,1.701,1.783,2.385,0.485,1.805,1.831,0.202,1.818,1.011,1.724,1
0.248138958,0.128205128,0.245700246,0.189393939,0.184672207,0,0.161290323,0.113186191,0.328947368,0.227272727,0.27700831,0.046168052,0.641025641,0.595238095,0,1.282051282,0.208333333,0.20661157,0.215053763,0.238095238,0.161290323,0.228832952,0,0,0.075757576,0.146627566,0,0,0,0.491400491,0.37593985,0.307692308,0.116959064,0.333333333,2.17555923,1.203000551,1.422784912,1.872141128,0.3686523,2.32484921,1.785175837,1.611630951,1.810451101,2.017342458,2.661095393,1.05814508,1.569921993,1.538148909,0.024704492,1.084695053,2.734027132,1.52822395,1.438220923,0.387537618,0.916498598,0.539103785,1.691226669,0.545161271,0.619149371,1.010166933,2.004352835,0.661421279,0.047819831,2.519724902,1.946799225,1.049619382,1.162677549,0.866027259,0.378486359,1.039497202,1.783274926,0.525,0.97,1.701,1.783,2.385,0.485,1.805,1.831,0.202,1.818,1.011,1.724,1
0.03739978,0.026289846,0.046405369,0.023173897,0.035950532,0.014688602,0.039379769,0.024774279,0.024467825,0.033415014,0.032846606,0.037748059,0.022526581,0.046598322,0.040362643,0.011324173,0.041113219,0.034311203,0.035273369,0.057471264,0.031588091,0.056921676,0.025733402,0.059453032,0.035118525,0.033448884,0.019817677,0.032443456,0.029457973,0.035696437,0.017014519,0.022219401,0.021929825,0.026873464,8.053615092,10.76516596,5.142543972,8.497719344,0.900225071,13.93023678,8.19719867,5.724837778,7.584347166,7.159649001,11.22941894,0.951098141,9.560207558,6.990407278,0.905448447,8.770400598,9.975263251,14.06474495,4.545125853,0.904024959,8.554655658,3.793443595,6.736177576,0.940501242,3.836410973,4.960808219,12.74336837,5.134976797,0.684335689,14.939174,9.458577886,13.99094942,8.916315949,0.655082582,1.035879217,14.57805551,10.54697789,1.108,1.164,1.79,1.818,1.889,0.916,1.772,1.739,0.26,1.764,1.09,1.725,1
0.657894737,1.041666667,1.111111111,3.333333333,0,0,0,0.956937799,0,0,0,1.515151515,4.166666667,0,1.851851852,2.272727273,2.777777778,2.5,0,0,0,0,0,0,2.083333333,0,0,0,0,0,0,0,0,1.01010101,0.541322717,0.099881557,0.055530082,0.319469594,0.813014057,0.543209286,0.003137569,0.041345511,0.046874923,0.139226909,0.258479351,1.737321007,0.300867296,0.003137569,0.155232798,0.072171614,0.209384307,0.789307819,0.184847992,1.235514057,0.691937569,0.206225073,0.17053363,0.250491245,0.067006875,0.007018079,0.157023701,0.346838263,0.301338977,0.619522851,0.23482804,0.171407502,1.220211306,0.298015507,2.388091245,0.063327901,0.387121961,0.978,0.978,1.721,1.768,1.468,1.468,1.715,1.621,1.345,1.672,2.201,1.872,1
0.323275862,0.161637931,0.151975684,0.332225914,0.031347962,0.267379679,0.14863258,0.156739812,0,0.56710775,0.178359096,0.156739812,0.145348837,0.125156446,0.270453009,0.367647059,0.160384924,0.155279503,0,0.110051357,0.27173913,0,0,0.135808058,0.224887556,0,0.303951368,0,0.316205534,0.354609929,0.193423598,0.06127451,0.12539185,0.057670127,2.747986565,4.027094477,2.148836271,3.486139126,1.400182235,4.727557538,2.536303095,5.261957826,3.165728829,3.882008207,2.663629547,1.191791119,4.013163032,2.720850243,0.261533961,2.609664816,3.520349267,4.473367179,0.884644195,0.986701599,2.345694388,0.947818791,1.344834332,0.295782465,1.663398301,2.079723527,3.635251278,2.814515721,1.556634935,4.502401559,2.249199903,3.103998784,1.964534132,0.144856175,0.163734329,3.354246899,1.73921097,0.837,1.438,1.763,1.778,1.438,0.889,1.739,1.84,0.183,1.703,1.334,1.718,1
0.115207373,0.155279503,0.148148148,0.284900285,0.149328024,0.23923445,0.140252454,0.197498354,0.110864745,0.075757576,0.297441999,0.099552016,0.183150183,0.097465887,0.174216028,0.37593985,0.22296544,0.12345679,0.103519669,0.322061192,0.216450216,0.143472023,0.168350168,0.137174211,0.289855072,0.176366843,0.137174211,0.189933523,0.185528757,0,0.113378685,0,0.266193434,0,3.298042299,3.049427051,1.836302575,3.267357232,1.05687412,3.291876879,2.298956051,4.603438936,2.496743515,3.661407321,2.340771069,1.167763693,3.631898245,2.307569439,0.231984333,2.095260838,3.131661248,3.317766172,0.591082293,0.975187576,2.333078045,0.72456498,1.033644825,0.287556143,1.792600961,1.639999537,3.081090411,2.628274585,1.504277072,3.418950288,2.040279323,2.529371582,1.671089657,0.095144214,0.144889936,3.253063847,1.543773654,0.819,0.994,1.746,1.828,1.433,0.555,1.794,1.81,0.234,1.78,0.819,1.736,1
0,0.172413793,0,0.512820513,0.120048019,0,0.492610837,0,0.280112045,0.216450216,0.230680507,0.240096038,0.384615385,0.416666667,0.350140056,0,0.530503979,0.454545455,0,0.143678161,0.22675737,0.428921569,0.396825397,0.173611111,0,0.158730159,0.138888889,0,0.485908649,0.694444444,0.255102041,0.357142857,0.140745954,0.357142857,0.87524771,1.272862946,0.766824314,1.3841739,0.933242119,1.435186974,0.916209545,0.942160071,1.303035211,1.306644334,1.058244695,0.402331842,1.583001834,0.611941427,1.299729174,1.263232941,1.185663287,2.51566472,1.39692893,0.358450262,1.253836646,0.621845817,0.791595929,0.311565303,0.47554696,1.198162282,1.211652166,0.860870652,1.476121052,2.026186797,1.16587595,1.427572266,1.255050345,0.306671344,0.441331507,1.428278374,0.862673323,0.87,0.994,1.788,1.813,2.03,0.456,1.798,1.808,0.373,1.829,1.201,1.828,1
0,0,0,0,0.793650794,0,0,1.19047619,0,7.142857143,0,0.793650794,0,0,0,0,0,0,0,0,0,0,0,0,5,2.5,0,0,0,0,0,0,0.555555556,0,0.819742794,0.494469509,0.466021179,0.538068336,0.521001823,0.225950928,0.285194518,0.284294324,0.199897471,0.926956592,0.706001201,2.178086875,0.456413289,0.096491513,0.193336665,0.189793112,0.361814343,0.249067657,0.388539423,1.121746763,0.28521555,0.161998773,0.252251459,0.302623312,0.31981706,0.284948414,0.184420148,0.285521227,0.44625298,0.965719526,0.299510096,0.602450033,0.643566284,0.199456377,0.80379129,0.324214708,0.5925713,0.774,0.645,1.671,1.645,2.322,1.29,1.466,1.813,1.677,1.651,1.935,1.673,1
0.529100529,0,0,0,0,0,0.264550265,0.453514739,0,0,0,0,0,0,0.4048583,1.234567901,0.925925926,1.111111111,0.396825397,0.793650794,0.549450549,0,1.098901099,0,0,0,1.428571429,1.666666667,0,1.818181818,0,0,0.264550265,0,1.318488058,0.914941267,2.376710015,0.417350396,0.277684561,0.569558023,0.213323465,0.499421356,1.02081068,1.052667612,1.028497737,0.263815968,0.95393437,0.111860619,0.010793236,0.384395992,0.92503845,0.74526418,0.535738692,0.089435429,1.44933241,0.531726004,0.573528457,0.672404147,0.627052985,1.659309348,0.796139186,0.725475744,0.005895208,0.55600357,0.482800425,0.058255116,1.221129381,0.30603595,0.094872097,1.265267078,0.630956931,0.849,0.679,1.747,1.888,1.783,0.764,1.845,1.916,0.425,1.744,1.699,1.804,1
0,3.03030303,0,0,0.4048583,0,0.606060606,0,0,0,1.108033241,0.809716599,0,2.040816327,0,0,0,1.234567901,0.727272727,1.298701299,0.666666667,0,0,2.040816327,0,0.444444444,0,0,0,0,1.098901099,0,2.097902098,1.020408163,0.940508005,0.845977676,0.39091615,0.876603489,0.457081924,1.247837412,0.740241961,0.239820261,0.184229565,0.845128351,1.124729824,1.687338717,0.52176055,0.464706927,0.413986064,0.239413194,0.45390404,1.354887808,0.398938965,0.781694121,0.599661823,0.123611334,0.152136183,0.430833215,0.421645083,0.223562657,0.579274491,0.422479571,0.531932253,0.964564158,0.461263103,0.740521614,0.697135363,0.259068113,1.394949911,1.106695613,0.603467181,0.267,1.422,1.772,1.532,1.155,0.622,1.842,1.583,1.244,1.651,1.244,1.766,1
0,0,0,0.253378378,0.068681319,0.174825175,0.16025641,0.073964497,0.240384615,0.103950104,0.095663265,0.103021978,0.327600328,0.116550117,0.307881773,0.582750583,0.168918919,0,0.048449612,0.157828283,0,0.093984962,0.116550117,0.183654729,0.168918919,0.218023256,0.047348485,0,0.221893491,0,0.203962704,0,0.16025641,0.132625995,3.229852254,3.404901646,2.159265895,3.408924544,1.106367052,4.233836309,2.505509622,4.821578346,2.816346303,3.747389976,2.578386807,1.170341561,3.997637942,2.492144792,0.258818198,2.147915396,3.233147656,3.967924637,0.727472478,0.993275195,2.461989146,0.829580665,1.192998275,0.320363363,1.880181458,1.939266222,3.487596272,2.686202963,1.506984522,3.825526885,2.905581601,2.744171536,1.765670215,0.133696137,0.162607321,3.544306057,2.092916431,0.865,1.39,1.77,1.769,1.364,0.682,1.747,1.778,0.184,1.736,0.761,1.781,1
0.108225108,0.106837607,0.041356493,0.022492128,0.09469697,0,0.044400044,0.021645022,0.067640693,0.065231572,0.051652893,0.075757576,0.024366472,0.049677099,0.057977737,0.042087542,0.089968511,0.052687039,0.058655941,0.112091915,0.070028011,0.138580931,0.048790008,0.03359312,0.093665847,0.113122172,0.094577554,0.022492128,0.049603175,0.09487666,0.102459016,0.042517007,0.04985755,0.108225108,5.823656442,12.54738897,5.416882674,8.978749885,3.336070713,13.59492649,6.141288207,6.284878573,6.378285363,6.884118597,6.89056767,1.032225636,7.42801077,5.537500001,3.263603588,9.327487906,5.56960683,10.79843749,1.702026603,3.550565992,5.44640379,2.48646637,4.514663747,3.054804169,4.626827898,5.954813123,7.12118038,2.989267375,4.356905011,9.002321938,4.344328892,8.033734056,6.611718708,2.795103435,3.295161874,6.762718594,3.635594906,0.851,1.454,1.869,1.761,1.419,0.78,1.765,1.802,0.414,1.753,1.159,1.804,1
0.03169907,0.06339814,0.064279155,0.057471264,0.059473237,0.083333333,0.083210059,0.008986341,0.054274084,0.074626866,0.082644628,0.02548853,0.170519136,0.029761905,0.01540832,0.036630037,0.033156499,0.092592593,0.048562549,0.111607143,0.060304538,0.063424947,0.013326226,0.071747449,0.080128205,0.101010101,0.079365079,0.095785441,0.069744734,0.029515939,0.066755674,0.111752654,0.062904385,0.098870056,5.915433554,12.86294569,5.306027081,9.722649271,3.48009042,15.08161513,6.146134733,6.516275455,6.756980525,7.358370217,6.962049759,1.071022146,7.88180103,6.389853493,3.38292502,9.590121821,6.101750026,11.23909876,1.796166864,3.487467929,5.623811422,2.616799667,5.071561961,3.239575221,4.753973899,6.391461701,7.642752729,3.180032644,4.260386323,9.533784737,4.535868039,8.429482558,6.530513933,2.805142073,3.296374333,7.216270544,3.676144487,1.058,1.663,1.782,1.791,1.244,0.698,1.773,1.78,0.372,1.74,1.372,1.801,1
0.41322314,0.363636364,0,1.01010101,0.626959248,0,0.545454545,0.313479624,0.699300699,0,0.826446281,0,0,0.714285714,0,0.324675325,0.727272727,0.347222222,0.210526316,0,0.4048583,0,0.384615385,0.25,0.25,0.877192982,0.555555556,0,0.530503979,0,0.344827586,0,0.551724138,0,1.302791101,1.13462445,2.184514444,1.309818184,0.71713223,1.304406977,0.944689085,0.876398972,0.814814019,1.259465626,1.583984403,0.778938855,0.87370483,0.867876505,0.452743305,1.161755178,1.161715463,1.357415977,0.448315587,0.162318621,0.861994987,0.580223755,0.461844192,0.705996892,0.944818562,1.390249686,1.011531976,0.554631353,0.450798426,2.420966384,0.907234698,0.695204237,0.680701593,0.145942836,0.222088992,0.790024823,0.851290796,1.397,1.27,1.904,1.675,1.842,0.889,1.827,1.657,0.508,1.75,0.572,1.725,1
0,0.09057971,0.225225225,0,0.145772595,0,0.197628458,0.061842919,0.176366843,0.238948626,0.113378685,0.19436346,0.378787879,0.069013112,0.216450216,0,0.131752306,0.17921147,0.070126227,0.172532781,0.238948626,0.324675325,0.088183422,0.201562106,0.210378682,0.089605735,0.264550265,0,0.15117158,0.207900208,0.12957564,0,0.088731145,0.263504611,3.177314468,3.574209246,2.162914397,3.11279579,1.120995783,3.412259219,2.179946083,4.774200158,2.693346288,3.890845585,2.44381837,1.083989346,3.856652434,2.297850093,0.226134999,2.223554273,3.233793984,3.78687759,0.728730586,0.99946088,2.151665329,0.776637139,1.259151504,0.270480557,1.788566924,2.085150182,3.149927374,2.552180841,1.396143118,3.893390831,2.455429933,2.675690654,1.792683226,0.092228159,0.130685093,3.303500472,1.427729583,0.672,1.035,1.792,1.831,1.371,0.644,1.697,1.783,0.224,1.735,0.923,1.849,1
0.038376258,0.039729151,0.041276531,0.006799483,0.027631943,0,0.027734305,0.030820244,0.021043771,0.030864198,0.043362922,0.039912806,0.031675641,0.008488964,0.01772107,0.02406932,0.023913763,0.038782238,0.025213948,0.03107009,0.039267016,0.039872408,0.021505376,0.049947971,0.028853216,0.049340753,0.040533694,0.016998708,0.022796353,0.032931568,0.019609766,0.036371416,0.016359989,0.027700831,9.568803381,11.53261707,6.760012863,9.591925248,1.426782464,14.02437809,9.684494879,7.10000937,8.27339459,8.897727838,14.1385996,1.161855845,11.73192339,8.37698021,1.238970321,10.6441879,11.64635365,15.01839887,5.16490168,1.233402715,9.356296999,4.212481914,8.298211376,1.241988774,4.696498878,6.660765109,14.45571655,5.758258289,1.135590434,16.27498657,10.7309508,15.57533076,10.53173888,1.001214848,1.236972985,15.1245546,11.79516417,0.96,1.136,1.779,1.751,1.927,0.451,1.723,1.727,0.146,1.754,1.669,1.77,1
0.098619329,0.027277687,0.040330712,0.037686075,0.100494743,0,0.072740498,0.058275058,0.072886297,0.078064012,0.041649313,0.085034014,0.042034468,0.165837479,0.061842919,0.076540375,0.058132775,0.037686075,0.072910453,0.166360214,0.07788162,0.076530612,0.058788948,0.030483158,0.06975933,0.053711462,0.085142614,0.07537215,0.054112554,0.048732943,0.056116723,0.077700078,0.075220288,0.090456807,5.754503761,11.67427333,5.042061338,8.217001178,3.089064952,10.98078349,6.271802681,6.028990487,6.322506293,6.983861227,6.636772604,0.907755767,6.721547975,6.082946501,3.370014548,8.879810479,5.590696517,9.152320036,1.661192777,3.270682784,5.14915315,2.389082818,4.80835425,3.521120517,4.562066865,6.3518856,6.327539614,2.709425472,4.230318213,9.056830483,4.198727325,7.671976756,6.649785656,2.701885284,2.794417848,7.161356671,3.770058995,1.004,1.339,1.841,1.761,1.699,0.863,1.721,1.762,0.451,1.785,0.85,1.759,1
0.068870523,0.060606061,0.383141762,0.132625995,0.04842615,0,0.136363636,0.231124807,0.102040816,0,0.224489796,0.072639225,0.116550117,0.153846154,0.046838407,0.233100233,0.076923077,0.181488203,0.125,0.2,0,0.136054422,0,0.08,0.315789474,0.107758621,0.137931034,0,0.242130751,0.198412698,0.203389831,0.049677099,0.06779661,0.126103405,2.028651908,4.254534488,1.539694697,3.717272319,1.346197926,6.742395507,2.83505535,5.194608717,2.88312468,3.603484112,2.29531667,1.196870189,3.953542103,2.924101983,0.276698392,2.30840313,3.900272797,5.256633745,0.552986251,1.004692812,2.549961099,0.931695004,1.229066944,0.323939585,1.934522317,1.296143663,3.988003558,2.527634857,1.574726744,3.97808497,1.690957917,3.155271014,1.796537411,0.157057696,0.148832558,3.548042137,1.600048342,0.852,2.556,1.787,1.739,1.523,0.671,1.655,1.762,0.181,1.818,1.575,1.749,1
